Date,Region,FXScore_z,HedgeRatio_next_month
1998-09-01,US,1.4144930411648362,
1998-09-01,GB,0.9451844604177124,
1998-09-01,EU,0.5515103091585785,
1998-09-01,JP,-1.1953963681632211,
1998-09-01,CH,-0.407623218342278,
1998-09-01,EM,-0.23522200200667934,
1998-09-01,AU,-1.0729462222289488,
1998-10-01,US,0.9699363557613463,0.0
1998-10-01,GB,0.8441005112820846,0.5
1998-10-01,EU,0.6916007659556898,0.5
1998-10-01,JP,-1.326461867988345,1.0
1998-10-01,CH,0.3184081108570236,0.75
1998-10-01,EM,-0.08315591568189377,0.75
1998-10-01,AU,-1.414427960185906,1.0
1998-11-01,US,0.6536411149524886,0.5
1998-11-01,GB,1.386619316533713,0.5
1998-11-01,EU,0.6466805888673046,0.5
1998-11-01,JP,-1.1456067102395011,1.0
1998-11-01,CH,-0.5315054394454861,0.5
1998-11-01,EM,0.24577006534420207,0.75
1998-11-01,AU,-1.2555989360127213,1.0
1998-12-01,US,0.6127355893590322,0.5
1998-12-01,GB,1.3756897430174522,0.0
1998-12-01,EU,0.9308840359913817,0.5
1998-12-01,JP,-1.1151635797598187,1.0
1998-12-01,CH,-0.8105710986920316,0.75
1998-12-01,EM,-0.011361196019048128,0.5
1998-12-01,AU,-0.9822134938969673,1.0
1999-01-01,US,0.3608864971149755,0.5
1999-01-01,GB,1.4137323491206124,0.0
1999-01-01,EU,0.9789050061227866,0.5
1999-01-01,JP,-0.679050675336906,1.0
1999-01-01,CH,-1.3238291755661937,0.75
1999-01-01,EM,0.08156970198842993,0.75
1999-01-01,AU,-0.832213703443705,0.75
1999-02-01,US,-0.07412438048907304,0.5
1999-02-01,GB,1.8307609611555198,0.0
1999-02-01,EU,0.8073438524990386,0.5
1999-02-01,JP,-0.45873938392596025,0.75
1999-02-01,CH,-0.9870699576550711,1.0
1999-02-01,EM,-0.2581590062011642,0.5
1999-02-01,AU,-0.860012085383289,0.75
1999-03-01,US,-0.1022131518652341,0.75
1999-03-01,GB,1.5042046428105809,0.0
1999-03-01,EU,1.2867472678850718,0.5
1999-03-01,JP,-0.35613413064359045,0.75
1999-03-01,CH,-0.4972718509008849,0.75
1999-03-01,EM,-0.8374531779933317,0.75
1999-03-01,AU,-0.9978795992926112,0.75
1999-04-01,US,-0.22821532346960693,0.75
1999-04-01,GB,0.8977552776980338,0.0
1999-04-01,EU,1.677433561982478,0.0
1999-04-01,JP,-0.2916059530642067,0.75
1999-04-01,CH,0.06088292270578909,0.75
1999-04-01,EM,-1.0673732442951034,0.75
1999-04-01,AU,-1.0488772415573842,0.75
1999-05-01,US,-0.4234497812049104,0.75
1999-05-01,GB,1.0679944259223288,0.5
1999-05-01,EU,1.4413431501134868,0.0
1999-05-01,JP,-0.07616125286072506,0.75
1999-05-01,CH,0.14706165464837107,0.5
1999-05-01,EM,-1.4314612189644689,1.0
1999-05-01,AU,-0.7253269776540823,1.0
1999-06-01,US,-0.6855558788288643,0.75
1999-06-01,GB,1.6670032477344665,0.0
1999-06-01,EU,1.0930492347914782,0.0
1999-06-01,JP,-0.18161658833929992,0.75
1999-06-01,CH,-0.16308487394576598,0.5
1999-06-01,EM,-0.8464611601081031,1.0
1999-06-01,AU,-0.8833339813039118,0.75
1999-07-01,US,-0.9167109077475918,0.75
1999-07-01,GB,1.5325107629900505,0.0
1999-07-01,EU,0.9896616279243218,0.0
1999-07-01,JP,0.5057894578501548,0.75
1999-07-01,CH,-0.48698400431658895,0.75
1999-07-01,EM,-0.7133311450250519,0.75
1999-07-01,AU,-0.9109357916752944,0.75
1999-08-01,US,-1.1711336103478185,0.75
1999-08-01,GB,0.8466084278097399,0.0
1999-08-01,EU,-0.04156996618942789,0.5
1999-08-01,JP,1.5223186156574902,0.5
1999-08-01,CH,-1.2552802246150194,0.75
1999-08-01,EM,0.1266115938695482,0.75
1999-08-01,AU,-0.027554836184512484,0.75
1999-09-01,US,-0.8608442844296772,1.0
1999-09-01,GB,0.12958993589415208,0.5
1999-09-01,EU,0.01740196339032575,0.75
1999-09-01,JP,1.810632451916417,0.0
1999-09-01,CH,-0.534778054222968,1.0
1999-09-01,EM,-1.1526517860834375,0.5
1999-09-01,AU,0.5906497735351882,0.75
1999-10-01,US,-0.5684021704226072,0.75
1999-10-01,GB,0.2320982312098803,0.5
1999-10-01,EU,-0.06579401538174298,0.5
1999-10-01,JP,1.570271948424038,0.0
1999-10-01,CH,-0.5680338427141844,0.75
1999-10-01,EM,-1.451204297162974,1.0
1999-10-01,AU,0.8510641460475895,0.5
1999-11-01,US,-0.5822610578506845,0.75
1999-11-01,GB,-0.10719989684945111,0.5
1999-11-01,EU,-0.2730940714703357,0.75
1999-11-01,JP,1.6538517540868791,0.0
1999-11-01,CH,-0.1794453729927263,0.75
1999-11-01,EM,-1.4127484166056723,1.0
1999-11-01,AU,0.9008970616819907,0.5
1999-12-01,US,-0.48785055904387903,0.75
1999-12-01,GB,-0.3794205938997261,0.75
1999-12-01,EU,-0.5577642876304432,0.75
1999-12-01,JP,1.8039888708928247,0.0
1999-12-01,CH,0.06720618754540184,0.75
1999-12-01,EM,-1.210125685311082,1.0
1999-12-01,AU,0.7639660674469038,0.5
2000-01-01,US,-0.6069875388811793,0.75
2000-01-01,GB,-0.3969965803902014,0.75
2000-01-01,EU,-0.17800103854635355,0.75
2000-01-01,JP,1.718924456452579,0.0
2000-01-01,CH,-0.32145538141291385,0.5
2000-01-01,EM,-1.1942556411196357,1.0
2000-01-01,AU,0.9787717238977057,0.5
2000-02-01,US,-0.30367964818757137,0.75
2000-02-01,GB,-0.4495020617047022,0.75
2000-02-01,EU,-0.004308448910721889,0.75
2000-02-01,JP,1.659330970543538,0.0
2000-02-01,CH,-0.9619214633342973,0.75
2000-02-01,EM,-0.9762476526893404,1.0
2000-02-01,AU,1.0363283042830957,0.5
2000-03-01,US,-0.21828706269551526,0.75
2000-03-01,GB,-0.5165506688844013,0.75
2000-03-01,EU,-0.10298438631021958,0.75
2000-03-01,JP,1.563702014364255,0.0
2000-03-01,CH,-0.9637223800248398,0.75
2000-03-01,EM,-0.9470785335371837,0.75
2000-03-01,AU,1.184921017087905,0.0
2000-04-01,US,-0.3152719687960774,0.75
2000-04-01,GB,0.033543929826232596,0.75
2000-04-01,EU,-0.43503612526220103,0.75
2000-04-01,JP,1.417430443335538,0.0
2000-04-01,CH,-1.2372725759886412,0.75
2000-04-01,EM,-0.7382494612763023,0.75
2000-04-01,AU,1.2748557581614515,0.0
2000-05-01,US,-0.06436163580969573,0.75
2000-05-01,GB,0.009428276815500918,0.5
2000-05-01,EU,-0.8061618975361646,0.75
2000-05-01,JP,1.3017560499618126,0.0
2000-05-01,CH,-1.389025068256831,1.0
2000-05-01,EM,-0.32338128628867224,0.75
2000-05-01,AU,1.2717455611140502,0.0
2000-06-01,US,-0.005454268165556357,0.75
2000-06-01,GB,0.1116742379326277,0.5
2000-06-01,EU,-0.9396707468512607,0.75
2000-06-01,JP,1.4065809963844897,0.0
2000-06-01,CH,-1.3213369390407332,1.0
2000-06-01,EM,-0.36758725941017073,0.75
2000-06-01,AU,1.1157939791506044,0.0
2000-07-01,US,0.2684822256469232,0.75
2000-07-01,GB,0.5982170283645871,0.5
2000-07-01,EU,-0.8242069492750901,0.75
2000-07-01,JP,1.1137021135831138,0.0
2000-07-01,CH,-1.214013668605484,1.0
2000-07-01,EM,-1.0138999135650075,0.75
2000-07-01,AU,1.0717191638509573,0.0
2000-08-01,US,0.6452312831887802,0.5
2000-08-01,GB,0.6623470159958951,0.5
2000-08-01,EU,-1.1169498762681347,0.75
2000-08-01,JP,0.7290827992099738,0.0
2000-08-01,CH,-1.1023612629616655,1.0
2000-08-01,EM,-0.941620620603689,1.0
2000-08-01,AU,1.12427066143884,0.0
2000-09-01,US,0.4723154319407444,0.5
2000-09-01,GB,1.2245949034193704,0.5
2000-09-01,EU,-1.0422485996128337,1.0
2000-09-01,JP,0.39372848694053986,0.5
2000-09-01,CH,-0.9172452896512164,1.0
2000-09-01,EM,-1.1110490976126082,0.75
2000-09-01,AU,0.979904164576004,0.0
2000-10-01,US,0.5140449438797989,0.5
2000-10-01,GB,1.1709963851349736,0.0
2000-10-01,EU,-1.5674394026742773,1.0
2000-10-01,JP,-0.06566082004247437,0.5
2000-10-01,CH,-1.09861214873169,0.75
2000-10-01,EM,0.25071962984910595,1.0
2000-10-01,AU,0.7959514125845625,0.5
2000-11-01,US,0.6705690324773966,0.5
2000-11-01,GB,1.112159591077451,0.0
2000-11-01,EU,-1.1286067403212996,1.0
2000-11-01,JP,-0.29275425682476414,0.75
2000-11-01,CH,-1.4629303362583403,1.0
2000-11-01,EM,0.872569030930701,0.5
2000-11-01,AU,0.22899367891885508,0.5
2000-12-01,US,0.8270748448279003,0.5
2000-12-01,GB,0.7985983981821609,0.0
2000-12-01,EU,-0.6300357834051709,1.0
2000-12-01,JP,-0.8155153508293103,0.75
2000-12-01,CH,-1.3053469129727246,1.0
2000-12-01,EM,1.362356558209418,0.5
2000-12-01,AU,-0.2371317540122736,0.5
2001-01-01,US,1.0091200573148358,0.5
2001-01-01,GB,0.3903628916643725,0.5
2001-01-01,EU,-0.7025395540702276,0.75
2001-01-01,JP,-0.9356307548436786,0.75
2001-01-01,CH,-0.6941706669692751,1.0
2001-01-01,EM,1.5941128840987273,0.0
2001-01-01,AU,-0.6612548571947541,0.75
2001-02-01,US,1.236635249564131,0.0
2001-02-01,GB,0.3706757920285471,0.5
2001-02-01,EU,-0.8838790829129083,0.75
2001-02-01,JP,-0.8882400683999858,0.75
2001-02-01,CH,-0.5234940761662856,0.75
2001-02-01,EM,1.405328285283916,0.0
2001-02-01,AU,-0.7170260993974139,0.75
2001-03-01,US,1.1803081165591014,0.0
2001-03-01,GB,0.31909694652619713,0.5
2001-03-01,EU,-0.8537496815215523,0.75
2001-03-01,JP,-0.9021946505522213,0.75
2001-03-01,CH,-0.3561651329490639,0.75
2001-03-01,EM,1.456927978245895,0.0
2001-03-01,AU,-0.8442235763083562,0.75
2001-04-01,US,1.4476394818553373,0.0
2001-04-01,GB,0.24165930216100892,0.5
2001-04-01,EU,-1.0325649667406964,0.75
2001-04-01,JP,-0.8058462192639481,0.75
2001-04-01,CH,-0.2449961902626813,0.75
2001-04-01,EM,1.1952221798314822,0.0
2001-04-01,AU,-0.8011135875805019,0.75
2001-05-01,US,1.8958245954230148,0.0
2001-05-01,GB,0.031989675631944096,0.5
2001-05-01,EU,-0.5323113072348975,1.0
2001-05-01,JP,-0.7447864651334113,0.75
2001-05-01,CH,-0.2692780324853024,0.75
2001-05-01,EM,0.6523422258268171,0.0
2001-05-01,AU,-1.0337806920281662,0.75
2001-06-01,US,2.044864613664303,0.0
2001-06-01,GB,-0.33774922393429596,0.5
2001-06-01,EU,-0.22929490515341014,0.75
2001-06-01,JP,-0.5600896924796996,0.75
2001-06-01,CH,-0.09205823985074116,0.75
2001-06-01,EM,0.2903120919590962,0.5
2001-06-01,AU,-1.1159846442052517,1.0
2001-07-01,US,1.9280049703707969,0.0
2001-07-01,GB,-0.0849102406191516,0.75
2001-07-01,EU,-0.04921207042777574,0.75
2001-07-01,JP,-0.883386206280165,0.75
2001-07-01,CH,-0.10542189454119237,0.75
2001-07-01,EM,0.3582543379866667,0.5
2001-07-01,AU,-1.1633288964891784,1.0
2001-08-01,US,1.186565393866251,0.0
2001-08-01,GB,-0.12856696146056834,0.75
2001-08-01,EU,-0.08448180216106893,0.75
2001-08-01,JP,-0.8708516058234046,0.75
2001-08-01,CH,-0.3111741534322957,0.75
2001-08-01,EM,1.4628284539266254,0.5
2001-08-01,AU,-1.254319324915539,1.0
2001-09-01,US,1.2331784641341164,0.0
2001-09-01,GB,-0.2144092626660673,0.75
2001-09-01,EU,-0.04320454384839863,0.75
2001-09-01,JP,-0.911608758891389,0.75
2001-09-01,CH,-0.21609181620452506,0.75
2001-09-01,EM,1.406882378568791,0.0
2001-09-01,AU,-1.254746461092526,1.0
2001-10-01,US,1.251544119369176,0.0
2001-10-01,GB,-0.1192664799910821,0.75
2001-10-01,EU,0.0775197628822538,0.75
2001-10-01,JP,-1.1183522768630596,0.75
2001-10-01,CH,-0.11450131689522072,0.75
2001-10-01,EM,1.266381742527531,0.0
2001-10-01,AU,-1.2433255510295984,1.0
2001-11-01,US,1.5535664648606258,0.0
2001-11-01,GB,-0.16505455938399116,0.75
2001-11-01,EU,0.0891460834994767,0.5
2001-11-01,JP,-1.1531701931698408,1.0
2001-11-01,CH,0.021280839806603634,0.75
2001-11-01,EM,0.866636933596987,0.0
2001-11-01,AU,-1.2124055692098619,1.0
2001-12-01,US,1.8291974659296952,0.0
2001-12-01,GB,-0.4977549949467117,0.75
2001-12-01,EU,-0.18571933838550597,0.5
2001-12-01,JP,-0.88072096562913,1.0
2001-12-01,CH,0.1881199930194571,0.5
2001-12-01,EM,0.6272733670692489,0.5
2001-12-01,AU,-1.0803955270570542,1.0
2002-01-01,US,2.127993346215252,0.0
2002-01-01,GB,0.06388343206006285,0.75
2002-01-01,EU,-0.07532843433295833,0.75
2002-01-01,JP,-0.72746548312246,0.75
2002-01-01,CH,-0.025853622004793495,0.5
2002-01-01,EM,-0.7191475041036738,0.5
2002-01-01,AU,-0.6440817347114286,1.0
2002-02-01,US,1.9543557382717096,0.0
2002-02-01,GB,0.10918912652385891,0.5
2002-02-01,EU,-0.014315912371216849,0.75
2002-02-01,JP,-1.006028936467047,0.75
2002-02-01,CH,0.3774900886008921,0.75
2002-02-01,EM,-0.758268235555365,0.75
2002-02-01,AU,-0.6624218690028313,0.75
2002-03-01,US,1.1382584681171763,0.0
2002-03-01,GB,-0.2414222831890096,0.5
2002-03-01,EU,-0.4832361319244737,0.75
2002-03-01,JP,-0.05378143750279594,1.0
2002-03-01,CH,0.7614880349430637,0.5
2002-03-01,EM,-1.8257906713618717,0.75
2002-03-01,AU,0.7044840209179112,0.75
2002-04-01,US,1.3335261316909295,0.0
2002-04-01,GB,-0.2641203097253015,0.75
2002-04-01,EU,0.28319924596335067,0.75
2002-04-01,JP,-0.7084872884849428,0.75
2002-04-01,CH,1.112942037433603,0.5
2002-04-01,EM,-1.506034047269464,1.0
2002-04-01,AU,-0.25102576960817463,0.5
2002-05-01,US,1.0315874638353593,0.0
2002-05-01,GB,0.1492233902578234,0.75
2002-05-01,EU,-0.303917708970777,0.5
2002-05-01,JP,-0.5682041231754382,0.75
2002-05-01,CH,1.355725945347727,0.0
2002-05-01,EM,-1.6307080641955984,1.0
2002-05-01,AU,-0.03370690309909614,0.75
2002-06-01,US,1.2842389709598463,0.0
2002-06-01,GB,0.4049143860146555,0.5
2002-06-01,EU,-0.3593369166084251,0.75
2002-06-01,JP,-0.9768863394670345,0.75
2002-06-01,CH,1.2992906880355444,0.0
2002-06-01,EM,-0.9846531424593197,1.0
2002-06-01,AU,-0.6675676464752662,0.75
2002-07-01,US,1.0206145337032146,0.0
2002-07-01,GB,0.4670806676760553,0.5
2002-07-01,EU,-0.5640839588585733,0.75
2002-07-01,JP,-1.0645970340192132,0.75
2002-07-01,CH,1.4841926623641495,0.0
2002-07-01,EM,-0.36854085278107396,0.75
2002-07-01,AU,-0.9746660180845594,0.75
2002-08-01,US,1.0369584729166,0.0
2002-08-01,GB,0.4541951102641817,0.5
2002-08-01,EU,-0.2890671771262217,0.75
2002-08-01,JP,-0.6968962971948967,1.0
2002-08-01,CH,1.4362474700994186,0.0
2002-08-01,EM,-1.2883686859525836,0.75
2002-08-01,AU,-0.6530688930064992,0.75
2002-09-01,US,0.7876178723725946,0.0
2002-09-01,GB,0.7126782355273712,0.5
2002-09-01,EU,-0.2673926291888241,0.75
2002-09-01,JP,-0.5475611454282351,0.75
2002-09-01,CH,1.2979203782540927,0.0
2002-09-01,EM,-1.6432305400159453,1.0
2002-09-01,AU,-0.3400321715210536,0.75
2002-10-01,US,0.7227528652556929,0.5
2002-10-01,GB,0.13841881957123678,0.5
2002-10-01,EU,-0.30197052845276473,0.75
2002-10-01,JP,-0.22345497601561587,0.75
2002-10-01,CH,1.4739069983093736,0.0
2002-10-01,EM,-1.7730218572881828,1.0
2002-10-01,AU,-0.036631321379739616,0.75
2002-11-01,US,0.7342034522418164,0.5
2002-11-01,GB,-0.1847964496615935,0.5
2002-11-01,EU,-0.12932555503928866,0.75
2002-11-01,JP,-0.34812064159098294,0.75
2002-11-01,CH,1.7311572631580308,0.0
2002-11-01,EM,-1.4787763364707291,1.0
2002-11-01,AU,-0.3243417326372531,0.75
2002-12-01,US,0.9536244122715611,0.5
2002-12-01,GB,0.4020615976404341,0.75
2002-12-01,EU,0.13446901534892028,0.75
2002-12-01,JP,-0.9350907792652272,0.75
2002-12-01,CH,1.4343956064153704,0.0
2002-12-01,EM,-0.9932700314574204,1.0
2002-12-01,AU,-0.9961898209536376,0.75
2003-01-01,US,0.687452465360458,0.5
2003-01-01,GB,0.1412001638395976,0.5
2003-01-01,EU,0.4526447401203161,0.5
2003-01-01,JP,-1.0263835920303737,0.75
2003-01-01,CH,1.5705300591931732,0.0
2003-01-01,EM,-0.6714401162472925,0.75
2003-01-01,AU,-1.154003720235879,0.75
2003-02-01,US,0.6440984124269663,0.5
2003-02-01,GB,0.3771928665556138,0.5
2003-02-01,EU,0.624942851545285,0.5
2003-02-01,JP,-1.2641514610203894,1.0
2003-02-01,CH,1.244552232817702,0.0
2003-02-01,EM,-0.2737113543251198,0.75
2003-02-01,AU,-1.3529235480000579,1.0
2003-03-01,US,0.9739920715943874,0.5
2003-03-01,GB,0.36301127086202223,0.5
2003-03-01,EU,0.5604054546712839,0.5
2003-03-01,JP,-1.4685694001280247,1.0
2003-03-01,CH,0.7925764209179738,0.0
2003-03-01,EM,0.1223358216452416,0.75
2003-03-01,AU,-1.3437516395628837,1.0
2003-04-01,US,0.8466923515294066,0.5
2003-04-01,GB,0.044034199360017255,0.5
2003-04-01,EU,0.646636556623364,0.5
2003-04-01,JP,-1.5666342707325465,1.0
2003-04-01,CH,0.8530701413445207,0.5
2003-04-01,EM,0.4071366005941273,0.5
2003-04-01,AU,-1.2309355787188887,1.0
2003-05-01,US,0.5698549833588068,0.5
2003-05-01,GB,0.10025427191126329,0.5
2003-05-01,EU,0.8039168212664999,0.5
2003-05-01,JP,-1.5223517505585655,1.0
2003-05-01,CH,0.40692060532030483,0.5
2003-05-01,EM,0.9323449520261635,0.5
2003-05-01,AU,-1.2909398833244723,1.0
2003-06-01,US,0.5867010159479926,0.5
2003-06-01,GB,0.10598705260197752,0.5
2003-06-01,EU,0.8587254055475976,0.5
2003-06-01,JP,-1.6037567795080634,1.0
2003-06-01,CH,0.4559332224406997,0.5
2003-06-01,EM,0.8095867742460724,0.5
2003-06-01,AU,-1.2131766912762776,1.0
2003-07-01,US,0.030528928143361188,0.5
2003-07-01,GB,-0.7282907698718754,0.5
2003-07-01,EU,1.5268507245367808,0.5
2003-07-01,JP,-1.4122764018764051,1.0
2003-07-01,CH,0.7011039148576914,0.5
2003-07-01,EM,0.5086525539077291,0.5
2003-07-01,AU,-0.6265689496972816,1.0
2003-08-01,US,-0.029321665624552105,0.5
2003-08-01,GB,-1.3860973981684246,0.75
2003-08-01,EU,1.6064192879533878,0.0
2003-08-01,JP,-0.9027433985300842,1.0
2003-08-01,CH,0.8163937265132707,0.5
2003-08-01,EM,-0.1243359860224936,0.5
2003-08-01,AU,0.01968543387889624,0.75
2003-09-01,US,0.224942303284237,0.75
2003-09-01,GB,-1.3904855636707587,1.0
2003-09-01,EU,1.4332343474260687,0.0
2003-09-01,JP,-0.49018523991908913,0.75
2003-09-01,CH,0.8661619116129274,0.5
2003-09-01,EM,-0.9399431109733069,0.75
2003-09-01,AU,0.2962753522399219,0.5
2003-10-01,US,-0.025877030453038328,0.5
2003-10-01,GB,-1.1510796407377366,1.0
2003-10-01,EU,0.961052566294242,0.0
2003-10-01,JP,0.35752010287543307,0.75
2003-10-01,CH,0.6357385341529936,0.5
2003-10-01,EM,-1.5962781651036242,0.75
2003-10-01,AU,0.8189236329717302,0.5
2003-11-01,US,0.16445917176009253,0.75
2003-11-01,GB,-0.5080964087451201,1.0
2003-11-01,EU,0.7340843971921766,0.5
2003-11-01,JP,0.23789363718128145,0.5
2003-11-01,CH,0.6697181642566638,0.5
2003-11-01,EM,-2.0325606481518323,1.0
2003-11-01,AU,0.7345016865067383,0.5
2003-12-01,US,0.04666213037666554,0.5
2003-12-01,GB,-0.5220232414922564,0.75
2003-12-01,EU,0.8359213001763847,0.5
2003-12-01,JP,0.543372533967812,0.5
2003-12-01,CH,-0.2345493335498053,0.5
2003-12-01,EM,-1.8267114330886838,1.0
2003-12-01,AU,1.1573280436098832,0.5
2004-01-01,US,0.1793905378533829,0.5
2004-01-01,GB,-0.7085550550167979,0.75
2004-01-01,EU,0.7228935794081381,0.5
2004-01-01,JP,0.5510794603624394,0.5
2004-01-01,CH,0.3495199363879271,0.75
2004-01-01,EM,-1.946907687446187,1.0
2004-01-01,AU,0.8525792284510975,0.0
2004-02-01,US,0.17158232846723143,0.5
2004-02-01,GB,-0.8438512440210022,0.75
2004-02-01,EU,0.7489583681284783,0.5
2004-02-01,JP,0.4567873809124083,0.5
2004-02-01,CH,0.45024105409719783,0.5
2004-02-01,EM,-1.8706834043382137,1.0
2004-02-01,AU,0.8869655167539001,0.5
2004-03-01,US,0.085470429987816,0.5
2004-03-01,GB,-1.1419459532756646,0.75
2004-03-01,EU,0.9472633134652475,0.5
2004-03-01,JP,0.7168684319623948,0.5
2004-03-01,CH,0.23741988618173115,0.5
2004-03-01,EM,-1.6192003070189314,1.0
2004-03-01,AU,0.7741241986974062,0.5
2004-04-01,US,-0.5759435192618079,0.5
2004-04-01,GB,-0.6429144101967861,1.0
2004-04-01,EU,0.7268967843488672,0.5
2004-04-01,JP,1.0988851444733512,0.5
2004-04-01,CH,0.04825542141979579,0.5
2004-04-01,EM,-1.6125146119978797,1.0
2004-04-01,AU,0.9573351912144593,0.5
2004-05-01,US,-0.7117249749779836,0.75
2004-05-01,GB,-1.0176966083270054,0.75
2004-05-01,EU,0.38518152931524463,0.5
2004-05-01,JP,1.2460573277810514,0.0
2004-05-01,CH,0.02475291585707814,0.5
2004-05-01,EM,-1.1366155732875811,1.0
2004-05-01,AU,1.2100453836391964,0.5
2004-06-01,US,-0.7802214931852602,0.75
2004-06-01,GB,-0.8588348292791157,1.0
2004-06-01,EU,0.34815014905359715,0.5
2004-06-01,JP,1.3168529935393654,0.0
2004-06-01,CH,-0.14602549111870608,0.5
2004-06-01,EM,-1.1167813681466225,1.0
2004-06-01,AU,1.2368600391367426,0.0
2004-07-01,US,-0.6674043248980682,0.75
2004-07-01,GB,-1.0270577230448616,0.75
2004-07-01,EU,0.7242103670745361,0.5
2004-07-01,JP,1.0476225884987114,0.0
2004-07-01,CH,-0.30427784804142266,0.75
2004-07-01,EM,-1.0611532231855163,1.0
2004-07-01,AU,1.2880601635966211,0.0
2004-08-01,US,-0.663923418757074,0.75
2004-08-01,GB,-0.9058920688803337,1.0
2004-08-01,EU,1.20251122366598,0.5
2004-08-01,JP,0.9238781401993057,0.0
2004-08-01,CH,-0.7518349705321747,0.75
2004-08-01,EM,-0.8653497024364073,1.0
2004-08-01,AU,1.0606107967407044,0.0
2004-09-01,US,-1.5717996694577323,0.75
2004-09-01,GB,-0.36973113889946324,0.75
2004-09-01,EU,0.45318485240286766,0.0
2004-09-01,JP,0.9479945175843723,0.5
2004-09-01,CH,-0.7219813534965395,0.75
2004-09-01,EM,-0.06549544983405514,0.75
2004-09-01,AU,1.32782824170055,0.0
2004-10-01,US,-1.7950862564367813,1.0
2004-10-01,GB,0.3009743306563153,0.75
2004-10-01,EU,0.9772652537554646,0.5
2004-10-01,JP,0.08578658593573682,0.5
2004-10-01,CH,-0.9064570677227552,0.75
2004-10-01,EM,0.7340754419497557,0.75
2004-10-01,AU,0.6034417118622643,0.0
2004-11-01,US,-1.680493282188938,1.0
2004-11-01,GB,0.14170709702958464,0.5
2004-11-01,EU,0.6427584974085475,0.5
2004-11-01,JP,-0.07121618614522708,0.5
2004-11-01,CH,-0.7617009412133894,0.75
2004-11-01,EM,1.440162335083886,0.5
2004-11-01,AU,0.2887824800255363,0.5
2004-12-01,US,-2.19841988128284,1.0
2004-12-01,GB,-0.093029584531204,0.5
2004-12-01,EU,0.44580862327539966,0.5
2004-12-01,JP,0.20363446485897405,0.75
2004-12-01,CH,0.437381500891127,0.75
2004-12-01,EM,0.5776135122384085,0.0
2004-12-01,AU,0.627011364550135,0.5
2005-01-01,US,-2.16891606895929,1.0
2005-01-01,GB,0.1729250452087617,0.75
2005-01-01,EU,0.5202269640874385,0.5
2005-01-01,JP,0.30715282062475097,0.5
2005-01-01,CH,-0.13841341476882324,0.5
2005-01-01,EM,0.536026010784378,0.5
2005-01-01,AU,0.7709986430227841,0.5
2005-02-01,US,-2.0872528553384693,1.0
2005-02-01,GB,0.025182438247085423,0.5
2005-02-01,EU,0.3309222575696759,0.5
2005-02-01,JP,0.6390992921187355,0.5
2005-02-01,CH,0.00407397240444895,0.75
2005-02-01,EM,0.027788535441621822,0.5
2005-02-01,AU,1.0601863595569012,0.5
2005-03-01,US,-2.1170902510261396,1.0
2005-03-01,GB,0.3774123601032168,0.5
2005-03-01,EU,0.29823105235258524,0.5
2005-03-01,JP,0.5443958010235033,0.5
2005-03-01,CH,0.2444817528100513,0.5
2005-03-01,EM,-0.27266676114612975,0.5
2005-03-01,AU,0.925236045882913,0.0
2005-04-01,US,-2.227105991146263,1.0
2005-04-01,GB,0.24590898507575856,0.5
2005-04-01,EU,0.5020542265607082,0.5
2005-04-01,JP,0.0367216212818467,0.5
2005-04-01,CH,0.33866298928932365,0.5
2005-04-01,EM,0.5180627916606904,0.75
2005-04-01,AU,0.5856953772779359,0.5
2005-05-01,US,-2.0864743982757967,1.0
2005-05-01,GB,1.0061596653750795,0.5
2005-05-01,EU,0.6649770980048784,0.5
2005-05-01,JP,-0.20909319395186485,0.5
2005-05-01,CH,0.24199359540402288,0.5
2005-05-01,EM,0.09994214246536921,0.5
2005-05-01,AU,0.28249509097831116,0.5
2005-06-01,US,-1.987521850113246,1.0
2005-06-01,GB,1.0191427237917183,0.0
2005-06-01,EU,0.7551849027621644,0.5
2005-06-01,JP,-0.421924428614382,0.75
2005-06-01,CH,0.4809647214453718,0.5
2005-06-01,EM,-0.02184664806763189,0.5
2005-06-01,AU,0.17600057879600559,0.5
2005-07-01,US,-2.115269281065704,1.0
2005-07-01,GB,1.0227252896475219,0.0
2005-07-01,EU,0.4773470482389137,0.5
2005-07-01,JP,-0.16752611177681925,0.75
2005-07-01,CH,0.3462411945980666,0.5
2005-07-01,EM,0.15265710649430736,0.75
2005-07-01,AU,0.2838247538637138,0.5
2005-08-01,US,-2.1471080293802753,1.0
2005-08-01,GB,0.9784523141847831,0.0
2005-08-01,EU,0.41669689760944895,0.5
2005-08-01,JP,-0.03869382553973157,0.75
2005-08-01,CH,0.16205148188675245,0.5
2005-08-01,EM,0.1846968197023656,0.5
2005-08-01,AU,0.4439043415366573,0.5
2005-09-01,US,-2.1003834075675294,1.0
2005-09-01,GB,0.8357698537473442,0.5
2005-09-01,EU,0.5361614924068707,0.5
2005-09-01,JP,0.17421731450301464,0.75
2005-09-01,CH,0.2926313237003945,0.5
2005-09-01,EM,-0.34470128893307567,0.5
2005-09-01,AU,0.6063047121429808,0.5
2005-10-01,US,-2.1190231825788195,1.0
2005-10-01,GB,0.8258883671758087,0.5
2005-10-01,EU,0.2410424481660269,0.5
2005-10-01,JP,0.46831994330581217,0.5
2005-10-01,CH,0.045031091524228475,0.5
2005-10-01,EM,-0.1795587351035207,0.75
2005-10-01,AU,0.718300067510464,0.5
2005-11-01,US,-1.9396189742900087,1.0
2005-11-01,GB,0.8270486125612673,0.5
2005-11-01,EU,-0.0578238763607167,0.5
2005-11-01,JP,0.7464495806968453,0.5
2005-11-01,CH,0.013147967567324196,0.5
2005-11-01,EM,-0.46868934248341004,0.75
2005-11-01,AU,0.879486032308699,0.5
2005-12-01,US,-2.001144872479807,1.0
2005-12-01,GB,1.0000662628973136,0.5
2005-12-01,EU,-0.12011674764115643,0.75
2005-12-01,JP,0.6402909221314957,0.5
2005-12-01,CH,-0.23341950104414916,0.5
2005-12-01,EM,-0.004274170688169237,0.75
2005-12-01,AU,0.7185981068244724,0.5
2006-01-01,US,-2.018289883374354,1.0
2006-01-01,GB,0.8472949815487867,0.0
2006-01-01,EU,-0.5057556974826428,0.75
2006-01-01,JP,0.5337783413453403,0.5
2006-01-01,CH,0.07729576438180225,0.75
2006-01-01,EM,0.31594981002124045,0.75
2006-01-01,AU,0.7497266835598269,0.5
2006-02-01,US,-1.7870048024230145,1.0
2006-02-01,GB,1.1117609274722455,0.5
2006-02-01,EU,-0.5853370291981483,0.75
2006-02-01,JP,0.09470065520605567,0.5
2006-02-01,CH,-0.27772092323565806,0.5
2006-02-01,EM,0.9452874325206561,0.5
2006-02-01,AU,0.49831373965786335,0.5
2006-03-01,US,-1.534573630423377,1.0
2006-03-01,GB,0.9646249575323476,0.0
2006-03-01,EU,-0.8337252419181863,0.75
2006-03-01,JP,-0.10371945853243923,0.5
2006-03-01,CH,-0.38906640708229107,0.75
2006-03-01,EM,1.1200938487989738,0.5
2006-03-01,AU,0.7763659316249719,0.5
2006-04-01,US,-1.3498805803745888,1.0
2006-04-01,GB,0.8728695164874936,0.5
2006-04-01,EU,-0.872907688596532,0.75
2006-04-01,JP,0.4588357696882888,0.75
2006-04-01,CH,-0.261318977098669,0.75
2006-04-01,EM,-0.34876398781728835,0.0
2006-04-01,AU,1.5011659477112966,0.5
2006-05-01,US,-1.4487784476277843,1.0
2006-05-01,GB,0.6094441256785399,0.5
2006-05-01,EU,-0.664077410472572,0.75
2006-05-01,JP,0.3834202088868447,0.5
2006-05-01,CH,-0.22623820816959864,0.75
2006-05-01,EM,-0.3229418673672366,0.75
2006-05-01,AU,1.6691715990718063,0.0
2006-06-01,US,-1.1815667127819307,1.0
2006-06-01,GB,0.4032439044364388,0.5
2006-06-01,EU,-0.9371973337690668,0.75
2006-06-01,JP,0.5788791720546549,0.5
2006-06-01,CH,-0.2675413561320229,0.75
2006-06-01,EM,-0.3396410814568721,0.75
2006-06-01,AU,1.7438234076488,0.0
2006-07-01,US,-0.5100161678890067,1.0
2006-07-01,GB,0.5540818152013647,0.5
2006-07-01,EU,-0.8188555689952608,0.75
2006-07-01,JP,0.4724317433337585,0.5
2006-07-01,CH,-0.23788524752029222,0.75
2006-07-01,EM,-1.2023998972608123,0.75
2006-07-01,AU,1.7426433231302507,0.0
2006-08-01,US,-0.5037169927368962,0.75
2006-08-01,GB,0.11599519496449377,0.5
2006-08-01,EU,-0.856325353886221,0.75
2006-08-01,JP,0.7491105178005416,0.5
2006-08-01,CH,-0.14144312086148142,0.75
2006-08-01,EM,-1.1336811351337504,1.0
2006-08-01,AU,1.7700608898533141,0.0
2006-09-01,US,0.22310009261710942,0.75
2006-09-01,GB,-0.08411860337276791,0.5
2006-09-01,EU,-1.147382095461282,0.75
2006-09-01,JP,0.6175129867804569,0.5
2006-09-01,CH,-0.5996879990832216,0.75
2006-09-01,EM,-0.8076121721596589,1.0
2006-09-01,AU,1.7981877906793635,0.0
2006-10-01,US,0.467002248845177,0.5
2006-10-01,GB,-0.10084240810340583,0.75
2006-10-01,EU,-0.6794015382146075,1.0
2006-10-01,JP,0.2293145862778435,0.5
2006-10-01,CH,-0.07932399047891275,0.75
2006-10-01,EM,-1.5366992500186927,0.75
2006-10-01,AU,1.6999503516925984,0.0
2006-11-01,US,0.6137724240019878,0.5
2006-11-01,GB,-0.14024738164107375,0.75
2006-11-01,EU,-0.386273314401775,0.75
2006-11-01,JP,-0.18740429369276024,0.5
2006-11-01,CH,0.03889840916454454,0.75
2006-11-01,EM,-1.6149575471115711,1.0
2006-11-01,AU,1.676211703680647,0.0
2006-12-01,US,0.4955018157627106,0.5
2006-12-01,GB,-0.3061009248618052,0.75
2006-12-01,EU,-0.26401506213673676,0.75
2006-12-01,JP,0.18081841329269924,0.75
2006-12-01,CH,-0.3143747013129176,0.5
2006-12-01,EM,-1.5448359328104388,1.0
2006-12-01,AU,1.753006392066488,0.0
2007-01-01,US,0.6167313506765907,0.5
2007-01-01,GB,-0.6378270798029698,0.75
2007-01-01,EU,-0.28588967685832667,0.75
2007-01-01,JP,0.3710757964547002,0.5
2007-01-01,CH,-0.4305663482375918,0.75
2007-01-01,EM,-1.356380351948311,1.0
2007-01-01,AU,1.7228563097159078,0.0
2007-02-01,US,0.9937529394336968,0.5
2007-02-01,GB,-0.6747227247306077,0.75
2007-02-01,EU,-0.38775265962927646,0.75
2007-02-01,JP,0.22407656246111704,0.5
2007-02-01,CH,-0.23986817457446608,0.75
2007-02-01,EM,-1.423269132132559,1.0
2007-02-01,AU,1.507783189172094,0.0
2007-03-01,US,1.02096699778318,0.5
2007-03-01,GB,-0.6368636116402766,0.75
2007-03-01,EU,-0.23516997783403712,0.75
2007-03-01,JP,0.36795291988401174,0.5
2007-03-01,CH,-0.16892869846724054,0.75
2007-03-01,EM,-1.635529822982702,1.0
2007-03-01,AU,1.2875721932570645,0.0
2007-04-01,US,1.3087981769158825,0.0
2007-04-01,GB,-0.9287475850766878,0.75
2007-04-01,EU,-0.4662311700909272,0.75
2007-04-01,JP,0.05203684264685217,0.5
2007-04-01,CH,-0.3736566934459737,0.75
2007-04-01,EM,-1.0170883191707065,1.0
2007-04-01,AU,1.4248887482215598,0.0
2007-05-01,US,1.060334777432141,0.0
2007-05-01,GB,-0.8847187197116063,0.75
2007-05-01,EU,-0.6877915408616847,0.75
2007-05-01,JP,0.37643150682837634,0.5
2007-05-01,CH,-0.46143344415657817,0.75
2007-05-01,EM,-0.9437827729780541,1.0
2007-05-01,AU,1.5409601934474064,0.0
2007-06-01,US,1.1868363593134383,0.0
2007-06-01,GB,-0.792958468302461,0.75
2007-06-01,EU,-0.4677365414965119,0.75
2007-06-01,JP,0.26613422816341586,0.5
2007-06-01,CH,-0.5026329341881199,0.75
2007-06-01,EM,-1.1433263685597195,0.75
2007-06-01,AU,1.4536837250699577,0.0
2007-07-01,US,1.3505814783668257,0.0
2007-07-01,GB,-0.8039851919619505,0.75
2007-07-01,EU,-0.5430405258169335,0.75
2007-07-01,JP,0.2241796465833857,0.5
2007-07-01,CH,-0.8270317889138805,0.75
2007-07-01,EM,-0.7775770173181832,1.0
2007-07-01,AU,1.3768733990607362,0.0
2007-08-01,US,1.6797845564996499,0.0
2007-08-01,GB,-0.5049254910155486,0.75
2007-08-01,EU,-0.34338279780245873,0.75
2007-08-01,JP,-0.21385108391734903,0.5
2007-08-01,CH,-0.76090237794853,0.75
2007-08-01,EM,-0.9701131618203231,0.75
2007-08-01,AU,1.1133903560045595,0.0
2007-09-01,US,1.351864872224862,0.0
2007-09-01,GB,-0.017579025013981262,0.75
2007-09-01,EU,-0.34385587177687865,0.75
2007-09-01,JP,-0.3172143024001634,0.75
2007-09-01,CH,-0.3769380976606821,0.75
2007-09-01,EM,-1.5206033665771965,0.75
2007-09-01,AU,1.2243257912040395,0.0
2007-10-01,US,1.3103882093838273,0.0
2007-10-01,GB,0.07143882372004882,0.75
2007-10-01,EU,-0.28949544988391035,0.75
2007-10-01,JP,-0.15398331061339685,0.75
2007-10-01,CH,-0.43647110046583126,0.75
2007-10-01,EM,-1.6390692337801849,1.0
2007-10-01,AU,1.1371920616394469,0.0
2007-11-01,US,1.7878634013192918,0.0
2007-11-01,GB,0.37810941257389996,0.5
2007-11-01,EU,-0.3808710907093358,0.75
2007-11-01,JP,-0.36771323107664333,0.75
2007-11-01,CH,-0.10918513564485445,0.75
2007-11-01,EM,-1.523780503293516,1.0
2007-11-01,AU,0.21557714683115842,0.0
2007-12-01,US,1.6938632062591126,0.0
2007-12-01,GB,0.6275697784969315,0.5
2007-12-01,EU,-0.27924185042984423,0.75
2007-12-01,JP,-0.4030004691201976,0.75
2007-12-01,CH,-0.044413796835111846,0.75
2007-12-01,EM,-1.5793631803127048,1.0
2007-12-01,AU,-0.015413688058185368,0.5
2008-01-01,US,1.9228846894221379,0.0
2008-01-01,GB,0.42113321860795544,0.5
2008-01-01,EU,-0.04000624485205549,0.75
2008-01-01,JP,-0.5565902555073806,0.75
2008-01-01,CH,-0.018892165339810366,0.75
2008-01-01,EM,-1.2639548052519518,1.0
2008-01-01,AU,-0.46457443707889506,0.75
2008-02-01,US,1.8809920987038864,0.0
2008-02-01,GB,0.4316510052686813,0.5
2008-02-01,EU,0.07038172213814699,0.75
2008-02-01,JP,-0.4403594702440762,0.75
2008-02-01,CH,-0.16296794791194952,0.75
2008-02-01,EM,-1.3727856048414013,1.0
2008-02-01,AU,-0.40691180311328845,0.75
2008-03-01,US,1.9420359933184845,0.0
2008-03-01,GB,0.6029866701315292,0.5
2008-03-01,EU,-0.2558966333426199,0.5
2008-03-01,JP,-0.7531735930723336,0.75
2008-03-01,CH,0.02590129649533444,0.75
2008-03-01,EM,-0.7041632412318584,1.0
2008-03-01,AU,-0.8576904922985362,0.75
2008-04-01,US,1.958957877231773,0.0
2008-04-01,GB,0.6173679581218063,0.5
2008-04-01,EU,-0.0877536160150043,0.75
2008-04-01,JP,-0.4656089854174406,0.75
2008-04-01,CH,-0.5259509699555492,0.5
2008-04-01,EM,-1.0310845574349703,0.75
2008-04-01,AU,-0.46592770653061416,0.75
2008-05-01,US,2.0061404358272448,0.0
2008-05-01,GB,0.28710426572627423,0.5
2008-05-01,EU,-0.2737464475179488,0.75
2008-05-01,JP,-0.3206614970534943,0.75
2008-05-01,CH,-0.13861215156263085,0.75
2008-05-01,EM,-1.2694215305403496,1.0
2008-05-01,AU,-0.29080307487909524,0.75
2008-06-01,US,2.1411839209969963,0.0
2008-06-01,GB,0.15789208558513126,0.5
2008-06-01,EU,-0.5839052206797459,0.75
2008-06-01,JP,-0.16688760780634246,0.75
2008-06-01,CH,-0.2338250009223833,0.75
2008-06-01,EM,-0.8841987391697002,1.0
2008-06-01,AU,-0.43025943800395533,0.75
2008-07-01,US,2.1299533756530704,0.0
2008-07-01,GB,0.28259094472906726,0.5
2008-07-01,EU,-0.629117831158008,0.75
2008-07-01,JP,-0.45700945452126823,0.75
2008-07-01,CH,-0.24599269913099664,0.75
2008-07-01,EM,-0.28076727187859796,0.75
2008-07-01,AU,-0.799657063693267,0.75
2008-08-01,US,1.8060890179185478,0.0
2008-08-01,GB,0.3712666864265031,0.5
2008-08-01,EU,-0.958050081521027,0.75
2008-08-01,JP,-0.5900302801783539,0.75
2008-08-01,CH,-0.31583329284213635,0.75
2008-08-01,EM,0.6131277227474318,0.75
2008-08-01,AU,-0.9265697725509654,0.75
2008-09-01,US,1.1335013775357035,0.0
2008-09-01,GB,0.016687332803740466,0.5
2008-09-01,EU,-0.479749721109628,0.75
2008-09-01,JP,-0.9014614695616477,0.75
2008-09-01,CH,0.20257428337282168,0.75
2008-09-01,EM,1.361566407211853,0.5
2008-09-01,AU,-1.3331182102528432,0.75
2008-10-01,US,0.5539386507193893,0.0
2008-10-01,GB,0.32351907454606454,0.5
2008-10-01,EU,-0.1185479996737657,0.75
2008-10-01,JP,-0.9046412530201573,0.75
2008-10-01,CH,-0.10999127522797453,0.5
2008-10-01,EM,1.662668033810959,0.0
2008-10-01,AU,-1.4069452311545152,1.0
2008-11-01,US,0.16372479234581067,0.5
2008-11-01,GB,0.26396749065788633,0.5
2008-11-01,EU,-0.09016238938100783,0.75
2008-11-01,JP,-0.7703614066097039,0.75
2008-11-01,CH,-0.40581475059387884,0.75
2008-11-01,EM,1.9661877046419065,0.0
2008-11-01,AU,-1.1275414410610127,1.0
2008-12-01,US,0.0007742181076677892,0.5
2008-12-01,GB,0.41072533794088245,0.5
2008-12-01,EU,-0.065238524193301,0.75
2008-12-01,JP,-0.8104047890501505,0.75
2008-12-01,CH,-0.2444682062224206,0.75
2008-12-01,EM,1.913065416163293,0.0
2008-12-01,AU,-1.204453452745971,1.0
2009-01-01,US,-0.3319526158810825,0.5
2009-01-01,GB,0.32736300954677056,0.5
2009-01-01,EU,-0.07425287980331913,0.75
2009-01-01,JP,-0.7112753084875367,0.75
2009-01-01,CH,-0.24958390460068822,0.75
2009-01-01,EM,2.0476651264549743,0.0
2009-01-01,AU,-1.0079634272291185,1.0
2009-02-01,US,-0.5016123250305414,0.75
2009-02-01,GB,0.34362058154788644,0.5
2009-02-01,EU,-0.012035396129102687,0.75
2009-02-01,JP,-0.6858602525416392,0.75
2009-02-01,CH,-0.19254764687967987,0.75
2009-02-01,EM,2.0363481723839802,0.0
2009-02-01,AU,-0.9879131333509042,1.0
2009-03-01,US,-0.4541082434651362,0.75
2009-03-01,GB,0.4419953306592408,0.5
2009-03-01,EU,0.20861699047264826,0.75
2009-03-01,JP,-0.753094536599963,0.75
2009-03-01,CH,-0.34208191443908037,0.75
2009-03-01,EM,1.9438139127838379,0.0
2009-03-01,AU,-1.0451415394115475,0.75
2009-04-01,US,-0.36977633645596986,0.75
2009-04-01,GB,0.6332903063773433,0.5
2009-04-01,EU,0.14418586015135149,0.5
2009-04-01,JP,-0.8593237102015547,0.75
2009-04-01,CH,-0.021894681734448616,0.75
2009-04-01,EM,1.7517498347571003,0.0
2009-04-01,AU,-1.2782312728938214,1.0
2009-05-01,US,-0.3103069295115716,0.75
2009-05-01,GB,0.8326798969573712,0.5
2009-05-01,EU,0.26592347428355817,0.5
2009-05-01,JP,-0.886204011799291,0.75
2009-05-01,CH,-0.0907096481485701,0.75
2009-05-01,EM,1.565407600717989,0.0
2009-05-01,AU,-1.3767903824994847,1.0
2009-06-01,US,-0.40925961197930366,0.75
2009-06-01,GB,0.915328644752058,0.5
2009-06-01,EU,0.5472343966914979,0.5
2009-06-01,JP,-0.9624715476179773,0.75
2009-06-01,CH,0.046647915903261276,0.75
2009-06-01,EM,1.3018870930069963,0.0
2009-06-01,AU,-1.4393668907565345,1.0
2009-07-01,US,-0.40672692078334505,0.75
2009-07-01,GB,1.086037490561559,0.5
2009-07-01,EU,0.687288300758446,0.5
2009-07-01,JP,-0.9883594544364104,0.75
2009-07-01,CH,0.19766486155361648,0.5
2009-07-01,EM,0.9369911038313868,0.0
2009-07-01,AU,-1.5128953814852526,1.0
2009-08-01,US,-0.29898911355544255,0.75
2009-08-01,GB,1.4651060285299338,0.0
2009-08-01,EU,0.8838739421434108,0.5
2009-08-01,JP,-0.9443743167956343,0.75
2009-08-01,CH,0.20226014571915577,0.5
2009-08-01,EM,0.11898272663179102,0.5
2009-08-01,AU,-1.426859412673215,1.0
2009-09-01,US,-0.34884088302765665,0.75
2009-09-01,GB,1.7766979591594336,0.0
2009-09-01,EU,0.927982362057562,0.5
2009-09-01,JP,-0.7538622108903393,0.75
2009-09-01,CH,-0.2919094138734347,0.5
2009-09-01,EM,-0.23739473281141438,0.5
2009-09-01,AU,-1.07267308061415,1.0
2009-10-01,US,-0.12897666235406202,0.75
2009-10-01,GB,1.585216457241977,0.0
2009-10-01,EU,0.7457079323403433,0.5
2009-10-01,JP,-0.46121080083844695,0.75
2009-10-01,CH,-0.06008081834696477,0.75
2009-10-01,EM,-1.6421216370612686,0.75
2009-10-01,AU,-0.03853447098157865,1.0
2009-11-01,US,-0.06179961671291574,0.75
2009-11-01,GB,0.6799321408770455,0.0
2009-11-01,EU,0.6648775375588679,0.5
2009-11-01,JP,-0.11787106671035243,0.75
2009-11-01,CH,0.5180096092526636,0.75
2009-11-01,EM,-2.1440889461118475,1.0
2009-11-01,AU,0.46094034184653926,0.75
2009-12-01,US,-0.09892993363858427,0.75
2009-12-01,GB,0.11382638809007316,0.5
2009-12-01,EU,0.616014015878947,0.5
2009-12-01,JP,0.23539668965034227,0.75
2009-12-01,CH,0.42405509828429305,0.5
2009-12-01,EM,-2.150178047267024,1.0
2009-12-01,AU,0.8598157890019531,0.5
2010-01-01,US,0.18072768927704508,0.75
2010-01-01,GB,0.34992291726176367,0.5
2010-01-01,EU,0.4570288094662082,0.5
2010-01-01,JP,0.12610769714996323,0.5
2010-01-01,CH,0.34024936551083856,0.5
2010-01-01,EM,-2.218197688454486,1.0
2010-01-01,AU,0.7641612097886668,0.5
2010-02-01,US,0.19879914601054796,0.5
2010-02-01,GB,0.4495972986437911,0.5
2010-02-01,EU,0.3517906864642112,0.5
2010-02-01,JP,0.10100675499822746,0.5
2010-02-01,CH,0.4131966243239612,0.5
2010-02-01,EM,-2.2246695067066184,1.0
2010-02-01,AU,0.7102789962658791,0.5
2010-03-01,US,0.09389617114049373,0.5
2010-03-01,GB,0.32211976969450157,0.5
2010-03-01,EU,0.4376631242009423,0.5
2010-03-01,JP,0.30997228324933934,0.5
2010-03-01,CH,0.3397066062269137,0.5
2010-03-01,EM,-2.227203864937972,1.0
2010-03-01,AU,0.7238459104257816,0.5
2010-04-01,US,0.18990281693998257,0.5
2010-04-01,GB,0.1876194967606042,0.5
2010-04-01,EU,0.5649389916341112,0.5
2010-04-01,JP,0.3080965883687062,0.5
2010-04-01,CH,0.29203027340394566,0.5
2010-04-01,EM,-2.2272448837674674,1.0
2010-04-01,AU,0.6846567166601175,0.5
2010-05-01,US,0.28012068195228634,0.5
2010-05-01,GB,0.18725197679463632,0.5
2010-05-01,EU,0.9964336645670743,0.5
2010-05-01,JP,0.10964976450194193,0.5
2010-05-01,CH,0.323905894097301,0.5
2010-05-01,EM,-2.168652242371043,1.0
2010-05-01,AU,0.2712902604578036,0.5
2010-06-01,US,0.7110129397288256,0.5
2010-06-01,GB,0.7546552811225617,0.5
2010-06-01,EU,0.8861290140942234,0.5
2010-06-01,JP,-0.2962949972069551,0.5
2010-06-01,CH,0.149802537597169,0.5
2010-06-01,EM,-1.9964687208405847,1.0
2010-06-01,AU,-0.20883605449523995,0.5
2010-07-01,US,1.1868327978367195,0.5
2010-07-01,GB,0.8370628826793346,0.5
2010-07-01,EU,0.5819048325817557,0.5
2010-07-01,JP,-0.31761950211883755,0.75
2010-07-01,CH,-0.43259176549861605,0.5
2010-07-01,EM,-1.8060078367614147,1.0
2010-07-01,AU,-0.04958140871894115,0.75
2010-08-01,US,1.1559292110950903,0.0
2010-08-01,GB,-0.2164366250419195,0.5
2010-08-01,EU,1.0272357156188379,0.5
2010-08-01,JP,-1.0565698579549425,0.75
2010-08-01,CH,-0.6459090019785859,0.75
2010-08-01,EM,0.8662032421592308,1.0
2010-08-01,AU,-1.1304526838977098,0.75
2010-09-01,US,1.6382134211790746,0.0
2010-09-01,GB,0.4909173001423044,0.75
2010-09-01,EU,0.6013590952064011,0.0
2010-09-01,JP,-0.3524471995714798,1.0
2010-09-01,CH,-0.4364811360278058,0.75
2010-09-01,EM,-1.47776147333077,0.5
2010-09-01,AU,-0.4638000075977249,1.0
2010-10-01,US,2.071955475374178,0.0
2010-10-01,GB,0.2164656943605074,0.5
2010-10-01,EU,0.23256945017260117,0.5
2010-10-01,JP,-0.5367409914604494,0.75
2010-10-01,CH,-0.6798249738927583,0.75
2010-10-01,EM,-0.7024111087956252,1.0
2010-10-01,AU,-0.6020135457584536,0.75
2010-11-01,US,0.9205466149291693,0.0
2010-11-01,GB,0.9052742572037058,0.5
2010-11-01,EU,0.7046057048072107,0.5
2010-11-01,JP,0.1200699205115129,0.75
2010-11-01,CH,-0.6083554055385227,0.75
2010-11-01,EM,-1.8477869558699715,0.75
2010-11-01,AU,-0.19435413604310495,0.75
2010-12-01,US,1.3736202260725299,0.5
2010-12-01,GB,0.4014413975621532,0.5
2010-12-01,EU,0.55149154814954,0.5
2010-12-01,JP,-0.08454633448515528,0.5
2010-12-01,CH,-0.3552180033309275,0.75
2010-12-01,EM,-1.8746718693602964,1.0
2010-12-01,AU,-0.012116964607844408,0.75
2011-01-01,US,1.4489177053449986,0.0
2011-01-01,GB,0.3198386021995083,0.5
2011-01-01,EU,-0.5998811087213561,0.5
2011-01-01,JP,0.2694024434035718,0.75
2011-01-01,CH,-0.5246907807469847,0.75
2011-01-01,EM,-1.6129259574065116,1.0
2011-01-01,AU,0.6993390959267738,0.75
2011-02-01,US,1.3865155260263156,0.0
2011-02-01,GB,-0.6449622389359638,0.5
2011-02-01,EU,-1.2530968600641088,0.75
2011-02-01,JP,0.491163242513761,0.5
2011-02-01,CH,-0.4464787252233087,0.75
2011-02-01,EM,-0.6445748553825241,1.0
2011-02-01,AU,1.1114339110658293,0.5
2011-03-01,US,1.0486673603038652,0.0
2011-03-01,GB,-0.07775958213635271,0.75
2011-03-01,EU,-1.9611547543742553,1.0
2011-03-01,JP,0.06526337554359579,0.5
2011-03-01,CH,-0.39578952729073014,0.75
2011-03-01,EM,0.7469681969935905,0.75
2011-03-01,AU,0.5738049309602865,0.0
2011-04-01,US,1.2083727012065248,0.0
2011-04-01,GB,0.27576496596435957,0.75
2011-04-01,EU,-1.9881735278658046,1.0
2011-04-01,JP,-0.13911380464324663,0.5
2011-04-01,CH,-0.263316922199781,0.75
2011-04-01,EM,0.3776494585304371,0.5
2011-04-01,AU,0.5288171290075109,0.5
2011-05-01,US,1.0283710584288523,0.0
2011-05-01,GB,0.4482996690269855,0.5
2011-05-01,EU,-1.937313243474323,1.0
2011-05-01,JP,-0.051483265372252215,0.75
2011-05-01,CH,0.027403295539798568,0.75
2011-05-01,EM,-0.4162047591694718,0.5
2011-05-01,AU,0.9009272450204105,0.5
2011-06-01,US,0.77939133729381,0.0
2011-06-01,GB,0.27685879301662164,0.5
2011-06-01,EU,-2.0109291186797678,1.0
2011-06-01,JP,-0.06369609278664472,0.75
2011-06-01,CH,0.3682624662051237,0.5
2011-06-01,EM,-0.35356906392460785,0.75
2011-06-01,AU,1.003681678875465,0.5
2011-07-01,US,0.6056158233288489,0.5
2011-07-01,GB,0.3797255782470915,0.5
2011-07-01,EU,-2.063139242817237,1.0
2011-07-01,JP,-0.4197768591522972,0.75
2011-07-01,CH,0.9339697689584465,0.5
2011-07-01,EM,0.3939564320519809,0.75
2011-07-01,AU,0.16964849938316645,0.0
2011-08-01,US,0.8403495766996922,0.5
2011-08-01,GB,-0.37210335944652706,0.5
2011-08-01,EU,-1.5338767719402462,1.0
2011-08-01,JP,-0.8268173163384407,0.75
2011-08-01,CH,0.555111646039807,0.5
2011-08-01,EM,1.34563333458177,0.5
2011-08-01,AU,-0.00829710959605442,0.5
2011-09-01,US,-0.04876452849259424,0.5
2011-09-01,GB,-0.5343416325779438,0.75
2011-09-01,EU,-0.3225516637617524,1.0
2011-09-01,JP,-0.5562117717886244,0.75
2011-09-01,CH,0.660939026518768,0.5
2011-09-01,EM,1.9073004856860776,0.0
2011-09-01,AU,-1.1063699155839308,0.75
2011-10-01,US,-0.32941472011495615,0.75
2011-10-01,GB,-0.3900640482215445,0.75
2011-10-01,EU,0.21968954836226048,0.75
2011-10-01,JP,-1.0338209522098962,0.75
2011-10-01,CH,0.8828191245578283,0.5
2011-10-01,EM,1.6728287542643872,0.0
2011-10-01,AU,-1.0220377066380788,1.0
2011-11-01,US,-0.3029873237013874,0.75
2011-11-01,GB,0.08927490492962428,0.75
2011-11-01,EU,0.04644920140789534,0.5
2011-11-01,JP,-0.8460251777816301,1.0
2011-11-01,CH,-0.08179557768425842,0.5
2011-11-01,EM,2.060158522912348,0.0
2011-11-01,AU,-0.9650745500825918,1.0
2011-12-01,US,-0.19676084880813638,0.75
2011-12-01,GB,0.37288602343715216,0.5
2011-12-01,EU,0.10150486370512006,0.5
2011-12-01,JP,-0.9099146883826057,0.75
2011-12-01,CH,-0.13219996073045728,0.75
2011-12-01,EM,1.9110159993571618,0.0
2011-12-01,AU,-1.1465313885782342,0.75
2012-01-01,US,-0.4022780086874988,0.75
2012-01-01,GB,0.4625094622044015,0.5
2012-01-01,EU,0.6374501373887088,0.5
2012-01-01,JP,-1.04542977575603,0.75
2012-01-01,CH,-0.16242868025499843,0.75
2012-01-01,EM,1.6637168460084806,0.0
2012-01-01,AU,-1.1535399809030646,1.0
2012-02-01,US,-0.3496933601835249,0.75
2012-02-01,GB,0.6272694661412845,0.5
2012-02-01,EU,0.9822026460367005,0.5
2012-02-01,JP,-1.0649741532423582,1.0
2012-02-01,CH,-0.17304400749356882,0.75
2012-02-01,EM,1.2843367895613231,0.0
2012-02-01,AU,-1.3060973808198566,1.0
2012-03-01,US,-0.21406446975880916,0.75
2012-03-01,GB,0.3927503383597681,0.5
2012-03-01,EU,1.2052556003041819,0.5
2012-03-01,JP,-1.006564583779401,1.0
2012-03-01,CH,-0.021958772480122134,0.75
2012-03-01,EM,1.1010534403970582,0.0
2012-03-01,AU,-1.4564715530426753,1.0
2012-04-01,US,-0.42539203329034053,0.75
2012-04-01,GB,0.01399869282552501,0.5
2012-04-01,EU,1.003436761008586,0.0
2012-04-01,JP,-0.8721289534242755,1.0
2012-04-01,CH,-0.05038168173660334,0.75
2012-04-01,EM,1.5784230507387258,0.0
2012-04-01,AU,-1.247955836121618,1.0
2012-05-01,US,-0.5069533871120903,0.75
2012-05-01,GB,-0.13075897347355966,0.5
2012-05-01,EU,0.6667126285706934,0.0
2012-05-01,JP,-0.7394671638249789,0.75
2012-05-01,CH,-0.10481325028307388,0.75
2012-05-01,EM,1.8894052810001036,0.0
2012-05-01,AU,-1.0741251348770942,1.0
2012-06-01,US,-0.4919117045322162,0.75
2012-06-01,GB,-0.146917429977495,0.75
2012-06-01,EU,0.7501306671295075,0.5
2012-06-01,JP,-0.7541302705444938,0.75
2012-06-01,CH,-0.19357748832064386,0.75
2012-06-01,EM,1.8704031216197494,0.0
2012-06-01,AU,-1.0339968953744074,1.0
2012-07-01,US,-0.4839693748235941,0.75
2012-07-01,GB,-0.03701791348718651,0.75
2012-07-01,EU,0.8667417435031728,0.5
2012-07-01,JP,-0.9852531020631176,0.75
2012-07-01,CH,-0.01956503402770214,0.75
2012-07-01,EM,1.7124405747772968,0.0
2012-07-01,AU,-1.0533768938788701,1.0
2012-08-01,US,-0.6254703352652118,0.75
2012-08-01,GB,0.45549756859943485,0.75
2012-08-01,EU,0.7974831030238169,0.5
2012-08-01,JP,-1.0459692289301963,0.75
2012-08-01,CH,-0.03020681292518785,0.75
2012-08-01,EM,1.5603184417491842,0.0
2012-08-01,AU,-1.1116527362518398,1.0
2012-09-01,US,-0.4327210133100829,0.75
2012-09-01,GB,0.16916871202331463,0.5
2012-09-01,EU,0.3566873585120174,0.5
2012-09-01,JP,-1.0508017082376877,1.0
2012-09-01,CH,-0.516996817667106,0.75
2012-09-01,EM,2.0018716679416806,0.0
2012-09-01,AU,-0.5272081992621367,1.0
2012-10-01,US,-0.5938997549139428,0.75
2012-10-01,GB,-0.1274070323602961,0.5
2012-10-01,EU,0.23779283529862705,0.5
2012-10-01,JP,-0.7462410660267459,1.0
2012-10-01,CH,-0.19804789597975747,0.75
2012-10-01,EM,2.1208655322936734,0.0
2012-10-01,AU,-0.6930626183115587,0.75
2012-11-01,US,-0.7898083458118418,0.75
2012-11-01,GB,-0.26108714634333574,0.75
2012-11-01,EU,0.6497639375231433,0.5
2012-11-01,JP,-1.240745235460411,0.75
2012-11-01,CH,0.8507533169229122,0.75
2012-11-01,EM,1.4701953913531522,0.0
2012-11-01,AU,-0.6790719181836188,0.75
2012-12-01,US,-0.7063520617656667,0.75
2012-12-01,GB,-0.7269580427603887,0.75
2012-12-01,EU,0.16409187217239374,0.5
2012-12-01,JP,-0.8082278740480113,1.0
2012-12-01,CH,0.2877567131256444,0.5
2012-12-01,EM,2.0368040527126805,0.0
2012-12-01,AU,-0.2471146594366529,0.75
2013-01-01,US,-0.6503016717574021,0.75
2013-01-01,GB,-0.5464040607651007,0.75
2013-01-01,EU,-0.7584964871011146,0.5
2013-01-01,JP,-0.6670476451839167,0.75
2013-01-01,CH,0.6357222131231117,0.5
2013-01-01,EM,1.9630555737157527,0.0
2013-01-01,AU,0.02347207796867042,0.75
2013-02-01,US,-0.41339749397690756,0.75
2013-02-01,GB,-0.24259525339267551,0.75
2013-02-01,EU,-0.2977955321437169,0.75
2013-02-01,JP,-0.7006365389732206,0.75
2013-02-01,CH,-0.2327525894781489,0.5
2013-02-01,EM,2.2389232676802457,0.0
2013-02-01,AU,-0.351745859715577,0.5
2013-03-01,US,-0.5360627745095007,0.75
2013-03-01,GB,-0.02308904983797154,0.75
2013-03-01,EU,-0.11261342403988464,0.75
2013-03-01,JP,-0.9814703249205226,0.75
2013-03-01,CH,-0.056673785071183445,0.75
2013-03-01,EM,2.1338274036501654,0.0
2013-03-01,AU,-0.4239180452711018,0.75
2013-04-01,US,-0.9874274714642076,0.75
2013-04-01,GB,-0.012462679390194083,0.75
2013-04-01,EU,-0.21392135263800388,0.75
2013-04-01,JP,-1.0673869061266044,0.75
2013-04-01,CH,1.0345633310993705,0.75
2013-04-01,EM,1.621411653605246,0.0
2013-04-01,AU,-0.3747765750856054,0.75
2013-05-01,US,0.26254513533255314,0.75
2013-05-01,GB,-0.3272650196129072,0.75
2013-05-01,EU,0.9502328998594454,0.75
2013-05-01,JP,0.13942670091081222,1.0
2013-05-01,CH,0.4080709605507363,0.0
2013-05-01,EM,-2.078177762572407,0.0
2013-05-01,AU,0.6451670855317668,0.75
2013-06-01,US,0.7181080924120731,0.5
2013-06-01,GB,-0.933289387003354,0.75
2013-06-01,EU,0.9019836425413995,0.5
2013-06-01,JP,1.1634397069772766,0.5
2013-06-01,CH,-0.40374747040309633,0.5
2013-06-01,EM,-1.5096759073155481,1.0
2013-06-01,AU,0.06318132279124813,0.5
2013-07-01,US,0.25076945477279566,0.5
2013-07-01,GB,-0.9973046289352413,0.75
2013-07-01,EU,-0.15122658146214193,0.5
2013-07-01,JP,0.7290137794256706,0.0
2013-07-01,CH,-1.11260783707761,0.75
2013-07-01,EM,1.7198755319342,1.0
2013-07-01,AU,-0.4385197186576733,0.5
2013-08-01,US,-0.13658116942630807,0.5
2013-08-01,GB,-1.5174521702788137,0.75
2013-08-01,EU,-0.5261694583070514,0.75
2013-08-01,JP,1.2865828636387928,0.5
2013-08-01,CH,-0.4983472940852822,1.0
2013-08-01,EM,1.2104728381867238,0.0
2013-08-01,AU,0.18149439027193892,0.75
2013-09-01,US,-0.09923538757570687,0.75
2013-09-01,GB,-1.5816161562461308,1.0
2013-09-01,EU,0.12940773278290463,0.75
2013-09-01,JP,1.4326254512110306,0.0
2013-09-01,CH,0.8549751295763768,0.75
2013-09-01,EM,-0.8249890765716942,0.0
2013-09-01,AU,0.08883230682322066,0.5
2013-10-01,US,0.581283137557578,0.75
2013-10-01,GB,-0.9247591657948359,1.0
2013-10-01,EU,0.6345448180082535,0.5
2013-10-01,JP,1.2505932169632656,0.0
2013-10-01,CH,0.13308318750889522,0.5
2013-10-01,EM,-1.680047804801322,0.75
2013-10-01,AU,0.0053026105581652,0.5
2013-11-01,US,0.9343219983539136,0.5
2013-11-01,GB,-0.7855991243852972,0.75
2013-11-01,EU,0.3384353269294227,0.5
2013-11-01,JP,1.4666920120722484,0.0
2013-11-01,CH,0.052462819262031765,0.5
2013-11-01,EM,-1.3413533162999394,1.0
2013-11-01,AU,-0.664959715932381,0.5
2013-12-01,US,0.9483718569232463,0.5
2013-12-01,GB,-0.9518725117745477,0.75
2013-12-01,EU,-0.1723731938533342,0.5
2013-12-01,JP,1.5608975283074151,0.0
2013-12-01,CH,0.3368986040375961,0.5
2013-12-01,EM,-1.1182616331114466,1.0
2013-12-01,AU,-0.6036606505289291,0.75
2014-01-01,US,0.20115014080237462,0.5
2014-01-01,GB,-0.6689291135207558,0.75
2014-01-01,EU,1.3260292283908008,0.75
2014-01-01,JP,0.31105744175668154,0.0
2014-01-01,CH,1.0218612334648947,0.5
2014-01-01,EM,-0.7698919778113132,1.0
2014-01-01,AU,-1.421276953082683,0.75
2014-02-01,US,0.4951967056408107,0.5
2014-02-01,GB,-0.8042957675473756,0.75
2014-02-01,EU,0.7936789226174435,0.0
2014-02-01,JP,0.19709517418177458,0.5
2014-02-01,CH,1.4611061241412313,0.0
2014-02-01,EM,-1.0060868760361075,0.75
2014-02-01,AU,-1.1366942829977773,1.0
2014-03-01,US,0.15586422760086838,0.5
2014-03-01,GB,-1.9314968179766763,0.75
2014-03-01,EU,0.8549921070524114,0.5
2014-03-01,JP,0.14301822688480292,0.5
2014-03-01,CH,1.1872604439914412,0.0
2014-03-01,EM,-0.19883644638500775,1.0
2014-03-01,AU,-0.21080174116783978,1.0
2014-04-01,US,0.26716738461310424,0.5
2014-04-01,GB,-1.4577701134625203,1.0
2014-04-01,EU,1.3157222850017782,0.5
2014-04-01,JP,0.24432963501508953,0.5
2014-04-01,CH,0.8601907065305752,0.0
2014-04-01,EM,-1.1231360869415297,0.75
2014-04-01,AU,-0.10650381075649697,0.75
2014-05-01,US,0.14564412237836405,0.5
2014-05-01,GB,-1.5671223554616018,1.0
2014-05-01,EU,1.2867318498004827,0.0
2014-05-01,JP,0.14820712336106978,0.5
2014-05-01,CH,0.7405447449937588,0.5
2014-05-01,EM,-1.0885512134169468,1.0
2014-05-01,AU,0.3345457283448738,0.75
2014-06-01,US,-0.1551967796846976,0.5
2014-06-01,GB,-1.7816706062534466,1.0
2014-06-01,EU,1.5824569773524861,0.0
2014-06-01,JP,-0.02588156995028009,0.5
2014-06-01,CH,0.20741885735588125,0.5
2014-06-01,EM,-0.2590766295729736,1.0
2014-06-01,AU,0.4319497507530307,0.5
2014-07-01,US,-0.40016755036035867,0.75
2014-07-01,GB,-1.6794067152402974,1.0
2014-07-01,EU,1.1151559811361975,0.0
2014-07-01,JP,0.5153176394121746,0.75
2014-07-01,CH,0.30799718906484846,0.5
2014-07-01,EM,-0.7677550546263341,0.75
2014-07-01,AU,0.9088585106137699,0.5
2014-08-01,US,0.033154867008529015,0.75
2014-08-01,GB,-1.8897878925367857,1.0
2014-08-01,EU,1.436692996321514,0.0
2014-08-01,JP,-0.053619267767034295,0.5
2014-08-01,CH,0.26934576570207364,0.5
2014-08-01,EM,-0.26343527010080064,0.75
2014-08-01,AU,0.4676488013725046,0.5
2014-09-01,US,-0.2348376021619735,0.5
2014-09-01,GB,-1.5913049128816708,1.0
2014-09-01,EU,1.7044644794026114,0.0
2014-09-01,JP,0.24049215555794307,0.75
2014-09-01,CH,0.4997449856728707,0.5
2014-09-01,EM,-0.37451605392792175,0.75
2014-09-01,AU,-0.2440430516618595,0.5
2014-10-01,US,-0.2435523663993803,0.75
2014-10-01,GB,-1.8611395475358228,1.0
2014-10-01,EU,0.8723251164061557,0.0
2014-10-01,JP,0.29553527080134645,0.5
2014-10-01,CH,0.37644590266239625,0.5
2014-10-01,EM,1.095613587754592,0.75
2014-10-01,AU,-0.5352279636892873,0.75
2014-11-01,US,-0.6916184876273723,0.75
2014-11-01,GB,-0.9574140771744553,1.0
2014-11-01,EU,0.486750011859527,0.5
2014-11-01,JP,-0.11054890384587791,0.5
2014-11-01,CH,0.657130982321877,0.5
2014-11-01,EM,1.6743257864394123,0.0
2014-11-01,AU,-1.0586253119731113,0.75
2014-12-01,US,-1.307608991550129,0.75
2014-12-01,GB,-0.2636883294235534,0.75
2014-12-01,EU,0.5323503610439648,0.5
2014-12-01,JP,-0.16511610050701464,0.75
2014-12-01,CH,0.5796504120465811,0.5
2014-12-01,EM,1.6120191527731391,0.0
2014-12-01,AU,-0.9876065043829888,1.0
2015-01-01,US,-0.7715394711215331,1.0
2015-01-01,GB,-0.4413206867284675,0.75
2015-01-01,EU,-0.14807875374561208,0.5
2015-01-01,JP,-0.49445402272142647,0.75
2015-01-01,CH,1.1944520012664106,0.5
2015-01-01,EM,1.6146849650127195,0.0
2015-01-01,AU,-0.9537440319620907,0.75
2015-02-01,US,-1.0508140271471573,0.75
2015-02-01,GB,-0.6168710319244063,0.75
2015-02-01,EU,0.05453180751841083,0.75
2015-02-01,JP,-0.3408627738485209,0.75
2015-02-01,CH,1.1868644758676985,0.0
2015-02-01,EM,1.5440047531287535,0.0
2015-02-01,AU,-0.7768532035947783,0.75
2015-03-01,US,-0.8295097369798192,1.0
2015-03-01,GB,-0.2661493535886635,0.75
2015-03-01,EU,0.021403402152568408,0.5
2015-03-01,JP,-0.42483665913904495,0.75
2015-03-01,CH,0.814956722369143,0.0
2015-03-01,EM,1.7846277921273863,0.0
2015-03-01,AU,-1.1004921669415704,0.75
2015-04-01,US,-0.8869586706578944,0.75
2015-04-01,GB,-0.5198953453981627,0.75
2015-04-01,EU,-0.02232827373873136,0.5
2015-04-01,JP,-0.12106290562453709,0.75
2015-04-01,CH,1.2801680943189033,0.5
2015-04-01,EM,1.4102948380215186,0.0
2015-04-01,AU,-1.1402177369210964,1.0
2015-05-01,US,-0.9618578319384385,0.75
2015-05-01,GB,-0.3824102035178602,0.75
2015-05-01,EU,-0.16435885732547761,0.75
2015-05-01,JP,-0.061872493181714096,0.75
2015-05-01,CH,1.490533096773289,0.0
2015-05-01,EM,1.196024599671488,0.0
2015-05-01,AU,-1.116058310481286,1.0
2015-06-01,US,-0.8648765408090016,0.75
2015-06-01,GB,-0.014430821636313266,0.75
2015-06-01,EU,-0.19964836192901075,0.75
2015-06-01,JP,-0.19397179558670471,0.75
2015-06-01,CH,1.8634556607119706,0.0
2015-06-01,EM,0.578654419156654,0.0
2015-06-01,AU,-1.1691825599075951,1.0
2015-07-01,US,-0.7240783684108449,0.75
2015-07-01,GB,-0.0739822470906381,0.75
2015-07-01,EU,-0.03860635383132062,0.75
2015-07-01,JP,-0.2953343668369773,0.75
2015-07-01,CH,1.620113514201149,0.0
2015-07-01,EM,0.9043405664686709,0.5
2015-07-01,AU,-1.392452744500038,1.0
2015-08-01,US,-0.9040589756609356,0.75
2015-08-01,GB,-0.2136400444131493,0.75
2015-08-01,EU,-0.06304214325206962,0.75
2015-08-01,JP,-0.0018779880823269724,0.75
2015-08-01,CH,1.4792059852576225,0.0
2015-08-01,EM,1.0560788759020066,0.5
2015-08-01,AU,-1.3526657097511474,1.0
2015-09-01,US,-0.6361298802461143,0.75
2015-09-01,GB,-0.03920254957617076,0.75
2015-09-01,EU,-0.30636837698570035,0.75
2015-09-01,JP,-0.3051244080187508,0.75
2015-09-01,CH,1.5009571126583587,0.0
2015-09-01,EM,1.1441416597377134,0.0
2015-09-01,AU,-1.3582735575693363,1.0
2015-10-01,US,-0.8998406829551154,0.75
2015-10-01,GB,-0.463634060176195,0.75
2015-10-01,EU,0.15597168155466515,0.75
2015-10-01,JP,-0.157430274887779,0.75
2015-10-01,CH,1.502165127550048,0.0
2015-10-01,EM,1.0847059142690552,0.0
2015-10-01,AU,-1.221937705354679,1.0
2015-11-01,US,-1.2438616275699264,0.75
2015-11-01,GB,-0.5948125868497561,0.75
2015-11-01,EU,0.515459214426293,0.5
2015-11-01,JP,0.010659549346213505,0.75
2015-11-01,CH,1.772892300477213,0.0
2015-11-01,EM,0.31024451604210374,0.0
2015-11-01,AU,-0.770581365872141,1.0
2015-12-01,US,-1.2093908924171732,1.0
2015-12-01,GB,-0.9071780580879689,0.75
2015-12-01,EU,0.7014802853129156,0.5
2015-12-01,JP,0.28095471694326535,0.5
2015-12-01,CH,1.6932044929447005,0.0
2015-12-01,EM,-0.03441274716356643,0.5
2015-12-01,AU,-0.5246577975321726,0.75
2016-01-01,US,-1.3762250756605756,1.0
2016-01-01,GB,-0.2767140940680606,0.75
2016-01-01,EU,1.2419073994279466,0.5
2016-01-01,JP,0.6695454258957926,0.5
2016-01-01,CH,1.0252328077980415,0.0
2016-01-01,EM,-0.35577536045963626,0.75
2016-01-01,AU,-0.9279711029335077,0.75
2016-02-01,US,-0.7264949999696009,1.0
2016-02-01,GB,-0.2868892652978986,0.75
2016-02-01,EU,1.1535474993138686,0.0
2016-02-01,JP,1.141868788036868,0.5
2016-02-01,CH,0.7316422193332613,0.0
2016-02-01,EM,-0.6964977179353502,0.75
2016-02-01,AU,-1.317176523481148,0.75
2016-03-01,US,-0.5559711718232614,0.75
2016-03-01,GB,-0.30379992697293107,0.75
2016-03-01,EU,1.0486025922641193,0.0
2016-03-01,JP,1.3707865005916033,0.0
2016-03-01,CH,0.48284508856030034,0.5
2016-03-01,EM,-1.4091822677470838,0.75
2016-03-01,AU,-0.6332808148727466,1.0
2016-04-01,US,-1.0256128393918744,0.75
2016-04-01,GB,-0.40091122792067907,0.75
2016-04-01,EU,1.2790817468943574,0.0
2016-04-01,JP,1.5526876516805328,0.0
2016-04-01,CH,-0.4593913494856922,0.5
2016-04-01,EM,-0.27027070221401334,1.0
2016-04-01,AU,-0.6755832795626309,0.75
2016-05-01,US,-1.261804021673629,1.0
2016-05-01,GB,-0.06779405736322108,0.75
2016-05-01,EU,1.2747938555628706,0.0
2016-05-01,JP,1.2003075092051283,0.0
2016-05-01,CH,-0.9058790296604662,0.75
2016-05-01,EM,0.37419717218689025,0.75
2016-05-01,AU,-0.6138214282575728,0.75
2016-06-01,US,-0.4864598377481064,1.0
2016-06-01,GB,0.9838498531813046,0.75
2016-06-01,EU,0.7571721641946877,0.0
2016-06-01,JP,0.33526303044454203,0.0
2016-06-01,CH,-0.8874123552704686,0.75
2016-06-01,EM,0.8888525851578754,0.5
2016-06-01,AU,-1.5912654399598354,0.75
2016-07-01,US,-0.8000805841236746,0.75
2016-07-01,GB,0.9747992592743921,0.5
2016-07-01,EU,0.526070014079265,0.5
2016-07-01,JP,0.4107147672904813,0.5
2016-07-01,CH,-1.4440108573425519,0.75
2016-07-01,EM,1.1211760117324103,0.5
2016-07-01,AU,-0.7886686109103239,1.0
2016-08-01,US,-1.2714023500394724,0.75
2016-08-01,GB,1.3537967855330628,0.5
2016-08-01,EU,0.569004034801172,0.5
2016-08-01,JP,-0.15048883493957363,0.5
2016-08-01,CH,-1.0493518429402198,1.0
2016-08-01,EM,0.9644472004161374,0.0
2016-08-01,AU,-0.41600499283110665,0.75
2016-09-01,US,-1.7943560758741732,1.0
2016-09-01,GB,0.8273250228541821,0.0
2016-09-01,EU,0.6611377626964617,0.5
2016-09-01,JP,0.6359641432354687,0.75
2016-09-01,CH,-0.9166136983329596,1.0
2016-09-01,EM,0.6411716383322749,0.5
2016-09-01,AU,-0.054628792911255684,0.75
2016-10-01,US,-1.5101465814316246,1.0
2016-10-01,GB,0.7985110691387569,0.5
2016-10-01,EU,0.5974610241456699,0.5
2016-10-01,JP,1.0561455820585315,0.5
2016-10-01,CH,-1.246601120945729,0.75
2016-10-01,EM,0.21947202264384635,0.5
2016-10-01,AU,0.08515800439054849,0.75
2016-11-01,US,-1.0158521156896938,1.0
2016-11-01,GB,1.1568522712379197,0.5
2016-11-01,EU,0.4059660328739794,0.5
2016-11-01,JP,0.23154876242912203,0.0
2016-11-01,CH,-1.6679869151875324,1.0
2016-11-01,EM,0.7864621265027676,0.5
2016-11-01,AU,0.10300983783343759,0.5
2016-12-01,US,-1.350225604281061,1.0
2016-12-01,GB,1.5774669048068701,0.0
2016-12-01,EU,0.9311006379390312,0.5
2016-12-01,JP,-0.15643897165959306,0.5
2016-12-01,CH,-0.6599938662044408,1.0
2016-12-01,EM,0.2182912666290695,0.5
2016-12-01,AU,-0.5602003672298752,0.5
2017-01-01,US,-1.9458893122626981,1.0
2017-01-01,GB,0.3828408781689805,0.0
2017-01-01,EU,0.5765866125203936,0.5
2017-01-01,JP,0.39579966784532383,0.75
2017-01-01,CH,-0.790031198628374,0.75
2017-01-01,EM,0.7066529049523269,0.5
2017-01-01,AU,0.6740404474040476,0.75
2017-02-01,US,-1.774582641527662,1.0
2017-02-01,GB,0.6493715867985215,0.5
2017-02-01,EU,1.0039364615107544,0.5
2017-02-01,JP,0.16074766853273556,0.5
2017-02-01,CH,-0.8689112180491682,0.75
2017-02-01,EM,0.02971631956253688,0.5
2017-02-01,AU,0.7997218231722816,0.5
2017-03-01,US,-2.067366882551528,1.0
2017-03-01,GB,0.7988326834302112,0.5
2017-03-01,EU,0.8074935096198522,0.0
2017-03-01,JP,-0.05805844367834941,0.5
2017-03-01,CH,-0.298410010047089,0.75
2017-03-01,EM,0.4767061430677949,0.5
2017-03-01,AU,0.3408030001591079,0.5
2017-04-01,US,-1.9147319464672006,1.0
2017-04-01,GB,1.1058446462168534,0.5
2017-04-01,EU,0.7483536730855063,0.5
2017-04-01,JP,-0.32798198605578366,0.75
2017-04-01,CH,-0.2333817239194106,0.75
2017-04-01,EM,0.6235655350241914,0.5
2017-04-01,AU,-0.0016681978841568239,0.5
2017-05-01,US,-1.9385825920939093,1.0
2017-05-01,GB,0.8441517708235965,0.0
2017-05-01,EU,0.8664509037759132,0.5
2017-05-01,JP,-0.5190163608510555,0.75
2017-05-01,CH,0.1908926734041545,0.75
2017-05-01,EM,0.6768779221562428,0.5
2017-05-01,AU,-0.12077431721494271,0.75
2017-06-01,US,-2.0258946461828113,1.0
2017-06-01,GB,-0.2414107043548658,0.5
2017-06-01,EU,0.8255136122936032,0.5
2017-06-01,JP,0.29536892014029353,0.75
2017-06-01,CH,-0.17933527887688103,0.5
2017-06-01,EM,0.38200734893776656,0.5
2017-06-01,AU,0.9437507480428945,0.75
2017-07-01,US,-1.980401470768459,1.0
2017-07-01,GB,-0.06858266035689828,0.75
2017-07-01,EU,1.2324903608014557,0.5
2017-07-01,JP,0.10972704540334088,0.5
2017-07-01,CH,0.31879863283948584,0.75
2017-07-01,EM,-0.2334160772503934,0.5
2017-07-01,AU,0.6213841693314682,0.5
2017-08-01,US,-1.6417022180142917,1.0
2017-08-01,GB,0.14897247789513748,0.75
2017-08-01,EU,1.2397671437388056,0.0
2017-08-01,JP,0.36043298462738554,0.5
2017-08-01,CH,0.31566533523824486,0.5
2017-08-01,EM,-1.056115076816872,0.75
2017-08-01,AU,0.6329793533315901,0.5
2017-09-01,US,-1.6957020823420792,1.0
2017-09-01,GB,-0.5396232452889014,0.5
2017-09-01,EU,1.3454553436861219,0.0
2017-09-01,JP,0.25038187739193973,0.5
2017-09-01,CH,0.369148877534234,0.5
2017-09-01,EM,-0.49238416467884927,1.0
2017-09-01,AU,0.7627233936975353,0.5
2017-10-01,US,-2.0019241465348863,1.0
2017-10-01,GB,-0.19170756342260042,0.75
2017-10-01,EU,1.2654796395795194,0.0
2017-10-01,JP,0.14008218481221998,0.5
2017-10-01,CH,0.3054954594555649,0.5
2017-10-01,EM,-0.008432300438856668,0.75
2017-10-01,AU,0.49100672654903893,0.5
2017-11-01,US,-1.850377578227514,1.0
2017-11-01,GB,-0.9471452658251959,0.75
2017-11-01,EU,0.713795704326231,0.0
2017-11-01,JP,0.5368550033706018,0.5
2017-11-01,CH,0.37745237160544803,0.5
2017-11-01,EM,0.7506307601063155,0.75
2017-11-01,AU,0.4187890046441138,0.5
2017-12-01,US,-1.9950216120135338,1.0
2017-12-01,GB,-0.6568572333491611,0.75
2017-12-01,EU,0.23937990400258502,0.5
2017-12-01,JP,0.6054217942191626,0.5
2017-12-01,CH,0.41496122669717744,0.5
2017-12-01,EM,0.5878847944148317,0.5
2017-12-01,AU,0.8042311260289382,0.5
2018-01-01,US,-1.9379021104799874,1.0
2018-01-01,GB,-0.7994078223999842,0.75
2018-01-01,EU,0.480882766162585,0.5
2018-01-01,JP,0.663339704087409,0.5
2018-01-01,CH,0.4214832969547196,0.5
2018-01-01,EM,0.3984008878756622,0.5
2018-01-01,AU,0.773203277799596,0.5
2018-02-01,US,-1.7768248791782855,1.0
2018-02-01,GB,-0.9949012801614541,0.75
2018-02-01,EU,0.07160654603149473,0.5
2018-02-01,JP,0.7349656515716241,0.5
2018-02-01,CH,0.5855938378530645,0.5
2018-02-01,EM,0.6083872661757523,0.5
2018-02-01,AU,0.7711728577078039,0.5
2018-03-01,US,-1.7927998757711139,1.0
2018-03-01,GB,-1.0231549997560463,0.75
2018-03-01,EU,0.46055980026938237,0.5
2018-03-01,JP,0.8561924763109297,0.5
2018-03-01,CH,0.6631168514045156,0.5
2018-03-01,EM,0.3700954100461771,0.5
2018-03-01,AU,0.46599033749615504,0.5
2018-04-01,US,-1.9449925432179687,1.0
2018-04-01,GB,-0.6803419925111239,1.0
2018-04-01,EU,0.5633343626433267,0.5
2018-04-01,JP,0.8849228416825888,0.5
2018-04-01,CH,0.38274796072231004,0.5
2018-04-01,EM,0.08754462447072521,0.5
2018-04-01,AU,0.706784746210141,0.5
2018-05-01,US,-1.9580569027887502,1.0
2018-05-01,GB,-0.3876105029627414,0.75
2018-05-01,EU,0.5157019013414041,0.5
2018-05-01,JP,0.9165769188063287,0.5
2018-05-01,CH,0.23434889386174096,0.5
2018-05-01,EM,-0.21915837491618353,0.5
2018-05-01,AU,0.8981980666582015,0.5
2018-06-01,US,-2.0846767780835758,1.0
2018-06-01,GB,-0.21717189458983382,0.75
2018-06-01,EU,0.7792953200605299,0.5
2018-06-01,JP,0.6931090518050221,0.5
2018-06-01,CH,0.20670420365212835,0.5
2018-06-01,EM,-0.06454783038429601,0.75
2018-06-01,AU,0.6872879275400252,0.5
2018-07-01,US,-2.078118017108083,1.0
2018-07-01,GB,-0.3659408516005362,0.75
2018-07-01,EU,0.43811104917037397,0.5
2018-07-01,JP,0.751039115099383,0.5
2018-07-01,CH,0.5233033868727995,0.5
2018-07-01,EM,0.012219464026690153,0.75
2018-07-01,AU,0.7193858535393719,0.5
2018-08-01,US,-2.0358880216341166,1.0
2018-08-01,GB,-0.5902961876569901,0.75
2018-08-01,EU,0.34228844659629426,0.5
2018-08-01,JP,0.7034951154666317,0.5
2018-08-01,CH,0.5023540385539699,0.5
2018-08-01,EM,0.36410648016463565,0.5
2018-08-01,AU,0.7139401285095753,0.5
2018-09-01,US,-2.1445820024858953,1.0
2018-09-01,GB,-0.1716962508288824,0.75
2018-09-01,EU,0.1225560310999558,0.5
2018-09-01,JP,0.7936096646599871,0.5
2018-09-01,CH,0.4044917640422863,0.5
2018-09-01,EM,0.3144962101136933,0.5
2018-09-01,AU,0.6811245833988552,0.5
2018-10-01,US,-2.191388091577148,1.0
2018-10-01,GB,0.009124596923480095,0.75
2018-10-01,EU,0.23075188683919162,0.5
2018-10-01,JP,0.6720676516002823,0.5
2018-10-01,CH,0.5691967499525675,0.5
2018-10-01,EM,0.11366643813079072,0.5
2018-10-01,AU,0.5965807681308357,0.5
2018-11-01,US,-2.1260200284152475,1.0
2018-11-01,GB,-0.033644327800696434,0.5
2018-11-01,EU,0.33954255256331545,0.5
2018-11-01,JP,0.7462271875720223,0.5
2018-11-01,CH,0.5376301747320288,0.5
2018-11-01,EM,-0.16426040021635868,0.5
2018-11-01,AU,0.7005248415649358,0.5
2018-12-01,US,-1.8724413642184548,1.0
2018-12-01,GB,-0.8548315802835494,0.75
2018-12-01,EU,0.5335516223648873,0.5
2018-12-01,JP,0.7272434136761873,0.5
2018-12-01,CH,0.27641581880698696,0.5
2018-12-01,EM,0.8823778709340063,0.75
2018-12-01,AU,0.3076842187199374,0.5
2019-01-01,US,-1.7191666234965224,1.0
2019-01-01,GB,-0.5358130702645489,0.75
2019-01-01,EU,0.08047373550592277,0.5
2019-01-01,JP,0.3169286469539781,0.5
2019-01-01,CH,0.4544810057562763,0.5
2019-01-01,EM,1.5558192101988315,0.5
2019-01-01,AU,-0.1527229046539377,0.5
2019-02-01,US,-1.3452039138127083,1.0
2019-02-01,GB,-0.013980468584771083,0.75
2019-02-01,EU,-0.16035739284773717,0.5
2019-02-01,JP,-0.32957720187310724,0.5
2019-02-01,CH,-0.1917505216208005,0.5
2019-02-01,EM,2.0044451490458055,0.0
2019-02-01,AU,0.03642434969331908,0.75
2019-03-01,US,-0.0659317933555386,1.0
2019-03-01,GB,0.4895332059628779,0.75
2019-03-01,EU,-0.7903232306660078,0.75
2019-03-01,JP,-0.779612430379561,0.75
2019-03-01,CH,-0.5587606583926835,0.75
2019-03-01,EM,2.0267953178661786,0.0
2019-03-01,AU,-0.3217004110352654,0.5
2019-04-01,US,0.6920540475773651,0.75
2019-04-01,GB,-0.6127398718168627,0.5
2019-04-01,EU,-0.7150782287441866,0.75
2019-04-01,JP,-0.8214021139560495,0.75
2019-04-01,CH,0.00924467405034463,0.75
2019-04-01,EM,1.930453380052218,0.0
2019-04-01,AU,-0.4825318871628284,0.75
2019-05-01,US,1.0284656454784225,0.5
2019-05-01,GB,-0.7402994927000142,0.75
2019-05-01,EU,-0.6491815384866657,0.75
2019-05-01,JP,-0.7762251779029117,0.75
2019-05-01,CH,-0.08898328403591779,0.5
2019-05-01,EM,1.7555922066620269,0.0
2019-05-01,AU,-0.52936835901494,0.75
2019-06-01,US,1.2198814573728056,0.0
2019-06-01,GB,-0.7082511528849373,0.75
2019-06-01,EU,-0.590760573968841,0.75
2019-06-01,JP,-0.7691662748992828,0.75
2019-06-01,CH,0.010921574113498676,0.75
2019-06-01,EM,1.5846499671629208,0.0
2019-06-01,AU,-0.7472749968961638,0.75
2019-07-01,US,0.9929617062686434,0.0
2019-07-01,GB,-0.34323752399604246,0.75
2019-07-01,EU,-0.5776926300643316,0.75
2019-07-01,JP,-0.8957050375079736,0.75
2019-07-01,CH,-0.008205980498582992,0.5
2019-07-01,EM,1.7224847382535247,0.0
2019-07-01,AU,-0.8906052724552381,0.75
2019-08-01,US,1.3272480238983373,0.5
2019-08-01,GB,-0.48626855231363897,0.75
2019-08-01,EU,-0.39216767680309517,0.75
2019-08-01,JP,-0.8131554063372016,0.75
2019-08-01,CH,-0.007012566959682715,0.75
2019-08-01,EM,1.4342645890140855,0.0
2019-08-01,AU,-1.0629084104988038,0.75
2019-09-01,US,1.4179492621150729,0.0
2019-09-01,GB,-0.1974517080835083,0.75
2019-09-01,EU,-0.5071538048321163,0.75
2019-09-01,JP,-0.7485091354233548,0.75
2019-09-01,CH,-0.44584580038295707,0.75
2019-09-01,EM,1.4276234153697014,0.0
2019-09-01,AU,-0.9466122287628369,1.0
2019-10-01,US,1.6480067207324085,0.0
2019-10-01,GB,-0.4265181853860911,0.75
2019-10-01,EU,-0.6467247268918533,0.75
2019-10-01,JP,-0.6401511225915497,0.75
2019-10-01,CH,-0.5757705184255845,0.75
2019-10-01,EM,1.2525275148668231,0.0
2019-10-01,AU,-0.6113696823041522,0.75
2019-11-01,US,1.4106455441366537,0.0
2019-11-01,GB,-0.37694469827075516,0.75
2019-11-01,EU,-0.6170600860262669,0.75
2019-11-01,JP,-0.7778548600285444,0.75
2019-11-01,CH,-0.5382480240393525,0.75
2019-11-01,EM,1.4956621110780033,0.0
2019-11-01,AU,-0.5961999868497371,0.75
2019-12-01,US,1.521831058363341,0.0
2019-12-01,GB,-0.30491218569460554,0.75
2019-12-01,EU,-0.668122568494608,0.75
2019-12-01,JP,-0.8314169753215698,0.75
2019-12-01,CH,-0.549782723530385,0.75
2019-12-01,EM,1.366124874917732,0.0
2019-12-01,AU,-0.5337214802399046,0.75
2020-01-01,US,1.6407189910931623,0.0
2020-01-01,GB,-0.36750689896771627,0.75
2020-01-01,EU,-0.520094103256911,0.75
2020-01-01,JP,-0.8817394415053323,0.75
2020-01-01,CH,-0.4392145219137046,0.75
2020-01-01,EM,1.2248986749814013,0.0
2020-01-01,AU,-0.6570627004309,0.75
2020-02-01,US,1.8136873207622137,0.0
2020-02-01,GB,-0.1575987353841544,0.75
2020-02-01,EU,-0.44563767633462675,0.75
2020-02-01,JP,-0.7217272862626004,0.75
2020-02-01,CH,-0.48889220118152454,0.75
2020-02-01,EM,0.9293856741722347,0.0
2020-02-01,AU,-0.9292170957715428,0.75
2020-03-01,US,1.8949639639293907,0.0
2020-03-01,GB,-0.11420641322017819,0.75
2020-03-01,EU,-0.5156256600568543,0.75
2020-03-01,JP,-0.5660217037962407,0.75
2020-03-01,CH,-0.5550792681156194,0.75
2020-03-01,EM,0.7915042663576981,0.5
2020-03-01,AU,-0.9355351850981959,0.75
2020-04-01,US,1.9602350948059613,0.0
2020-04-01,GB,0.08162316380645251,0.75
2020-04-01,EU,-0.5570921389346375,0.75
2020-04-01,JP,-0.5942827885325408,0.75
2020-04-01,CH,-0.5840504222995614,0.75
2020-04-01,EM,0.5881427326829818,0.5
2020-04-01,AU,-0.8945756415286561,0.75
2020-05-01,US,1.9988241124651938,0.0
2020-05-01,GB,0.09695847822151965,0.5
2020-05-01,EU,-0.6390220616367511,0.75
2020-05-01,JP,-0.5118403579221393,0.75
2020-05-01,CH,-0.6192855693333597,0.75
2020-05-01,EM,0.5036802273595832,0.5
2020-05-01,AU,-0.8293148291540459,0.75
2020-06-01,US,1.9558860609593778,0.0
2020-06-01,GB,0.2801617087453573,0.5
2020-06-01,EU,-0.6733827682654073,0.75
2020-06-01,JP,-0.5989525057287853,0.75
2020-06-01,CH,-0.7082964413585859,0.75
2020-06-01,EM,0.48447174524815234,0.5
2020-06-01,AU,-0.7398877996001085,0.75
2020-07-01,US,2.0845510031460326,0.0
2020-07-01,GB,0.002640149324293703,0.5
2020-07-01,EU,-0.5651644617189595,0.75
2020-07-01,JP,-0.5997133511890802,0.75
2020-07-01,CH,-0.6371972872003077,0.75
2020-07-01,EM,0.37169250033173373,0.5
2020-07-01,AU,-0.6568085526937122,0.75
2020-08-01,US,2.003531072556621,0.0
2020-08-01,GB,0.12938983914891403,0.5
2020-08-01,EU,-0.797397462526334,0.75
2020-08-01,JP,-0.6241029489924864,0.75
2020-08-01,CH,-0.7461037906134673,0.75
2020-08-01,EM,0.4569448611680491,0.5
2020-08-01,AU,-0.4222615707412959,0.75
2020-09-01,US,2.018826054178338,0.0
2020-09-01,GB,-0.15278906739586692,0.5
2020-09-01,EU,-0.6239206776554077,0.75
2020-09-01,JP,-0.7088816161546584,0.75
2020-09-01,CH,-0.45745535423136446,0.75
2020-09-01,EM,0.5934066362269549,0.5
2020-09-01,AU,-0.6691859749679951,0.75
2020-10-01,US,1.9075731692015536,0.0
2020-10-01,GB,-0.0472795739379249,0.75
2020-10-01,EU,-0.5543908039481357,0.75
2020-10-01,JP,-0.803371409439682,0.75
2020-10-01,CH,-0.452632087518649,0.75
2020-10-01,EM,0.7496643484938009,0.5
2020-10-01,AU,-0.799563642850964,0.75
2020-11-01,US,2.0302153512890384,0.0
2020-11-01,GB,-0.012288597079123331,0.75
2020-11-01,EU,-0.5104486187900612,0.75
2020-11-01,JP,-0.7318687271435721,0.75
2020-11-01,CH,-0.5934241548996111,0.75
2020-11-01,EM,0.5060409558057499,0.5
2020-11-01,AU,-0.6882262091824208,0.75
2020-12-01,US,1.8574441352637545,0.0
2020-12-01,GB,0.07880292928133384,0.75
2020-12-01,EU,-0.6520785563133192,0.75
2020-12-01,JP,-0.7793373592071526,0.75
2020-12-01,CH,-0.6092994700003074,0.75
2020-12-01,EM,0.8053661411077522,0.5
2020-12-01,AU,-0.7008978201320611,0.75
2021-01-01,US,1.852255605554633,0.0
2021-01-01,GB,0.16714442602950452,0.5
2021-01-01,EU,-0.6356286528441453,0.75
2021-01-01,JP,-0.7351691943447038,0.75
2021-01-01,CH,-0.7568900095611643,0.75
2021-01-01,EM,0.7675753286264582,0.5
2021-01-01,AU,-0.6592875034605833,0.75
2021-02-01,US,1.7713280184553708,0.0
2021-02-01,GB,-0.3491132455935998,0.5
2021-02-01,EU,-0.7049568284458071,0.75
2021-02-01,JP,-0.6849232115932987,0.75
2021-02-01,CH,-0.9282061490717842,0.75
2021-02-01,EM,0.9536894054089441,0.5
2021-02-01,AU,-0.05781798915982434,0.75
2021-03-01,US,0.19773457895909757,0.0
2021-03-01,GB,-0.8620979113657011,0.75
2021-03-01,EU,-0.16114197946891476,0.75
2021-03-01,JP,-0.9149663019893631,0.75
2021-03-01,CH,-0.7573688934775609,0.75
2021-03-01,EM,0.6738781181230015,0.5
2021-03-01,AU,1.8239623892194405,0.75
2021-04-01,US,0.13773314829279495,0.5
2021-04-01,GB,-0.9735318428436911,0.75
2021-04-01,EU,0.04475834770957314,0.75
2021-04-01,JP,-1.0337723644597627,0.75
2021-04-01,CH,-0.6970770518087372,0.75
2021-04-01,EM,0.8757849700747048,0.5
2021-04-01,AU,1.646104793035118,0.0
2021-05-01,US,-0.2174135096652703,0.5
2021-05-01,GB,-0.973433824949001,0.75
2021-05-01,EU,0.2604267919770691,0.5
2021-05-01,JP,-1.2045935896712834,1.0
2021-05-01,CH,-0.42864762966519215,0.75
2021-05-01,EM,1.1913584578873162,0.5
2021-05-01,AU,1.3723033040863593,0.0
2021-06-01,US,-0.3145193590342608,0.75
2021-06-01,GB,-1.1811010975290501,0.75
2021-06-01,EU,-0.08899843556838732,0.5
2021-06-01,JP,-0.9351269761130183,1.0
2021-06-01,CH,-0.1571158653684528,0.75
2021-06-01,EM,1.4284720285847496,0.0
2021-06-01,AU,1.2483897050284198,0.0
2021-07-01,US,-0.31336706409728693,0.75
2021-07-01,GB,-1.2895846303199199,1.0
2021-07-01,EU,0.5323354353530173,0.75
2021-07-01,JP,-0.5821953580166799,0.75
2021-07-01,CH,-0.7833690848868453,0.75
2021-07-01,EM,1.0852656840792867,0.0
2021-07-01,AU,1.350915017888428,0.0
2021-08-01,US,-0.2002010339101318,0.75
2021-08-01,GB,-1.7439802872165384,1.0
2021-08-01,EU,0.6747707951544768,0.5
2021-08-01,JP,-0.28450804998873697,0.75
2021-08-01,CH,-0.4941678360669021,0.75
2021-08-01,EM,1.1666283061297267,0.0
2021-08-01,AU,0.8814581058981058,0.0
2021-09-01,US,-0.26197846497225374,0.75
2021-09-01,GB,-1.7948735006934649,1.0
2021-09-01,EU,0.4782193221073219,0.5
2021-09-01,JP,0.05621893135697606,0.75
2021-09-01,CH,-0.3838842312771216,0.75
2021-09-01,EM,0.4463999784294784,0.0
2021-09-01,AU,1.4598979650490633,0.5
2021-10-01,US,0.06013623990878803,0.75
2021-10-01,GB,-1.074951239116319,1.0
2021-10-01,EU,0.562020901493459,0.5
2021-10-01,JP,0.3099164796455132,0.5
2021-10-01,CH,0.319541001842733,0.75
2021-10-01,EM,-1.5565340486245032,0.5
2021-10-01,AU,1.3798706648503294,0.0
2021-11-01,US,-0.24027861599215328,0.5
2021-11-01,GB,-1.0121768066860488,1.0
2021-11-01,EU,0.7703381037767694,0.5
2021-11-01,JP,0.3728821810970969,0.5
2021-11-01,CH,0.8806865098308648,0.5
2021-11-01,EM,-1.6331480373631861,1.0
2021-11-01,AU,0.8616966653366568,0.0
2021-12-01,US,-0.45103825189772395,0.75
2021-12-01,GB,-1.4804537705082568,1.0
2021-12-01,EU,0.7206125657292902,0.5
2021-12-01,JP,0.47240617484742303,0.5
2021-12-01,CH,0.8601930793492377,0.5
2021-12-01,EM,-1.0892156437426082,1.0
2021-12-01,AU,0.9674958462226376,0.5
2022-01-01,US,-0.9551835237036796,0.75
2022-01-01,GB,-1.261491390386513,1.0
2022-01-01,EU,0.8435850231689079,0.5
2022-01-01,JP,0.802564589496466,0.5
2022-01-01,CH,0.48387137669836555,0.5
2022-01-01,EM,-0.9320274183297567,1.0
2022-01-01,AU,1.01868134305621,0.5
2022-02-01,US,-1.3253285569139335,0.75
2022-02-01,GB,-0.5708145017255589,1.0
2022-02-01,EU,0.7578475523408892,0.5
2022-02-01,JP,0.6933407270000499,0.5
2022-02-01,CH,0.6011059136257063,0.5
2022-02-01,EM,-1.1936697668550622,0.75
2022-02-01,AU,1.0375186325279095,0.0
2022-03-01,US,-1.3700135745925717,1.0
2022-03-01,GB,-0.3233516865349069,0.75
2022-03-01,EU,0.27338594711538167,0.5
2022-03-01,JP,0.8508159454919854,0.5
2022-03-01,CH,0.46326268695967066,0.5
2022-03-01,EM,-1.1717249322527865,1.0
2022-03-01,AU,1.277625613813228,0.0
2022-04-01,US,-1.2761912795738566,1.0
2022-04-01,GB,-0.2499641699258651,0.75
2022-04-01,EU,0.15111685333782304,0.5
2022-04-01,JP,0.9870876123243444,0.5
2022-04-01,CH,0.4677260823327441,0.5
2022-04-01,EM,-1.2828126782601423,1.0
2022-04-01,AU,1.2030375797649544,0.0
2022-05-01,US,-1.1367832210921998,1.0
2022-05-01,GB,-0.2508965390376289,0.75
2022-05-01,EU,-0.02903847388274008,0.5
2022-05-01,JP,1.0842067390825032,0.5
2022-05-01,CH,0.43646230666521735,0.5
2022-05-01,EM,-1.3311401955125828,1.0
2022-05-01,AU,1.2271893837774306,0.0
2022-06-01,US,-1.2164118594825433,1.0
2022-06-01,GB,-0.3351125848945592,0.75
2022-06-01,EU,-0.04081089455151014,0.75
2022-06-01,JP,1.1513453215736815,0.0
2022-06-01,CH,0.4934724450611962,0.5
2022-06-01,EM,-1.217015732451881,1.0
2022-06-01,AU,1.1645333047456166,0.0
2022-07-01,US,-1.3220725911299498,1.0
2022-07-01,GB,-0.3307922611112728,0.75
2022-07-01,EU,0.1021925424997446,0.75
2022-07-01,JP,1.0889013323076437,0.0
2022-07-01,CH,0.47677222398889463,0.5
2022-07-01,EM,-1.1735038060050669,1.0
2022-07-01,AU,1.158502559450006,0.0
2022-08-01,US,-1.0800349527203585,1.0
2022-08-01,GB,-0.7152903464411138,0.75
2022-08-01,EU,-0.17101355021336806,0.5
2022-08-01,JP,1.2565576422231697,0.0
2022-08-01,CH,0.32303838648385924,0.5
2022-08-01,EM,-0.9323644989257452,1.0
2022-08-01,AU,1.3191073195935579,0.0
2022-09-01,US,-1.075542059188739,1.0
2022-09-01,GB,-0.9722844856127137,0.75
2022-09-01,EU,-0.20743589397776396,0.75
2022-09-01,JP,1.2287270841955336,0.0
2022-09-01,CH,0.4513812631520805,0.5
2022-09-01,EM,-0.7063862587469015,0.75
2022-09-01,AU,1.2815403501785045,0.0
2022-10-01,US,-1.4344730257586507,1.0
2022-10-01,GB,-0.4987606545520939,0.75
2022-10-01,EU,-0.4887550850913541,0.75
2022-10-01,JP,1.2130403703969057,0.0
2022-10-01,CH,0.46362531930969975,0.5
2022-10-01,EM,-0.4906097967102684,0.75
2022-10-01,AU,1.2359328724057623,0.0
2022-11-01,US,-1.255057204170663,1.0
2022-11-01,GB,-0.5453259011634423,0.75
2022-11-01,EU,-0.6312472831074866,0.75
2022-11-01,JP,1.2494984049133107,0.0
2022-11-01,CH,0.20904434714618664,0.5
2022-11-01,EM,-0.4219115649606207,0.75
2022-11-01,AU,1.3949992013427146,0.0
2022-12-01,US,-1.060941438654738,1.0
2022-12-01,GB,-0.4518875747075462,0.75
2022-12-01,EU,-0.8201938450900542,0.75
2022-12-01,JP,1.3198567043488694,0.0
2022-12-01,CH,0.08866773502254685,0.5
2022-12-01,EM,-0.49175566187170544,0.75
2022-12-01,AU,1.4162540809526274,0.0
2023-01-01,US,-0.9623403719724009,1.0
2023-01-01,GB,-0.46862555457442023,0.75
2023-01-01,EU,-1.0005668657101998,0.75
2023-01-01,JP,1.2556964392971643,0.0
2023-01-01,CH,0.1583790671414113,0.5
2023-01-01,EM,-0.4223164431392538,0.75
2023-01-01,AU,1.4397737289576977,0.0
2023-02-01,US,-0.9589214245954768,0.75
2023-02-01,GB,-0.42074795264343623,0.75
2023-02-01,EU,-1.047636115216013,1.0
2023-02-01,JP,1.3273224711725529,0.0
2023-02-01,CH,0.15701870096104845,0.5
2023-02-01,EM,-0.4158928344900207,0.75
2023-02-01,AU,1.3588571548113464,0.0
2023-03-01,US,-0.4553594933499593,0.75
2023-03-01,GB,-0.7941382605109983,0.75
2023-03-01,EU,-1.3246588008351052,1.0
2023-03-01,JP,1.3901178409745625,0.0
2023-03-01,CH,-0.11201616141662793,0.5
2023-03-01,EM,0.09016685261983874,0.75
2023-03-01,AU,1.2058880225182902,0.0
2023-04-01,US,-0.2831749249768654,0.75
2023-04-01,GB,-1.2184901191947408,0.75
2023-04-01,EU,-1.279829953177677,1.0
2023-04-01,JP,1.218298847895714,0.0
2023-04-01,CH,0.0795497725940325,0.75
2023-04-01,EM,0.4209294775609238,0.5
2023-04-01,AU,1.062716899298613,0.0
2023-05-01,US,-0.559466166639983,0.75
2023-05-01,GB,-1.4563164830712108,1.0
2023-05-01,EU,-0.786783136087849,1.0
2023-05-01,JP,1.2696913398695182,0.0
2023-05-01,CH,0.3456261573514006,0.5
2023-05-01,EM,0.08827306942276544,0.5
2023-05-01,AU,1.0989752191553586,0.0
2023-06-01,US,-0.33309759979192494,0.75
2023-06-01,GB,-1.5507519899383457,1.0
2023-06-01,EU,-0.6497381315078031,0.75
2023-06-01,JP,1.2396241990383796,0.0
2023-06-01,CH,0.30077711117230177,0.5
2023-06-01,EM,-0.18959553171842816,0.5
2023-06-01,AU,1.1827819427458195,0.0
2023-07-01,US,-0.4024850998917138,0.75
2023-07-01,GB,-1.4506161097609929,1.0
2023-07-01,EU,-0.8297033780975707,0.75
2023-07-01,JP,1.2199261860538397,0.0
2023-07-01,CH,0.297035985940436,0.5
2023-07-01,EM,-0.0452771705380656,0.75
2023-07-01,AU,1.2111195862940671,0.0
2023-08-01,US,-0.5501300346393886,0.75
2023-08-01,GB,-1.5092185706263712,1.0
2023-08-01,EU,-0.7768756653827635,0.75
2023-08-01,JP,1.12245078404637,0.0
2023-08-01,CH,0.6495627059183254,0.5
2023-08-01,EM,-0.000802053409886003,0.75
2023-08-01,AU,1.065012834093714,0.0
2023-09-01,US,-0.4400648811366526,0.75
2023-09-01,GB,-0.12354658028115667,1.0
2023-09-01,EU,-1.4726384200941354,0.75
2023-09-01,JP,1.2611542734092998,0.0
2023-09-01,CH,0.19102911278415413,0.5
2023-09-01,EM,-0.6631751504945859,0.75
2023-09-01,AU,1.2472416458130757,0.0
2023-10-01,US,0.21321401865540102,0.75
2023-10-01,GB,-1.3230063071865101,0.75
2023-10-01,EU,-0.3891963434837682,1.0
2023-10-01,JP,1.2522377738791421,0.0
2023-10-01,CH,-0.005134845977245318,0.5
2023-10-01,EM,-0.9815026966435687,0.75
2023-10-01,AU,1.2333884007565483,0.0
2023-11-01,US,0.3850790243050697,0.5
2023-11-01,GB,-1.587041328705119,1.0
2023-11-01,EU,-0.06516449445109573,0.75
2023-11-01,JP,1.1557367613024516,0.0
2023-11-01,CH,0.3588102927882239,0.75
2023-11-01,EM,-1.0812295466648914,0.75
2023-11-01,AU,0.83380929142536,0.0
2023-12-01,US,0.693195757248787,0.5
2023-12-01,GB,-1.3964817377525967,1.0
2023-12-01,EU,1.3436264208308486,0.75
2023-12-01,JP,0.10261210382399463,0.0
2023-12-01,CH,0.5178850567294245,0.5
2023-12-01,EM,-1.2179545592537806,1.0
2023-12-01,AU,-0.04288304162667768,0.5
2024-01-01,US,0.590960782480693,0.5
2024-01-01,GB,-1.5616827379606975,1.0
2024-01-01,EU,1.0461077633147948,0.0
2024-01-01,JP,0.45311791744212215,0.5
2024-01-01,CH,0.5833879451557937,0.5
2024-01-01,EM,-1.2465115605491779,1.0
2024-01-01,AU,0.13461989011647157,0.75
2024-02-01,US,0.9207185322688489,0.5
2024-02-01,GB,-1.7807576082975125,1.0
2024-02-01,EU,0.8503843886922462,0.0
2024-02-01,JP,-0.1031141682503736,0.5
2024-02-01,CH,0.8886134753364916,0.5
2024-02-01,EM,-0.667915380373828,1.0
2024-02-01,AU,-0.10792923937587265,0.5
2024-03-01,US,-0.41237930573789583,0.5
2024-03-01,GB,-1.1080487235522343,1.0
2024-03-01,EU,0.40358653679382717,0.5
2024-03-01,JP,0.3989427066960695,0.75
2024-03-01,CH,1.4217830254074368,0.5
2024-03-01,EM,-1.3546735085128971,0.75
2024-03-01,AU,0.650789268905694,0.75
2024-04-01,US,-1.0097132126118293,0.75
2024-04-01,GB,-0.6484675733049753,1.0
2024-04-01,EU,0.3332898178064042,0.5
2024-04-01,JP,0.5741677227181323,0.5
2024-04-01,CH,1.135519619270081,0.0
2024-04-01,EM,-1.3662336583236896,1.0
2024-04-01,AU,0.9814372844458785,0.5
2024-05-01,US,-0.4953521677209416,1.0
2024-05-01,GB,0.8775272363605573,0.75
2024-05-01,EU,-0.17105651976709507,0.5
2024-05-01,JP,-0.5486188727141923,0.5
2024-05-01,CH,0.5183776880666938,0.0
2024-05-01,EM,-1.568487301237856,1.0
2024-05-01,AU,1.3876099370128343,0.5
2024-06-01,US,-0.016431682502334143,0.75
2024-06-01,GB,1.7983077329565764,0.5
2024-06-01,EU,0.264521219991909,0.75
2024-06-01,JP,-1.4425830823762025,0.75
2024-06-01,CH,0.3719621063198022,0.5
2024-06-01,EM,-0.5016062944882647,1.0
2024-06-01,AU,-0.4741699999014863,0.0
2024-07-01,US,0.6591537858483212,0.75
2024-07-01,GB,1.568057377443371,0.0
2024-07-01,EU,0.25665256749407545,0.5
2024-07-01,JP,-1.4074524076410047,1.0
2024-07-01,CH,0.3110059236878186,0.5
2024-07-01,EM,-0.7128336658779125,0.75
2024-07-01,AU,-0.6745835809546701,0.75
2024-08-01,US,1.1334423576863455,0.5
2024-08-01,GB,1.207496039057067,0.0
2024-08-01,EU,0.34645889724471096,0.5
2024-08-01,JP,-1.4468113884151121,1.0
2024-08-01,CH,0.18117092484594888,0.5
2024-08-01,EM,-0.7258054026015768,0.75
2024-08-01,AU,-0.6959514278173828,0.75
2024-09-01,US,1.3318958341070533,0.0
2024-09-01,GB,0.3594179454471194,0.0
2024-09-01,EU,0.8374308566584268,0.5
2024-09-01,JP,-1.6017528435558699,1.0
2024-09-01,CH,0.2491468707692478,0.5
2024-09-01,EM,-0.39282029197266594,0.75
2024-09-01,AU,-0.7833183714533111,0.75
2024-10-01,US,1.2158774916788233,0.0
2024-10-01,GB,-0.35875241463732876,0.5
2024-10-01,EU,0.610178548971874,0.5
2024-10-01,JP,-1.6226348828654944,1.0
2024-10-01,CH,0.9632774655623353,0.5
2024-10-01,EM,-0.14572439500831438,0.75
2024-10-01,AU,-0.6622218137018944,0.75
2024-11-01,US,0.5838596150007536,0.0
2024-11-01,GB,-0.016251922612358558,0.75
2024-11-01,EU,0.818960247780836,0.5
2024-11-01,JP,-1.7130712194404127,1.0
2024-11-01,CH,1.268252213796201,0.5
2024-11-01,EM,-0.4993852461346589,0.75
2024-11-01,AU,-0.44236368839036116,0.75
2024-12-01,US,0.23587314956171682,0.5
2024-12-01,GB,-0.8992672347166064,0.75
2024-12-01,EU,0.5037727829528758,0.5
2024-12-01,JP,-1.0599860057864552,1.0
2024-12-01,CH,1.8780738433158672,0.0
2024-12-01,EM,-0.4140109137548425,0.75
2024-12-01,AU,-0.24445562157255585,0.75
2025-01-01,US,0.07856379729219243,0.5
2025-01-01,GB,-0.06923342753820703,0.75
2025-01-01,EU,0.47246330948241066,0.5
2025-01-01,JP,-1.5826534859096184,1.0
2025-01-01,CH,1.7408992207806946,0.0
2025-01-01,EM,-0.43285920429884145,0.75
2025-01-01,AU,-0.20718020980863075,0.75
2025-02-01,US,0.7008733548106332,0.5
2025-02-01,GB,-0.1491372375842,0.75
2025-02-01,EU,1.0353171457220933,0.5
2025-02-01,JP,-1.662887153360087,1.0
2025-02-01,CH,1.0678227486999339,0.0
2025-02-01,EM,-0.4032771769176802,0.75
2025-02-01,AU,-0.588711681370694,0.75
2025-03-01,US,0.860448600382424,0.5
2025-03-01,GB,-0.36299017431795483,0.75
2025-03-01,EU,0.9751776130393083,0.0
2025-03-01,JP,-1.614856515158061,1.0
2025-03-01,CH,1.0474474563018852,0.0
2025-03-01,EM,-0.2761633819774989,0.75
2025-03-01,AU,-0.629063598270103,0.75
2025-04-01,US,1.0165921605981292,0.5
2025-04-01,GB,0.00065824402312921,0.75
2025-04-01,EU,0.9557374386967147,0.5
2025-04-01,JP,-1.5846889742768486,1.0
2025-04-01,CH,0.5983453889181186,0.0
2025-04-01,EM,0.09706592073112556,0.75
2025-04-01,AU,-1.0837101786903685,0.75
2025-05-01,US,0.47492157567650445,0.0
2025-05-01,GB,-0.38893556012509123,0.5
2025-05-01,EU,1.0798650811861394,0.5
2025-05-01,JP,-1.466307316079681,1.0
2025-05-01,CH,1.089317611399104,0.5
2025-05-01,EM,0.24167027151907639,0.5
2025-05-01,AU,-1.030531663576054,1.0
2025-06-01,US,0.8041347875902418,0.5
2025-06-01,GB,-0.23371049846222858,0.75
2025-06-01,EU,0.8597218493569445,0.0
2025-06-01,JP,-1.6394497761535451,1.0
2025-06-01,CH,0.5583171850533589,0.0
2025-06-01,EM,0.6912894241074031,0.5
2025-06-01,AU,-1.0403029714921743,1.0
2025-07-01,US,0.15320405424660136,0.5
2025-07-01,GB,-0.6645868172760958,0.75
2025-07-01,EU,0.925875295443745,0.5
2025-07-01,JP,-1.5766763459034971,1.0
2025-07-01,CH,1.1237404081803597,0.5
2025-07-01,EM,0.7004588364549119,0.5
2025-07-01,AU,-0.6620154311460251,1.0
2025-08-01,US,0.22794105836739115,0.5
2025-08-01,GB,-0.09714872483224951,0.75
2025-08-01,EU,0.7520184440147952,0.5
2025-08-01,JP,-1.8443992762992751,1.0
2025-08-01,CH,1.2007557130779107,0.0
2025-08-01,EM,0.38084111640960533,0.5
2025-08-01,AU,-0.620008330738178,0.75
2025-09-01,US,0.019723462804305102,0.5
2025-09-01,GB,-0.06731231601713496,0.75
2025-09-01,EU,0.2262800575733089,0.5
2025-09-01,JP,-1.7671152904684415,1.0
2025-09-01,CH,1.545163638739042,0.0
2025-09-01,EM,0.4867724165836404,0.5
2025-09-01,AU,-0.4435119692147198,0.75
2025-10-01,US,0.6482773608925627,0.5
2025-10-01,GB,0.9577041972284519,0.75
2025-10-01,EU,0.16783415594328752,0.5
2025-10-01,JP,-1.8016537709149967,1.0
2025-10-01,CH,0.42767508342454197,0.0
2025-10-01,EM,0.5502727019775118,0.5
2025-10-01,AU,-0.9501097285513589,0.75
