Date,ret_net,ret_gross,ret_bm,turnover,tcost,ret_rf,w_US,w_UK,w_EU,w_JP,w_CH,w_AU,w_EM
2000-01-31,-0.0053647717341345465,-0.0053647717341345465,-0.04348608311908664,0.0,0.0,0.0040999999999999995,-0.8483010043350375,-0.16864605544344533,0.49282969916920744,0.8624968147906409,0.17009852695252686,-0.5138427528680269,0.0
2000-02-29,-0.023189768590354595,-0.023189768590354595,-0.001212828824101564,0.3429071548794683,0.0,0.0043,-0.868415421675484,-0.1721579624770104,0.17221002717559145,0.8504574029891341,0.5134331249206946,-0.5187169395232802,0.0
2000-03-31,-0.032145553682529575,-0.032145553682529575,0.05442926311149998,0.01279077877050494,0.0,0.004699999999999999,-0.8791131176687433,-0.17520458688931206,0.17350931014239207,0.8600525545473439,0.5036236915873133,-0.5150134054015234,0.0
2000-04-30,-0.010770233270359496,-0.010770233270359496,-0.038301109449248694,1.7137810581960533,0.0,0.0046,-0.16781609206727988,-0.4985550286669727,0.4826508635228282,0.8544923117423353,-0.851260637433486,0.16971834963221566,0.0
2000-05-31,0.026275061111148825,0.026275061111148825,-0.011619824387154143,0.6775949507518277,0.0,0.005,0.17104162629936429,-0.49569582494269965,-0.17644576342322343,0.864439231203689,-0.8509017504272562,0.5138375424012748,0.0
2000-06-30,-0.0194888769233003,-0.0194888769233003,0.030136117069895274,1.0278788076843712,0.0,0.004,-0.16897145215673579,0.5036598013063046,-0.5076534740128967,0.8290444333306702,-0.8416645245246787,0.16609633913403607,0.0
2000-07-31,0.014508364904227883,0.014508364904227883,-0.023792266927673333,0.3464166183409018,0.0,0.0048,-0.16766095861022653,0.1645593954832616,-0.4880172255171167,0.8415441731288338,-0.8364527340869837,0.5005357145064595,0.0
2000-08-31,-0.015820871424816123,-0.015820871424816123,0.01687493416937813,0.3523556682387977,0.0,0.005,-0.16693574168936579,0.4734695829966311,-0.4698078748240281,0.8129142290023135,-0.8302434976847579,0.16478243077439106,0.0
2000-09-30,0.025921257234962324,0.025921257234962324,-0.03315693836523392,0.37863902840509794,0.0,0.0051,0.16773115547764872,0.5183237735837619,-0.5036076364001392,0.8433233402959992,-0.8324359171734622,-0.16741345854884604,0.0
2000-10-31,0.020551172515188357,0.020551172515188357,-0.015321869419774314,0.661182995779994,0.0,0.005600000000000001,0.16753200725378073,0.8198256468763281,-0.8024227677113659,0.5035770314673563,-0.501219549435842,-0.16674119593506892,0.0
2000-11-30,-0.031739324786518724,-0.031739324786518724,-0.02818826191734969,0.02419066735200172,0.0,0.0051,0.16934701450042447,0.8295993473011468,-0.8666215888876515,0.5053917807798343,-0.5029425156467139,-0.16651336283355878,0.0
2000-12-31,-0.027689702247570978,-0.027689702247570978,0.02434948321520647,0.6987098438684174,0.0,0.005,0.4969028372385108,0.8563255066468081,-0.8844289645432183,-0.16292338152554792,-0.49712252730574213,0.16355682724161844,0.0
2001-01-31,-0.01878955260150044,-0.01878955260150044,0.010555943009654012,0.46882606124524506,0.0,0.0054,0.5593460945644135,0.9104119159940836,-0.5541325793568,-0.1886516018629907,-0.9318371089450588,0.18607372700485206,0.0
2001-02-28,-0.005533051475256156,-0.005533051475256156,-0.048795867360239,0.01460829150836368,0.0,0.0038,0.5641317723489159,0.9178697609789981,-0.5552896411126943,-0.18802261719861987,-0.9304736137751813,0.1862512872833254,0.0
2001-03-31,-0.012746985671594506,-0.012746985671594506,-0.04922215763514304,1.5057102891293557,0.0,0.0042,1.2204772851230183,0.23914095933297091,-0.23339803540169735,-0.7339554369563085,-1.2349202083660418,0.7299084505964638,0.0
2001-04-30,-0.001690188158023762,-0.001690188158023762,0.038953114457780824,0.9934527425571182,0.0,0.0039000000000000003,1.1907777182640358,0.23927847100645067,-1.1974765146003172,-0.24418995105938218,-0.7169951680900578,0.7269152563212469,0.0
2001-05-31,0.05316240974101656,0.05316240974101656,-0.008216110784206476,0.5684775050631895,0.0,0.0032,1.25453394310934,0.24791115455385154,-1.18882590743353,-0.7604326708703533,-0.2516311003986719,0.7516069907803802,0.0
2001-06-30,-0.010928327682173514,-0.010928327682173514,-0.021359090411263826,0.12170702654142343,0.0,0.0028000000000000004,1.1725499450070078,0.23159537523377433,-1.176505280779167,-0.7035409482919862,-0.23694778735586255,0.7019203685040601,0.0
2001-07-31,0.031247130061619846,0.031247130061619846,0.003869245207709149,1.006362837944522,0.0,0.003,1.276625860065103,0.7676719621213959,-0.7802260600845886,-1.231738949383332,-0.24893948517237574,0.24785380251541742,0.0
2001-08-31,0.036558500785273985,0.036558500785273985,-0.00915581979293889,2.031028304981487,0.0,0.0031,1.2402158303017776,-0.2534093529439635,0.7724957269757861,-1.2278542267608716,0.24608169570924793,-0.7409711724967024,0.0
2001-09-30,0.030006550665462085,0.030006550665462085,-0.042868814854046255,0.5864694404465214,0.0,0.0028000000000000004,1.2111699770608948,0.23807371444583103,0.7089625824190782,-1.1818024242306127,-0.23733346215057619,-0.7090638368791532,0.0
2001-10-31,0.005721515652913203,0.005721515652913203,0.013630637349292485,1.4420066502224889,0.0,0.0022,1.1889317249208946,-0.2363147088032131,0.23692936806418344,-1.168718785534542,-0.7134423661505616,0.6983362831561518,0.0
2001-11-30,-0.01293036116327002,-0.01293036116327002,0.022979445001815035,0.026905613257362307,0.0,0.0017000000000000001,1.12951699188733,-0.22496116895522683,0.22777257797311937,-1.1566673041447948,-0.683788767750713,0.6951973098270153,0.0
2001-12-31,-0.013887237941767671,-0.013887237941767671,-0.008954777577066197,0.04050571405099697,0.0,0.0015,1.1479447270450875,-0.23196598066117274,0.22299172743515766,-1.1678254928251413,-0.6819956431570504,0.6969634242213515,0.0
2002-01-31,0.021086028536341225,0.021086028536341225,-0.02468739554286603,1.4466569496334012,0.0,0.0014000000000000002,1.198693356519926,-0.7055411490179728,0.7016144865740682,-1.1734730870058663,0.23787793122868978,-0.2380855097625037,0.0
2002-02-28,0.013861346442712887,0.013861346442712887,-0.0020207261760197825,0.4812433584734611,0.0,0.0013,1.1915666614905334,-0.703576736697877,0.23714504691727795,-1.1823133005265083,0.7065114609919022,-0.23547178573261515,0.0
2002-03-31,-0.05144265732955976,-0.05144265732955976,0.02205047615427369,1.426456377689694,0.0,0.0013,1.1650916750026117,-0.23732536963560136,0.7094629964732013,-0.7305163611708251,0.24042904755707323,-1.1985846455560196,0.0
2002-04-30,0.03471029960344262,0.03471029960344262,-0.001331088822003279,0.9719852778957846,0.0,0.0015,1.2201308933928152,0.24430088762261248,-0.24786963246733165,-0.7138768774288365,0.7195723548033008,-1.1875473263191179,0.0
2002-05-31,-0.0010026414938237589,-0.0010026414938237589,0.01487175660052431,0.990218239875515,0.0,0.0014000000000000002,1.1734502612513122,-0.23189918943682658,-0.7171724941760389,0.2327826513263778,0.7016101481749121,-1.1597740186335603,0.0
2002-06-30,0.028923784708216504,0.028923784708216504,-0.007288949609461026,0.9939206985268193,0.0,0.0013,1.2169085587392479,-0.2543608888794128,0.25908096827202926,-0.7231712226476306,0.7291260402766018,-1.1986596710526192,0.0
2002-07-31,0.042369452810537334,0.042369452810537334,-0.03563502705165478,0.9852437729244504,0.0,0.0015,0.7450076808117057,0.24953042954675755,-0.24237218105040112,-0.7238760706061311,1.219833003608439,-1.2057534094998326,0.0
2002-08-31,0.015984927341620374,0.015984927341620374,0.010433158987546376,0.5131285487791342,0.0,0.0014000000000000002,1.1959026407215343,0.23513271195495503,-0.23753846975582435,-0.7111314107676134,0.7047918664155249,-1.171172411226956,0.0
2002-09-30,0.061079366421166355,0.061079366421166355,-0.04407630862954959,0.9530939693070556,0.0,0.0014000000000000002,0.738815787134725,0.24567240094977152,-0.2451886447335968,-1.1882086867308497,1.2270977522042956,-0.7171092424031793,0.0
2002-10-31,-0.01736018366191494,-0.01736018366191494,0.029076025631141977,0.55902790987639,0.0,0.0014000000000000002,0.6716152307236398,0.222473012174292,-0.2239408757077665,-0.6863209449953032,1.1275011129263959,-1.128687718783173,0.0
2002-11-30,-0.0064574400742620774,-0.0064574400742620774,0.02470264732376548,0.010774943263409165,0.0,0.0012,0.6644166524563079,0.22287413635468814,-0.22690040200012285,-0.6781717406600217,1.1389459163753917,-1.127622002600505,0.0
2002-12-31,0.00986422027590814,0.00986422027590814,0.005356192545459937,0.5720153916527188,0.0,0.0011,0.7463453921251685,0.25464638112094634,-0.7770855777086462,-0.24112047358480582,1.2362826367518844,-1.2092041384286392,0.0
2003-01-31,-0.009541660001007408,-0.009541660001007408,-0.0052626591732434225,1.1125945178733483,0.0,0.001,0.7635647658506941,-0.264525192753005,0.2664320394226044,-0.7750239315955938,1.2849890179394292,-1.2849783588651362,0.0
2003-02-28,0.010029234270876762,0.010029234270876762,0.0009199299894242507,0.5819766615421638,0.0,0.0009,0.8096732957382791,0.25435298981871984,-0.26884825052232175,-0.7925634953429325,1.3261794926347057,-1.3187647980555737,0.0
2003-03-31,-0.016185993374037068,-0.016185993374037068,0.0007118765660765192,1.064231709414901,0.0,0.001,0.7942903223531496,-0.2644495077955854,0.26634686933377083,-1.3335058625662048,1.3168147748040209,-0.7956825895031882,0.0
2003-04-30,-0.0013244404761867837,-0.0013244404761867837,0.04390266004896226,0.5379338112445827,0.0,0.001,0.26565184250444274,-0.2677250482843522,0.8149705083956258,-1.330527758520953,1.3120581007323857,-0.7957520853033359,0.0
2003-05-31,0.05877410651036277,0.05877410651036277,0.04952453470403406,1.0669307241820372,0.0,0.0009,1.3713954442413663,-0.27722868453951033,0.2873293848349627,-1.3369618133808037,0.8133381237431854,-0.7990983483888375,0.0
2003-06-30,-0.00493512186293828,-0.00493512186293828,-0.0014577828712760699,0.5752200735186781,0.0,0.001,0.7846776349327738,-0.2641434530883803,0.2555668679668773,-1.2902797031987923,1.2986261415262712,-0.789382610001688,0.0
2003-07-31,-0.09371630320324126,-0.09371630320324126,-0.007534471300557399,1.0822344524802978,0.0,0.0007000000000000001,0.7506204853654008,-0.2522053763097608,1.2680456879256101,-1.330762811915635,0.26395836217778174,-0.7933726504466383,0.0
2003-08-31,0.019241333174810426,0.019241333174810426,0.006985041585706675,0.3928196256801995,0.0,0.0007000000000000001,0.6508560753105214,-0.2100318019136423,1.0528405675031745,-1.0421540480392595,0.212943496678358,-0.6452129563643418,0.0
2003-09-30,0.03898938176398697,0.03898938176398697,0.03352236095528882,1.3527785717814358,0.0,0.0008,-0.2278739490625383,-0.694962778507884,1.178787556774079,-1.1005177719342485,0.6650407195952344,0.21851560489934424,0.0
2003-10-31,-0.025207757642768128,-0.025207757642768128,0.023960523498449016,0.918560423616023,0.0,0.0007000000000000001,0.21030099979250208,-1.0592216383189197,1.0443681660518762,-0.6438687117839211,0.6370027844811423,-0.21378935786544798,0.0
2003-11-30,-0.0006166052801611357,-0.0006166052801611357,0.016213877431540347,0.020608284398566434,0.0,0.0007000000000000001,0.21004464861783445,-1.064685954319035,1.076493179036485,-0.6365882370779834,0.6235660189811331,-0.2094462605185949,0.0
2003-12-31,0.012321864671289508,0.012321864671289508,0.05063331442830643,0.8663138530218437,0.0,0.0008,-0.21329495372292273,-1.1156550193003865,1.120371504286959,0.21079359984859466,0.6458903672429706,-0.6357836336839255,0.0
2004-01-31,-0.004741806845369845,-0.004741806845369845,0.009052709710837714,0.9101150912996023,0.0,0.0007000000000000001,0.21469858957969318,-0.6477935716465257,1.0629489312584819,-0.2143648543308706,0.6396132973179562,-1.0598441990241048,0.0
2004-02-29,-0.0005262188580370309,-0.0005262188580370309,0.008914564156645488,0.8619478211827641,0.0,0.0006,0.21669011884776487,-0.661055625532025,1.0850039329938732,0.6434595529067003,-0.21617772517697076,-1.0684464728973797,0.0
2004-03-31,-0.00783750193356327,-0.00783750193356327,0.004575978160007654,0.4525075515768212,0.0,0.0009,-0.21593757220317533,-0.6321965524754521,1.0615824969594934,0.6313711907076368,0.21444028899710513,-1.067097353919171,0.0
2004-04-30,0.020237670681401445,0.020237670681401445,-0.03202747580680698,0.5231831902185861,0.0,0.0008,-0.21823760917825466,-1.0803601836834624,1.0910910954486859,0.6826899455090947,0.22546163158893692,-0.680407209003599,0.0
2004-05-31,-0.012244582854672177,-0.012244582854672177,0.008771320820335493,0.5360932775339028,0.0,0.0006,0.2299337165110409,-1.179568985901854,1.1646957541191048,0.6969808663819851,-0.22967194848153702,-0.6946139854834118,0.0
2004-06-30,0.0016777355165198693,0.0016777355165198693,0.011190230158493408,0.4899597216641672,0.0,0.0008,-0.23150662117510593,-1.1418719917463214,1.154887553590819,0.6808056345850755,0.22840893521074754,-0.6890457749486949,0.0
2004-07-31,-0.01407620664068547,-0.01407620664068547,-0.018259505651387786,0.9454767083596951,0.0,0.001,-0.7077269439029106,-1.1669814266424778,0.6961098968059757,1.1626377375145747,0.23492013371170287,-0.23303560412755023,0.0
2004-08-31,0.019870356831338636,0.019870356831338636,0.014722827915299774,0.531018729886516,0.0,0.0011,-0.7391325702300624,-1.209569685445361,0.7444993759014684,1.2269855979533757,-0.24414835364283843,0.24123599229475626,0.0
2004-09-30,0.01425490281793678,0.01425490281793678,0.016597170084819757,0.045320138004199415,0.0,0.0011,-0.7208801541338267,-1.2109269372238312,0.7362248179825928,1.209764136447698,-0.2399243884976214,0.23999742824292516,0.0
2004-10-31,0.014343688756338693,0.014343688756338693,0.02721990404982977,1.0774827623801968,0.0,0.0011,-0.2673599907194092,-1.3511526744678726,1.376186308116921,0.796498684176146,-0.8052065730022152,0.2653779346527686,0.0
2004-11-30,0.022191354064627106,0.022191354064627106,0.0440652883664745,2.1692237543848565,0.0,0.0015,-1.3096565017344883,-0.28047443105932013,0.2808126827791997,1.3391672077165282,-0.8097309786761235,0.8020733750388312,0.0
2004-12-31,0.04056907903457795,0.04056907903457795,0.027301244887431908,1.6146296072689068,0.0,0.0016,-1.3355695970273316,0.27125300390235635,1.370848627514915,-0.2657392944394285,-0.7934012282493389,0.7931775673334057,0.0
2005-01-31,-0.05172080921174314,-0.05172080921174314,-0.018009085671903957,0.5981042237139663,0.0,0.0016,-1.2834738760229527,0.2501988588373027,0.7428100317513462,-0.25820221574400926,-0.7817482779789268,1.2786946699454966,0.0
2005-02-28,0.0019595228429944655,0.0019595228429944655,0.0161741224137959,1.5807264800887082,0.0,0.0016,-1.1799823357022843,-0.725197904814038,0.239719263630202,-0.23654382865258045,0.7112561727650254,1.1927081556166699,0.0
2005-03-31,0.0007666298490070994,0.0007666298490070994,-0.016053159290623786,1.4446315018129448,0.0,0.0021,-1.1894668647801387,-0.23416616348021793,0.7091124920368113,0.2424102018021386,-0.7223168715788418,1.1951938358492558,0.0
2005-04-30,-0.02825242953349186,-0.02825242953349186,-0.002547047491848531,0.9628645993104195,0.0,0.0021,-1.2285886626195712,-0.24686118388456255,0.24399408629630567,1.214404068665721,-0.7366652818940014,0.7254645439026166,0.0
2005-05-31,-0.04578964092907487,-0.04578964092907487,-0.001754488902569462,1.4911470196743069,0.0,0.0024,-1.1930621614381323,0.6855237033823933,0.228303247664034,1.1797287844633697,-0.23794761638221487,-0.7083355986185248,0.0
2005-06-30,-0.005701201493834074,-0.005701201493834074,-4.4818665406509695e-05,2.8633042006341034,0.0,0.0023,-1.2076408238441043,-0.7175279302448918,0.7161519470722233,-0.24252242184517112,0.2408273104966994,1.2050107168714106,0.0
2005-07-31,-0.006142952656399342,-0.006142952656399342,0.012260673131825772,1.9288763427783469,0.0,0.0024,-1.1780028423286135,1.1693328989302603,0.7185234096766916,-0.716154633378465,0.2409917843171874,-0.24083356987346008,0.0
2005-08-31,0.058885174185326516,0.058885174185326516,0.013043921390037516,0.5824498389220772,0.0,0.003,-1.534253433334914,1.5637869866225211,0.9313544161499965,-0.9027970492169101,0.30264521171645453,-0.30185095775182164,0.0
2005-09-30,-0.029004731384379232,-0.029004731384379232,0.003509227003188009,0.22654536262279676,0.0,0.0029,-1.3826508733241731,1.3678755304561778,0.8231550272700887,-0.8371672510883622,0.2812678969449486,-0.2814850616430591,0.0
2005-10-31,0.0055071932888312355,0.0055071932888312355,-0.021193160657350774,0.7427710418849116,0.0,0.0027,-1.4619111108954164,1.4786254931065057,0.870436583441046,-0.8853651297232241,-0.29221610645222235,0.2959374638121424,0.0
2005-11-30,-0.0456677899375539,-0.0456677899375539,0.011257917388529659,1.271651294864321,0.0,0.0031,-1.5292757138610047,1.5053305808643596,0.898827092101539,-0.30794835945896853,0.3035572625853767,-0.916158652168856,0.0
2005-12-31,-0.016140895621814567,-0.016140895621814567,0.017076521591678162,1.8590119724177945,0.0,0.0032,-1.463185609667816,1.4608816984444921,0.29501337419862533,0.868438611184013,-0.8861931910491642,-0.29109577873196485,0.0
2006-01-31,0.07005481198302048,0.07005481198302048,0.029590668196876946,0.5953376463244076,0.0,0.0034999999999999996,-1.447821040105118,1.5109600651692812,-0.29707342005761206,0.8728749671689691,-0.8605649880363124,0.2916792278438125,0.0
2006-02-28,-0.013752132808774645,-0.013752132808774645,-0.002952835120293318,0.7929962993512161,0.0,0.0034000000000000002,-1.2912326404687449,1.2704550269169474,-0.2538921866689268,0.2577924285177819,-0.7753558497960485,0.7784810886902163,0.0
2006-03-31,-0.008693131692462434,-0.008693131692462434,0.006509549926963398,0.5314649684256767,0.0,0.0037,-1.2724952965623963,1.2608402250510355,-0.772861195873346,0.25551086772787973,-0.2531629883676241,0.7734752563319887,0.0
2006-04-30,0.025762585570305686,0.025762585570305686,0.027651495465833342,0.029866745821611668,0.0,0.0036,-1.281232227496677,1.3283249742359753,-0.7950137032097141,0.2565580732184765,-0.25522007824684634,0.7723455470690913,0.0
2006-05-31,0.017006363710272473,0.017006363710272473,-0.009579427712649635,0.5508122350208744,0.0,0.0043,-1.28045746849363,0.7966277772114003,-0.7872321159522291,0.2593238904426303,-0.25741909538316315,1.286163375885264,0.0
2006-06-30,-0.017471470044568397,-0.017471470044568397,-0.004859094337308245,0.5130780440553314,0.0,0.004,-1.281411402718007,1.2544056033573243,-0.7612687515958524,0.25559553853139017,-0.2540383501332886,0.7692458925138651,0.0
2006-07-31,-0.001807503656803985,-0.001807503656803985,0.007211427147981286,0.01827006433839848,0.0,0.004,-1.287006340091584,1.2970599235113336,-0.7721935170661856,0.25521099803043773,-0.2579764840237293,0.7630979159829238,0.0
2006-08-31,-0.0063250703096952784,-0.0063250703096952784,0.018441261137778664,1.0379409035767582,0.0,0.0042,-0.7783080671616975,0.786871578749199,-1.299487179362372,0.26186261020437374,-0.260002594474259,1.2827385817350605,0.0
2006-09-30,-0.02792447968011751,-0.02792447968011751,0.005252609709792022,1.6239126863295648,0.0,0.0040999999999999995,-0.30109118215919967,1.4686024364895296,-1.1913243095597406,0.599184550143442,-0.7530451488697851,0.14974917427563672,0.0
2006-10-31,0.005171889167608853,0.005171889167608853,0.024292395617105722,0.8923418095157881,0.0,0.0040999999999999995,-0.2964106246025195,0.6033250093739517,-1.1889692461391972,1.4765277147690674,-0.7370526174939835,0.14775165326029038,0.0
2006-11-30,-0.057406250578657975,-0.057406250578657975,0.026168873440274742,1.210400924734703,0.0,0.0042,0.9094214170419956,-0.3577746134691858,-1.2313125832103826,1.3244170422442387,-0.7716002257456724,0.06944271256034823,0.0
2006-12-31,0.015004003712503556,0.015004003712503556,0.0027610531237172165,1.2908311598543118,0.0,0.004,1.232272011360131,0.06446821949930892,-1.0890833920919285,0.8536770966732197,-0.32410756756600334,-0.7222223641622247,0.0
2007-01-31,0.02270472087301872,0.02270472087301872,0.000610869102998679,0.7165140874715361,0.0,0.0044,1.4605260075149518,-0.28974445804849813,-1.1494788626022259,0.5901020904606199,0.1458725899760208,-0.7345726464278493,0.0
2007-02-28,-0.015792444867530807,-0.015792444867530807,0.007524035992735545,0.9792706835022524,0.0,0.0038,1.5483876355621833,-0.3083747146755896,-1.251984872416955,0.6113787705426545,-0.767860786239341,0.15266152235951763,0.0
2007-03-31,0.01594003188847918,0.01594003188847918,0.011415016497603014,0.9483023951657263,0.0,0.0043,1.513951292112651,-1.2051969868586425,-0.30516040651602677,0.6082272423504583,-0.7475165640926072,0.1516354548926469,0.0
2007-04-30,-0.020656712437091235,-0.020656712437091235,0.029820303782732482,1.1420654050120722,0.0,0.0044,1.334915759092949,-1.2047024168420752,-0.7832849940152582,0.9131406076791041,0.06992586420312094,-0.3506515325549321,0.0
2007-05-31,0.011109651159232566,0.011109651159232566,0.007622178357741927,0.4407894058869186,0.0,0.0040999999999999995,1.3234349641270409,-1.1741197209045613,-0.34245787254645343,0.9137897476493644,0.06944372657434136,-0.7789811937404998,0.0
2007-06-30,-0.0003753700294740781,-0.0003753700294740781,-0.006716283484492047,1.0327613839990333,0.0,0.004,1.425394436595612,-1.2765878506024273,-0.8244128612796064,0.9730303661953422,-0.37291980052943,0.07512033959103515,0.0
2007-07-31,-0.04664972637845581,-0.04664972637845581,-0.00016930849875829157,0.5990969066170577,0.0,0.004,1.3023256382537396,-1.4779548987985731,-1.0089418982227463,0.8362703446505688,-0.076089732795127,0.3777408205336809,0.0
2007-08-31,0.026676156749767095,0.026676156749767095,0.006926645498760875,0.3613643965056379,0.0,0.0042,1.3587318478938042,-1.3390113833308508,-0.8037583416681903,0.8130620933699781,-0.2692732782888583,0.26692521877388403,0.0
2007-09-30,-0.018057324034868753,-0.018057324034868753,0.0376846954983987,1.1326639662709892,0.0,0.0032,1.4166934344807578,-0.8586672925452868,-0.2935594937394944,0.8485731315724052,-1.4133850487007027,0.28228794489745207,0.0
2007-10-31,-0.013672579419608128,-0.013672579419608128,0.024578338074680905,0.5927973249598558,0.0,0.0032,1.4411544039869626,-0.2927238794529068,-0.8779322288232881,0.8657601321756129,-1.4362091236221624,0.2862781163161736,0.0
2007-11-30,0.03503145572824728,0.03503145572824728,-0.010801470035733063,2.313761370659644,0.0,0.0034000000000000002,1.482294396331572,0.8681972836549252,-0.8810207732885018,0.2884475253446362,-0.28880284285089625,-1.4340841334634882,0.0
2007-12-31,0.019813745469472104,0.019813745469472104,-0.009231795574268453,0.6111974128565234,0.0,0.0027,1.4420633745806894,0.27906480847296317,-0.8495152082901635,0.8635279528334382,-0.2818286335111302,-1.433498548616325,0.0
2008-01-31,0.014164355271660389,0.014164355271660389,-0.025390870037274915,1.15967447510659,0.0,0.0021,1.4744601591011637,0.8647877975756235,-0.8949444751878236,-0.2884621173515318,0.2943900791056132,-1.4360670879713846,0.0
2008-02-29,-0.004386441664736805,-0.004386441664736805,0.008931692705318017,0.33089083999261865,0.0,0.0013,1.670853109025842,0.9829237253125788,-1.010652932187929,-0.33034206180219117,0.32305858947331895,-1.6402268714863566,0.0
2008-03-31,0.007762269213822348,0.007762269213822348,0.010966861034271025,0.694416780810684,0.0,0.0017000000000000001,1.6816737120581977,1.0009516675886148,-0.3425682790171707,-1.0064079709175355,0.33007877386069334,-1.6559656343589775,0.0
2008-04-30,-0.042507825435923796,-0.042507825435923796,0.010939850944766683,0.6932014391287886,0.0,0.0018,1.6102694145048633,0.9639665577973029,0.320457150033393,-0.9614690403759495,-0.3260303649278778,-1.6497015424676558,0.0
2008-05-31,-0.029637298720943017,-0.029637298720943017,0.001787283863046829,0.6912891968751089,0.0,0.0018,1.6124596093689754,0.9595511225112029,-0.3209645520891151,-0.9710696018353533,0.324997346116892,-1.634611222793545,0.0
2008-06-30,0.0129582612820391,0.0129582612820391,-0.04031100802057119,1.3343875788551474,0.0,0.0017000000000000001,1.6611408084633372,0.9790316071103423,0.32849213019392787,-0.33238020165813614,-0.9783282276532368,-1.6449978551741953,0.0
2008-07-31,0.028253375106607862,0.028253375106607862,-0.011343954126205924,1.3225062823092784,0.0,0.0015,1.6544502350101344,1.008140012921681,-0.3309490021442241,-0.9917773337873341,0.3340246975517075,-1.6456352344453569,0.0
2008-08-31,0.0006130899074424118,0.0006130899074424118,-0.016745445821676253,1.3725538032861446,0.0,0.0013,1.6246651612054552,0.8975688089523938,-0.9140005811455246,0.3243263136045809,-0.3249480082305107,-1.6069986044789522,0.0
2008-09-30,0.030562600854829664,0.030562600854829664,-0.06597605634725823,1.3545132480939808,0.0,0.0015,1.5901523910925532,0.94467643637455,-1.5523455420937013,-0.31569108257229667,0.3264113712523441,-0.9626409731986197,0.0
2008-10-31,0.02535341262273025,0.02535341262273025,-0.10131355099831318,1.3258064392665938,0.0,0.0008,1.5798889159193965,0.865097719806901,-1.4596535854900712,-0.9639501170590459,-0.3170419107348358,0.3210123901803856,0.0
2008-11-30,0.09483007958927489,0.09483007958927489,-0.006613744759143336,2.014753675402263,0.0,0.0003,1.5834106179110223,-0.18312602210907183,-0.7621397910954854,-1.83982152176931,0.38013593037446464,0.9163708662776558,0.0
2008-12-31,0.002921734149391682,0.002921734149391682,0.0554356770971014,1.7457028596091648,0.0,0.0,0.8862173744809063,0.3420188139372671,-0.19356533476307689,-1.716244877401833,-0.6879377674490272,1.3724335253451565,0.0
2009-01-31,-0.0006899694147673144,-0.0006899694147673144,-0.06090081147641435,0.9395713739243636,0.0,0.0,0.4566694804949114,0.8835350381099607,-0.4170188340145196,-1.3923328021409855,-0.9345568691025519,1.4030140172384176,0.0
2009-02-28,0.007674137482092253,0.007674137482092253,-0.05747671933025578,0.37650563396328945,0.0,0.0001,0.07987415913765804,1.0649967564140401,-0.40669076351855526,-1.3745609750536278,-0.8811469067264021,1.5252018672289789,0.0
2009-03-31,0.017393070673973793,0.017393070673973793,0.044150762617619854,0.9921742271236772,0.0,0.0002,-0.9272643152991883,1.094916053971422,0.0856936499062001,-1.3768298501950256,-0.4119202576852999,1.5527977899758654,0.0
2009-04-30,0.04268344366833119,0.04268344366833119,0.04329354048696654,0.04036879055729855,0.0,0.0001,-0.8765344551334017,1.0749486222111178,0.08039162907363381,-1.378244913928557,-0.4085897040613651,1.5507122655069032,0.0
2009-05-31,0.10463470755300829,0.10463470755300829,0.05704479693938258,0.02415782837885476,0.0,0.0,-0.877798152129804,1.1381482299982952,0.08482072030384177,-1.377059982652981,-0.39802721325474594,1.534551105288402,0.0
2009-06-30,0.014949875000789375,0.014949875000789375,-0.0010359375830089057,0.6904164370015777,0.0,0.0001,-0.7872026781213333,1.2199043157752598,0.4013891266671759,-1.2089079547202024,-0.4002537312327182,0.7900207966326075,0.0
2009-07-31,0.0018549173790504776,0.0018549173790504776,0.04587420128584596,0.03239831884859373,0.0,0.0001,-0.8012011446801446,1.2013610233678387,0.4057554936527775,-1.1915279423817293,-0.40616171273442736,0.7936292001547354,0.0
2009-08-31,-0.00921016420319025,-0.00921016420319025,0.029345260561444375,0.5442896867886055,0.0,0.0001,-0.8694535155452323,1.2869558865506086,0.8703579869022273,-1.299678301849084,-0.4283078045516127,0.430915584289903,0.0
2009-09-30,-0.007312838316743953,-0.007312838316743953,0.030475927964169314,0.8873124347045238,0.0,0.0001,-0.8619894440755652,1.2598952212951697,0.8755195841129747,-1.2841928016918749,0.42990245442639496,-0.4264478523838433,0.0
2009-10-31,0.05520559651121336,0.05520559651121336,-0.007236555507759035,0.7426579281466286,0.0,0.0,-0.368634749616817,1.4342053649974185,0.9624419028559604,-1.2382906632195578,0.0733019922328819,-0.8078182507386731,0.0
2009-11-30,0.020934857712483726,0.020934857712483726,0.035934488404395504,0.4996979149367434,0.0,0.0,0.07351094301095604,1.3808416901599925,0.9640736090897785,-1.2387575961814346,-0.36439248355476545,-0.7943413048120435,0.0
2009-12-31,-0.0937168919490547,-0.0937168919490547,-0.020050953989246723,0.45437857350495525,0.0,0.0001,0.06991979365910715,1.3100582839731785,0.8853864166139602,-0.7997699107507055,-0.35900594911351064,-1.2003055263310847,0.0
2010-01-31,-0.013833506018333825,-0.013833506018333825,-0.01814797878509966,1.3009134422732167,0.0,0.0,-0.6899545502810794,1.013393973427836,0.6648488170621284,-0.3366546668426784,0.3388248975453038,-1.0042919769298442,0.0
2010-02-28,-0.010517627096688185,-0.010517627096688185,0.007916683652136047,1.353708858931576,0.0,0.0,-0.4894900686096384,-0.11591470615569684,0.9610252031762656,0.24384416936763934,0.6128353942852677,-1.2228176191605247,0.0
2010-03-31,-0.022044170787321928,-0.022044170787321928,0.018826384703533483,0.37820474357195827,0.0,0.0001,-0.47856553925291107,0.24183598811427445,0.9656539883789372,-0.12031071333870297,0.6076630452873186,-1.2383209399762376,0.0
2010-04-30,0.0008108999196047833,0.0008108999196047833,-0.0016121623446596622,0.7551819058057312,0.0,0.0001,-0.48057387671580953,0.9631707570599087,0.23515841258558873,-0.11970683486166458,0.5993247147343109,-1.196562272882729,0.0
2010-05-31,0.06164665679760173,0.06164665679760173,-0.05016807296540693,1.468408213500338,0.0,0.0001,-0.49862900392970916,-0.11965610260105611,0.9312615447254085,0.6121902641680289,0.2488141119723453,-1.112334157537415,0.0
2010-06-30,-0.02179980601704775,-0.02179980601704775,-0.00566764773747408,0.41358041007997326,0.0,0.0001,-0.11848682958481123,-0.4869126755288439,0.9314305418566432,0.5859297177716911,0.23341176404069636,-1.1671723245724226,0.0
2010-07-31,-0.016156837950018925,-0.016156837950018925,0.05602284401903579,1.0706282076377724,0.0,0.0001,-0.45686477477938914,0.23805876392700967,0.9565010540659518,-0.11319534629289821,0.56505400967444,-1.2057105445451324,0.0
2010-08-31,0.03226437982049777,0.03226437982049777,-0.005622721748295145,1.2332326324516718,0.0,0.0001,0.1975168145963332,0.590653524021648,0.9830216591285221,-0.5846780787246422,-0.198449838826256,-0.9557997003751074,0.0
2010-09-30,-0.029881763414712145,-0.029881763414712145,0.05401498499005508,1.16847237230931,0.0,0.0001,0.9581620813888361,0.19402278125257422,0.606957068762711,-0.19144936797199066,-0.5653333915899771,-1.0322409352568658,0.0
2010-10-31,0.013268205116630702,0.013268205116630702,0.024511799107974186,1.5181926318293797,0.0,0.0001,0.5549274023873925,-0.18658237741780134,0.9274824998563037,-0.5530813057167779,-0.9167049765949443,0.18722696260245814,0.0
2010-11-30,-0.028581832090373308,-0.028581832090373308,-0.035641180625231916,1.477563485064604,0.0,0.0001,0.914680592895463,0.17806576985895045,0.5144416059367629,-0.18173370420158752,-0.552220621610723,-0.9018154749692392,0.0
2010-12-31,-0.0871756987731674,-0.0871756987731674,0.04353733766643564,0.11271867144224226,0.0,0.0001,0.9372219658093623,0.1905792514389109,0.5782198943146736,-0.19360056674579237,-0.5742851415443679,-1.025311102045954,0.0
2011-01-31,0.04684611243084917,0.04684611243084917,0.010743508941234214,0.8181629393089972,0.0,0.0001,0.1631298847400049,0.4927031338962458,0.8293231651995312,-0.1619599890562723,-0.4826139424755492,-0.7937361398731112,0.0
2011-02-28,-0.010131505577710281,-0.010131505577710281,0.0190644575543637,0.6822395748833567,0.0,0.0001,0.7675730344212235,0.1570549854629877,0.4669084356870031,-0.15356307926056784,-0.46227275099774673,-0.78583213089061,0.0
2011-03-31,-0.011603054577618269,-0.011603054577618269,-0.003051022737709519,0.6290291739388459,0.0,0.0001,0.7683141506260913,0.15257688213974982,-0.15624495993964596,0.4640443924724244,-0.45819203142316955,-0.7821014884530683,0.0
2011-04-30,-0.0655771681334237,-0.0655771681334237,0.03750411430851641,1.2344919925874287,0.0,0.0,0.7807425588803052,-0.4864862030099002,-0.8124066383833449,0.46195593513387717,0.15285114566995478,-0.16223396642431576,0.0
2011-05-31,0.005918861887498492,0.005918861887498492,-0.010207354123056067,1.0045225707134597,0.0,0.0,0.7231878432426608,-0.1416276072600062,-0.6980228120737881,0.14185555787962956,-0.4330478524228193,0.4135737325218218,0.0
2011-06-30,-0.009333212155713824,-0.009333212155713824,-0.0063450298526877,0.0984500973935339,0.0,0.0,0.7620179454890257,-0.14929193693802742,-0.7742091892659375,0.15331916801370385,-0.46154520267422144,0.460376003219743,0.0
2011-07-31,-0.008389053496199157,-0.008389053496199157,0.0034492578744269586,0.9258634446915724,0.0,0.0,0.789173296087537,0.1635655055952792,-0.7908654017459723,0.4634124203925729,-0.1587610294059785,-0.4749138444196374,0.0
2011-08-31,0.013192870918615898,0.013192870918615898,-0.021754568971800836,0.343294920836936,0.0,0.0001,0.7958969609619598,-0.15563763676365647,-0.795654455401958,0.46347395448938,0.15706324815604314,-0.4519492005231527,0.0
2011-09-30,0.03419661706725865,0.03419661706725865,-0.04901482962333048,1.252774479992032,0.0,0.0,0.4601719672916979,-0.15044751050478827,-0.7296068076633971,-0.45683897640230087,0.7724340052098788,0.1384839391361682,0.0
2011-10-31,0.03614153889256481,0.03614153889256481,0.0475102549953923,0.6322808112153111,0.0,0.0,0.4356854705160993,-0.14896433920324706,-0.7532750801854892,-0.4386157063833539,0.14601824382526707,0.7952929503232886,0.0
2011-11-30,-0.01813913824253296,-0.01813913824253296,-0.019006452021246845,1.2035030200411583,0.0,0.0,-0.14575128487113137,-0.4287070304843539,0.1376846610719957,-0.7212222393546118,0.43658554560705437,0.703271209788514,0.0
2011-12-31,-0.0032980261949485043,-0.0032980261949485043,0.004668350049285452,0.303033664498419,0.0,0.0,-0.44053054946722653,-0.1470892603382845,0.14474958160000168,-0.7308287969950057,0.4441348646230383,0.7262661343825283,0.0
2012-01-31,0.029124617935258536,0.029124617935258536,0.030687669362053693,0.6564594026678123,0.0,0.0,-0.46463480162223775,0.15633575471118166,0.466896227615234,-0.7687691997158578,-0.1539522539189595,0.7932488908658979,0.0
2012-02-29,0.01945225915731566,0.01945225915731566,0.017398497865686924,0.3901657447851306,0.0,0.0,-0.4701470886954296,0.4757576904762268,0.24230643414308853,-0.7111637971466939,-0.237576490266789,0.7202755106469128,0.0
2012-03-31,-0.017823630280282967,-0.017823630280282967,0.0009502302630670645,0.40402349498788576,0.0,0.0,-0.5141417464142664,0.1999522028919181,0.43907664537033325,-0.7565357419795977,-0.03943107449953274,0.6532560843508621,0.0
2012-04-30,-0.00038746544436250776,-0.00038746544436250776,0.002632070912530926,0.19367814084037227,0.0,0.0,-0.34909842564364213,0.17511458872312696,0.43178742360368466,-0.8608844828748766,-0.08654490993259818,0.6892383406799434,0.0
2012-05-31,-0.058356283258660796,-0.058356283258660796,-0.04326212620198311,0.2665294249636354,0.0,0.0001,-0.3484951111495833,0.17075756613828927,0.6611248206303467,-0.8572615561146506,-0.08664399879109941,0.402161996028037,0.0
2012-06-30,0.03284409135583407,0.03284409135583407,0.02343200744667273,0.27645127900804833,0.0,0.0,-0.3324062162645837,0.1677436392359395,0.4151019802823643,-0.8367896596160918,-0.08241412653234774,0.701608474250554,0.0
2012-07-31,0.010485539143568152,0.010485539143568152,0.011216697687921773,0.5205238515439925,0.0,0.0,-0.44765253197693206,-0.22664419025945187,0.4424964539574594,-0.6664849555182635,0.2255004041214273,0.6832703588193288,0.0
2012-08-31,-0.0068411252650335454,-0.0068411252650335454,0.016022967103475283,0.18260594586143913,0.0,0.0001,-0.4144447616035663,-0.19069513993304196,0.49811008454334976,-0.6400787076994678,0.037610234245285354,0.7026571651824072,0.0
2012-09-30,0.007942162481367539,0.007942162481367539,0.019738222218502077,0.19022145436274526,0.0,0.0001,-0.4109071205979892,-0.1670650075669818,0.33554091230636346,-0.659383459028717,0.082119903995695,0.8276369333729974,0.0
2012-10-31,0.0007091989499411369,0.0007091989499411369,-0.0063943415003913096,0.49936947864264347,0.0,0.0001,-0.6598210959929144,0.08165280482988946,0.3332630764166859,-0.41401531100570615,-0.16617417312757402,0.8258038978295607,0.0
2012-11-30,-0.0010394719534519738,-0.0010394719534519738,0.0056209185518383276,0.006934355817973047,0.0,0.0001,-0.6702667277552883,0.0832411484851284,0.3358073980213531,-0.4172135408689074,-0.16693112073769728,0.8343233709019597,0.0
2012-12-31,0.012630583614827518,0.012630583614827518,0.004262503748241997,0.17731557668003875,0.0,0.0001,-0.6621198249123982,0.03951840385788938,0.5203646600996306,-0.428517496374477,-0.19659392705842804,0.7399787680026106,0.0
2013-01-31,0.01493043891288818,0.01493043891288818,0.018077085770568324,0.4490100101079323,0.0,0.0,-0.8125271019205359,-0.15717870234084685,0.4944656699703998,-0.49526275126554853,0.16092071637344832,0.8245126080959714,0.0
2013-02-28,-0.008248676715288946,-0.008248676715288946,-0.005018977206025732,0.7311424572435146,0.0,0.0,-0.8763897930138075,-0.5032523239491572,0.1706481226556722,-0.1742656783948567,0.5235005691789433,0.8515104268079169,0.0
2013-03-31,0.014890820792357656,0.014890820792357656,0.010487448866247195,1.3930754411261672,0.0,0.0,-0.5231878842941071,-0.1769103353243707,-0.8652617437656147,0.5237903821377036,0.17375181918717975,0.882708582851567,0.0
2013-04-30,0.007668601593189747,0.007668601593189747,0.02151764148337909,1.746559375315519,0.0,0.0,-0.5266658371893753,0.5388303180666398,0.17964308901601928,-0.1726358420218055,-0.8795255980439325,0.8680224717656438,0.0
2013-05-31,-0.08508905347272383,-0.08508905347272383,-0.016093652656552826,1.2012654934081135,0.0,0.0,-0.20484319874168197,0.19907034325425893,0.6080930817196165,-1.032622004223509,-0.6225840130513173,0.9677967375699089,0.0
2013-06-30,-0.05908138366379743,-0.05908138366379743,-0.015392523383560675,1.2372700065157933,0.0,0.0,-0.5181348108317818,0.5120962136296743,-0.17410141129294837,-0.8855405190577041,0.17227434100971362,0.834324802879249,0.0
2013-07-31,0.01942044744919271,0.01942044744919271,0.03392231934868084,3.0087948500079715,0.0,0.0,0.8106405919593725,-0.16332943120743904,0.16666104466896622,0.49000297981727886,-0.4868162784603577,-0.7977384593286283,0.0
2013-08-31,0.001268606862470884,0.001268606862470884,-0.013030174086485324,0.9620243129564795,0.0,0.0,0.4792423333832582,-0.4827520704019297,0.15834570638177828,0.8098420550638377,-0.8035999044083834,-0.15980951315609027,0.0
2013-09-30,0.011120181824114783,0.011120181824114783,0.035822545331181566,1.2906434913652847,0.0,0.0,0.16451353295977061,-0.17063177826241602,-0.5041755958283477,0.4885043813166985,-0.8166413143675455,0.8495509560059549,0.0
2013-10-31,0.007647088087139216,0.007647088087139216,0.025439243174733672,0.6733590868314815,0.0,0.0,0.16844510974177634,-0.8360781669179638,-0.16980016829114722,0.5048028805113547,-0.505776586100191,0.8460540191433101,0.0
2013-11-30,-0.04120380045375924,-0.04120380045375924,0.004631593082167207,0.392335670047517,0.0,0.0,0.1742569036213391,-0.8820120007207033,-0.5241887864960663,0.525844099872132,-0.1760477601546177,0.840943743424157,0.0
2013-12-31,0.0025493883239294927,0.0025493883239294927,0.00751154421363931,1.3668809470610996,0.0,0.0,0.5015620321679076,-0.8436372564477571,0.17001263676593859,0.845377963954316,-0.5036402582861679,-0.16712572983030766,0.0
2014-01-31,-0.02428523942452414,-0.02428523942452414,-0.014356024389216682,0.3535679780299535,0.0,0.0,0.5219111564812899,-0.8760684805282812,-0.1722332704154904,0.8595879590224687,-0.5247473142948075,0.1672647103102964,0.0
2014-02-28,-0.013766807573706468,-0.013766807573706468,0.03390163083371789,0.7102619980095501,0.0,0.0,0.17471804605708316,-0.8853407567085521,-0.536245817759706,0.8737486485400955,-0.17386498613242735,0.5332180584298003,0.0
2014-03-31,0.018931816883628664,0.018931816883628664,0.0007858374219544828,2.124635455800462,0.0,0.0,-0.528765530612956,-0.8862626059969549,0.891821885187837,-0.1774205321524323,0.5351704164680312,0.18438818399010362,0.0
2014-04-30,-0.014812779994353651,-0.014812779994353651,0.010868129071726518,1.4103637893345489,0.0,0.0,-0.1773011614617299,-0.8966436349445832,-0.5359126648646074,0.1763760845233821,0.889492744913126,0.5291758518400588,0.0
2014-05-31,0.006068186288336398,0.006068186288336398,0.012976794400821223,0.021341776901307355,0.0,0.0,-0.17837129734123094,-0.8835034667307999,-0.5266271207434857,0.17638296059969977,0.8881350104527567,0.5300521000513967,0.0
2014-06-30,-0.0028672037065131384,-0.0028672037065131384,0.013690897516008604,1.5451935768109322,0.0,0.0,-0.5946839077422285,-1.0051705413107057,0.20126226923679555,0.9964798755901968,0.600753845493349,-0.2015087449739204,0.0
2014-07-31,0.008662949104726866,0.008662949104726866,-0.012858353904379949,0.8811243281591848,0.0,0.0,-0.2112649037776787,-1.0549337245413248,0.6266574893733695,1.0630665385420406,0.21347541705487508,-0.6283378675465547,0.0
2014-08-31,-0.017743143121489828,-0.017743143121489828,0.014517761875532331,1.239407632677257,0.0,0.0,-0.5001920809605125,-1.2521246285896352,0.9922693779363793,0.6180382361355861,-0.12411927610710201,0.2483852284637954,0.0
2014-09-30,0.027108811592387108,0.027108811592387108,-0.029458610320967638,0.7611520471618405,0.0,0.0,-0.1218258654016724,-1.1982189844596907,0.9455382663216183,0.6147195043963039,0.24610967255624627,-0.4592137818204174,0.0
2014-10-31,-0.008641948708861865,-0.008641948708861865,0.0026949748156064324,0.3907784887535344,0.0,0.0,-0.12224967194069922,-1.2097435496540816,0.9649484364970401,0.24232856257630284,0.6025154704416521,-0.4864411966290755,0.0
2014-11-30,0.008892919184731772,0.008892919184731772,0.009042282629081466,0.815033643592418,0.0,0.0,-0.667699882460995,-0.9958560346112469,0.9963923339012333,0.6626152031806697,0.3340208896445944,-0.3205795904695235,0.0
2014-12-31,-0.047426787249572666,-0.047426787249572666,-0.011731933931571126,1.0363908903653458,0.0,0.0,-0.6224033390424368,-1.0546919993939812,1.0269642435884012,0.20964812807743302,-0.20758067388439666,0.6006368534054077,0.0
2015-01-31,-0.09874536362251404,-0.09874536362251404,-0.01132763900826017,1.2445185823504548,0.0,0.0,-1.0435806511560297,-0.6059872161792861,0.5786684601925713,-0.20266035961103276,0.21008748996163323,0.9647269131696298,0.0
2015-02-28,0.01904816193050326,0.01904816193050326,0.028288654132561986,0.5644772346488721,0.0,0.0,-0.8468837014751197,-0.1710002281934376,0.5138179771058105,-0.5170598690753191,0.17220592294622503,0.8679680606223442,0.0
2015-03-31,-0.022507049202621223,-0.022507049202621223,-0.013265340774319623,0.35830294593726186,0.0,0.0,-0.8520709885064545,-0.16548149864313316,0.16349505109040824,-0.5056736264983778,0.5116148626099346,0.8256091507450013,0.0
2015-04-30,0.02871088625811926,0.02871088625811926,0.018477208770227183,0.42785425261525617,0.0,0.0,-0.8845198005263999,-0.29918711491676114,0.0,-0.5948192854873708,0.5863543467587612,0.9175834415124265,0.30329929891746343
2015-05-31,-0.017681175696963022,-0.017681175696963022,-0.007268971408264657,0.6441639683749835,0.0,0.0,-0.8610943364971861,0.0,0.2787301796446782,-0.5733463801039114,0.5822603952481751,0.8342754164284684,-0.27850645041718725
2015-06-30,0.004104170971387199,0.004104170971387199,-0.014563149101220807,0.750962655519173,0.0,0.0,-0.9388878016318036,-0.32013364380865234,0.0,-0.6311679326697477,0.6259013590007592,0.9530341167356516,0.31535807334518007
2015-07-31,-0.014822506902409738,-0.014822506902409738,0.012662186107573747,0.7737329777926814,0.0,0.0,-1.0380726281640325,-0.3450274634273016,0.0,-0.687854178156351,0.6956688730443434,0.32588685078946084,1.034576039011471
2015-08-31,-0.025712058318251442,-0.025712058318251442,-0.036578403964898865,0.3849244819911561,0.0,0.0,-1.0534832828707905,0.0,-0.35394877168729894,-0.7031038937260568,0.7046411466158355,0.34162438254743427,1.038558360802625
2015-09-30,-0.008792483029903795,-0.008792483029903795,-0.017389772919762514,0.020039558153216064,0.0,0.0,-1.0600601488379946,0.0,-0.3546331000230231,-0.7001144043858161,0.7003703280640153,0.3438060432346689,1.0618387989182456
2015-10-31,0.0446826822729571,0.0446826822729571,0.04421588814634103,0.7138540992895919,0.0,0.0,-1.0525056203996905,-0.3570788131365073,0.0,-0.7093334249713527,0.3578718738102564,0.7202961483117806,1.0854325186584703
2015-11-30,0.019939855702850322,0.019939855702850322,-0.01133028081744547,0.48015459119938764,0.0,0.0,-0.9914279234875203,0.0,-0.32063897840497246,-0.6642967687395643,0.3361256377241931,0.6711800324712441,0.9889978561394702
2015-12-31,-0.007721202529606338,-0.007721202529606338,-0.006140826386529352,0.7013474852728274,0.0,0.0001,-1.0138481538601376,-0.329685108692014,0.0,-0.6800731591382294,0.6601298946804247,0.3419860514868335,1.0137692729935166
2016-01-31,-0.022348763080826978,-0.022348763080826978,-0.02839733338974293,0.695629883859616,0.0,0.0001,-1.0489637400053478,-0.6759222312742384,0.0,-0.3429315410712293,1.0421275527894174,0.3308353959808936,0.6725058004996775
2016-02-29,0.012624452222520389,0.012624452222520389,0.009180555579225258,0.7082150990364862,0.0,0.0002,-1.0357677702646868,-0.6820787084857212,0.34952222467407523,-0.34569464938659267,0.6945493221400376,0.0,1.0320940335454083
2016-03-31,0.0032281260509371967,0.0032281260509371967,0.049592742907238474,0.7004155145389754,0.0,0.0002,-1.0194084466537905,-0.6995740081571546,0.7090278547705349,0.0,0.3365779162821036,-0.3644269967145109,1.0410318065237547
2016-04-30,-0.0004893401941668011,-0.0004893401941668011,0.014708901082076453,0.7011880711826233,0.0,0.0001,-1.0335731491593907,-0.34626024643862335,0.6882259491124888,0.3458265664002844,0.0,-0.6844331091956336,1.0297246490867076
2016-05-31,0.027595435248928456,0.027595435248928456,-0.0029884054616847733,0.35550986660750383,0.0,0.0001,-0.691596773775935,-0.348230164961069,0.6834576784956553,0.34772260949028705,0.0,-0.9912011703278184,1.0274432563278084
2016-06-30,-0.00488543327554123,-0.00488543327554123,0.010097108757903817,1.0144691595046345,0.0,0.0002,-1.0406582032900464,-0.32193247457726026,0.6903679818388597,0.3409941087187667,-0.6920568075718484,0.0,1.0183999616059876
2016-07-31,0.01568652635514556,0.01568652635514556,0.025843908428442974,1.3595955059634615,0.0,0.0002,-1.0167544609449366,0.0,1.0281955781232992,0.6761214322459628,-0.6754004237712711,0.34549094195197605,-0.34196654124988474
2016-08-31,0.014860432581449264,0.014860432581449264,-0.003043899843917175,1.6999981478937805,0.0,0.0002,-0.6674444024775812,1.016418327503437,0.6716915902107952,0.0,-0.3349783238807701,0.3339196940000916,-1.0047464527745231
2016-09-30,-0.020215582397410507,-0.020215582397410507,0.0061005113075989215,0.6782569750651563,0.0,0.0002,-1.0085218790994648,0.9841389774131964,0.6796864557578316,0.0,-0.6788465064023467,0.3415417343157275,-0.3382143643823547
2016-10-31,-0.10452896974658597,-0.10452896974658597,-0.025700331619002204,0.3631724104194121,0.0,0.0002,-1.0074394637246067,0.924674536978077,0.6492997383732969,-0.3383392287378847,-0.6686111531843975,0.33588660054892905,0.0
2016-11-30,0.024398165441615195,0.024398165441615195,-0.011538708846773882,0.8549024723964278,0.0,0.0001,-0.8023548642293362,0.8402886295771103,0.5315666121847369,0.0,-0.5454916238124075,-0.26797810370738556,0.26836751542889736
2016-12-31,0.011541376274693451,0.011541376274693451,0.011340675884709661,0.2975623403159565,0.0,0.0003,-0.8131629490227991,0.8179156444089479,0.545743482406157,0.27141879221230253,-0.5455470017336528,-0.2648265919962622,0.0
2017-01-31,0.01709472091649729,0.01709472091649729,0.01854035921840924,0.5116932202222186,0.0,0.0004,-0.7994264523898871,0.8001840626557187,0.48371382236675436,-0.15928151022368214,-0.4756583905360738,0.1675631890436673,0.0
2017-02-28,0.01516871029237309,0.01516871029237309,0.018361285280297457,0.2554557523071336,0.0,0.0004,-0.9483915616602911,0.9656883380667334,0.5703481537590199,-0.1895889600255104,-0.574277416232198,0.19139015638461931,0.0
2017-03-31,-6.718042252343119e-05,-6.718042252343119e-05,0.007467651996981406,1.186873478366116,0.0,0.0003,-0.9864014309123124,0.6655351519087083,0.9848361166221081,0.3289427640922161,-0.325189517125468,0.0,-0.6677902650077756
2017-04-30,0.038390559312547395,0.038390559312547395,0.014385420885825395,0.6887230115495275,0.0,0.0005,-0.9744451634348842,0.6013396030266934,0.9860408273711777,0.19403872997546992,-0.579445746285305,-0.18913769134060454,0.0
2017-05-31,0.0072190196013221415,0.0072190196013221415,0.020150785839515795,0.7787547021524367,0.0,0.0006,-0.961737133114479,0.9562352247426338,0.5928340865835259,-0.19061659769245617,-0.5798080038856366,0.1903114429677341,0.0
2017-06-30,0.006709802673041382,0.006709802673041382,0.002022089092722723,0.4040244732116708,0.0,0.0006,-0.9605826287618193,0.9578810960928448,0.5801598156869086,-0.5783902568464887,-0.19163879724947172,0.19928057375106784,0.0
2017-07-31,0.04286352777938766,0.04286352777938766,0.022005885679033055,0.012268987904672665,0.0,0.0007000000000000001,-0.9694895700461681,0.983835094512391,0.6006025187837815,-0.580242976237415,-0.1927440659942813,0.20090252676107961,0.0
2017-08-31,-0.00046914741271612,-0.00046914741271612,0.00584148243217264,1.5200446577467424,0.0,0.0009,-0.948172043287779,-0.18671890487595355,0.961776623561484,0.18880292809414334,-0.5751071255215148,0.558949374616904,0.0
2017-09-30,-0.002347688216943494,-0.002347688216943494,0.00906143931035297,1.1529405940655255,0.0,0.0009,-0.9462499679379062,-0.1937929893301214,0.9454427406634422,0.19094177785365554,0.569406723671876,-0.5680959731378896,0.0
2017-10-31,0.016276540677946802,0.016276540677946802,0.009645278270554725,0.4094437941325975,0.0,0.0009,-0.9591181472911018,0.19134837681488331,0.9596674481916188,-0.19255913246540426,0.5820306625952402,-0.5650926671672893,0.0
2017-11-30,0.03356748497870422,0.03356748497870422,0.019164037216149454,0.44835627497008534,0.0,0.0008,-0.9891641141739903,-0.20264545349511978,1.0146387548698226,0.19942648650765943,0.6011161923422328,-0.5898043810719006,0.0
2017-12-31,0.0033310370389237473,0.0033310370389237473,0.009201129183511458,0.4197967410084361,0.0,0.0009,-0.9795877367131485,-0.5960250103276353,0.9859918875023889,0.19582554365474336,0.5992913292704021,-0.20216497634782674,0.0
2018-01-31,0.031121223881996098,0.031121223881996098,0.03921029056158454,1.5886407992670564,0.0,0.0011,-0.9650015832030162,-0.6046468066640944,0.19976228202373209,0.5889607761921852,-0.20132326586393998,1.0133698213971294,0.0
2018-02-28,0.029665594454474923,0.029665594454474923,-0.02834679728743905,1.2255278448286595,0.0,0.0011,-0.985326763143377,-0.5786836241855193,0.19605878401497298,0.9969934875238943,0.592793758833505,-0.19217004858900116,0.0
2018-03-31,-0.02554593382658972,-0.02554593382658972,-0.00728771115939475,0.7012674665281926,0.0,0.0012,-1.030236622430929,-0.35105322478175555,0.34827274871381886,1.0218711278724153,0.6787373764632956,0.0,-0.6931373396634349
2018-04-30,-0.009432085856937366,-0.009432085856937366,0.00014495789194790554,1.2227643861504691,0.0,0.0014000000000000002,-0.9425849547014991,-0.5598418748952844,-0.18713630633799622,0.5722147577728615,0.9205269612742923,0.1873893310306885,0.0
2018-05-31,0.01900217549523428,0.01900217549523428,-0.00011321096188876556,0.40067388374508556,0.0,0.0014000000000000002,-0.9577336688064929,-0.5595356500295379,0.18697322469514074,0.570603135786759,0.9691850171715852,-0.19048988332221994,0.0
2018-06-30,0.00887093708314415,0.00887093708314415,-0.0011180551899069302,0.4005629653628773,0.0,0.0014000000000000002,-0.952529585484495,-0.5663532001053523,0.19158134135315616,0.9549962529947249,0.567827072139305,-0.18665094381419448,0.0
2018-07-31,0.006565836529202281,0.006565836529202281,0.018197978960937222,0.3908535488232443,0.0,0.0016,-0.9519820935914788,-0.5701879694504873,0.5728131381229473,0.9571723843034798,0.19145955015543364,-0.1927091730106924,0.0
2018-08-31,0.009357989756783033,0.009357989756783033,0.007470467098558142,0.3913935517238343,0.0,0.0016,-0.9675061609976955,-0.5708910749512014,0.9605984855795885,0.5746207981474846,0.19827597675985906,-0.18574003478125214,0.0
2018-09-30,-0.0014464784078326892,-0.0014464784078326892,0.00017961234171837148,0.7758686265187134,0.0,0.0015,-0.9496748658588418,-0.573695978951504,0.19017635986657938,0.9598749127389871,0.5650424596822557,-0.193169365885309,0.0
2018-10-31,-0.003031711452712341,-0.003031711452712341,-0.05089088896166527,0.7980362420766345,0.0,0.0019,-0.9755717868385045,-0.5810637636732274,-0.19225716748131452,0.9819641561503686,0.18974901237397263,0.5741478380159929,0.0
2018-11-30,0.018646240834840986,0.018646240834840986,0.009277632377109324,1.3349653141937607,0.0,0.0018,-1.7282953018932659,-1.035924781054008,-0.3454926926809695,1.7184791108752913,0.349308073450025,1.060571832137768,0.0
2018-12-31,0.017600095461668578,0.017600095461668578,-0.03862919025767331,1.452752891163526,0.0,0.0019,-1.7966026640453452,-1.0589273391580596,0.35851035878773696,1.772022767630514,1.0830587103090354,-0.3404617380622133,0.0
2019-01-31,-0.0394061756991872,-0.0394061756991872,0.05281229176722513,1.4499237997234982,0.0,0.0021,-1.766385408864255,-0.3634071394808202,1.069461452776514,1.7622929575712132,0.34975273947668123,-1.0911207771785203,0.0
2019-02-28,-0.03620415347361681,-0.03620415347361681,0.015450365544845024,2.8378030981931817,0.0,0.0018,-1.6270078807078021,-0.9889071954959604,0.32467847217303153,0.9822634020169502,-0.3272309041246931,1.599999952664857,0.0
2019-03-31,-0.011350130553792949,-0.011350130553792949,0.013444374000768367,1.8183744169805416,0.0,0.0019,-1.6313363838033645,-1.0703484345094145,0.5381664715900627,0.0,-0.5376881072623773,1.0715386488703615,1.6183176745609393
2019-04-30,0.021737908907710518,0.021737908907710518,0.020777573931244575,2.2348788682596092,0.0,0.0021,-1.5192619862273464,-0.301500390210254,0.30320589897809624,0.9123580094387074,-0.8888060366719939,1.5157424136005013,0.0
2019-05-31,-0.13424395378716147,-0.13424395378716147,-0.029996475949694235,3.524877814590652,0.0,0.0021,-0.5767524452673037,0.5605777173184994,-1.1438851763358637,0.0,-1.7546519932844395,1.113509056922703,1.666958886859243
2019-06-30,-0.01627227017233335,-0.01627227017233335,0.04999135496314566,2.726857882772323,0.0,0.0018,0.3978922385791361,-0.7960212458752745,-1.2164821462347872,-0.3956966362948599,0.0,1.1972030128793925,0.7968325067740597
2019-07-31,-0.014658828288758839,-0.014658828288758839,0.0015678813367745459,1.6115891676693357,0.0,0.0019,0.7777978837347882,-0.3830802157790553,-0.7756014181032115,0.0,-1.178440842934921,1.1515940031481424,0.3930717616454981
2019-08-31,-0.03881085487034451,-0.03881085487034451,-0.002773893700075858,1.3365772819097168,0.0,0.0016,0.8529018266831512,-0.42058127195729017,-1.2565895595917067,-0.8368537258510518,0.0,1.2198163751780167,0.4024955006685362
2019-09-30,0.017765456457548123,0.017765456457548123,0.00862274153863729,1.2575999800084179,0.0,0.0018,0.7923419774469532,0.4040433229992521,-0.7850764036879231,-1.1979353457787991,0.0,1.2027554916490055,-0.3983635861709404
2019-10-31,0.011495877154937061,0.011495877154937061,0.018173240003715785,0.8128396827315605,0.0,0.0015,0.792622882474956,-0.4128744325801883,-0.7988065735556686,-1.1808787919040091,0.0,1.2121545747967701,0.39927821792307694
2019-11-30,-0.0002256083575615693,-0.0002256083575615693,0.013750309234619396,1.206587976919379,0.0,0.0012,0.7919874125331641,0.0,-0.3928575119952892,-0.7940922102595535,-1.1857923788380726,1.1769852928784494,0.40354378732374024
2019-12-31,-0.0015160012842919974,-0.0015160012842919974,0.020515276085801615,0.8522003582219158,0.0,0.0014000000000000002,1.246844003737987,0.0,-0.8385883978231212,-0.4152629216594357,-1.282292007642773,0.8649373721337984,0.42284594996925245
2020-01-31,-0.056482922600978445,-0.056482922600978445,0.001923143953016515,1.6720393562587574,0.0,0.0013,0.8580868046483289,0.4276491852304499,-1.2742313612434646,-0.8406657054033524,-0.4294158921013361,1.2020940462683958,0.0
2020-02-29,-0.04012751896867354,-0.04012751896867354,-0.0506886868571228,0.8845615590779319,0.0,0.0012,0.8416914495151128,0.4010028186655425,-0.4135254915555237,-0.8283480907855761,-1.2374332174566793,1.1964850126484505,0.0
2020-03-31,0.047857376010667675,0.047857376010667675,-0.08414931867719855,0.8183076650811842,0.0,0.0012,1.3023972037316922,0.41247062902114257,-0.41554009790222274,-1.246658397602027,-0.7985080576574101,0.7936960964194926,0.0
2020-04-30,0.03968959841672725,0.03968959841672725,0.0697126065172946,0.4334767805018395,0.0,0.0,1.142648437982734,0.2338532831132858,-0.22972888554242643,-1.141217939623649,-0.6958013421476791,0.729936044634462,0.0
2020-05-31,0.01039419844193887,0.01039419844193887,0.030710140853440704,0.8064011407083204,0.0,0.0001,1.1283817382132142,0.0,-0.37649803605535626,-0.7476457219746172,-1.1245769438062214,0.7640862026420865,0.3666469594228331
2020-06-30,-0.0034613885899565967,-0.0034613885899565967,0.019168911234368036,0.40997037505557543,0.0,0.0001,1.1413026434435647,0.0,-0.38737292753878466,-0.7592769705890057,-1.153911104740467,0.3942763698727191,0.7615206009620171
2020-07-31,-0.05501026122932116,-0.05501026122932116,0.043781175312144205,0.019067181758324753,0.0,0.0001,1.154413850824986,0.0,-0.4032443051513851,-0.7667814610453889,-1.1997550117500346,0.3967630162528214,0.7635936496396801
2020-08-31,0.020865532619978252,0.020865532619978252,0.04069283072625751,0.856565739781463,0.0,0.0001,1.0838016815516032,0.3623701151975613,-0.3636326519590222,-0.7222301557956096,-1.0889468912978637,0.7495034349233093,0.0
2020-09-30,-0.013976803987300876,-0.013976803987300876,-0.022758643181454152,0.034841282011370656,0.0,0.0001,1.077631247472269,0.35001478180977313,-0.35531119795754185,-0.7196944036927336,-1.0635316562105896,0.6969144245915222,0.0
2020-10-31,-0.034570017752342176,-0.034570017752342176,-0.020080974124981332,0.38248219027474917,0.0,0.0001,1.0649949570561001,0.3580783080702816,-0.718709170248578,-0.3577965239897331,-1.0827221100558386,0.7015845214154258,0.0
2020-11-30,0.03102388361631992,0.03102388361631992,0.0868150094360649,1.4349592887213545,0.0,0.0001,1.0595997031386406,0.36206118653417274,0.0,-1.0582383800361361,-0.3571135816420892,0.7382502768078073,-0.7135353211860754
2020-12-31,0.024359986986339704,0.024359986986339704,0.03274153850777162,0.09230494362297614,0.0,0.0001,1.0260471405247422,0.35323290154547804,0.0,-1.0259747153718852,-0.35228085088502975,0.7149027577386419,-0.6915672465656073
2021-01-31,-0.022153659228849317,-0.022153659228849317,-0.010730473811064067,0.38303135381207143,0.0,0.0,0.9997376814266724,0.33349773585853865,0.0,-0.6711761185686129,-0.3307132323917304,0.6663759234650863,-1.0198756490188035
2021-02-28,0.0033622052762052254,0.0033622052762052254,0.009075558981538112,0.016245007999329986,0.0,0.0,0.9833132405681946,0.32798686092016904,0.0,-0.6660602764076201,-0.32322561223932805,0.672993840552353,-0.9916458481175633
2021-03-31,-0.01823444071606519,-0.01823444071606519,0.016089199073018756,0.37397862368673757,0.0,0.0,0.9971334365995123,0.6657778043987398,0.0,-0.6772269938259188,-0.327727294063546,0.33260139097280333,-1.0087927847976559
2021-04-30,-0.0075332259262506605,-0.0075332259262506605,0.03584719411672821,0.34716773069322643,0.0,0.0,1.0149895601056167,0.33644129756253893,0.0,-0.6717624105737187,-0.3438978179855783,0.6800785941923869,-1.0233824492274963
2021-05-31,-0.01632442596259024,-0.01632442596259024,0.013122096765466162,1.362173487546026,0.0,0.0,0.3414872740749483,0.0,-0.3449191138787499,-0.6793144431270677,0.688544918740747,1.0221922138384485,-1.0443152756109162
2021-06-30,-0.009740578172204539,-0.009740578172204539,0.007374803812440822,1.0254728347169415,0.0,0.0,0.40254593361163016,-0.3922231555665056,-0.7820382077213063,0.0,0.7832729443104853,1.1678826514638647,-1.1891807442703728
2021-07-31,-0.025688235887741846,-0.025688235887741846,0.01760951100907282,0.8368453433770564,0.0,0.0,0.4081221963048627,-0.8207909800745815,0.0,-0.4037828698040009,0.8326176527736696,1.186258780196387,-1.2281130152840787
2021-08-31,-0.008815129031118583,-0.008815129031118583,0.01595749429376836,0.8546347750990829,0.0,0.0,-0.3977115005316243,-0.7864182995650413,0.3946803860451099,0.0,0.7852609981931437,1.191891538205647,-1.1965182513783537
2021-09-30,0.027971341993135185,0.027971341993135185,-0.03557635104270762,2.065117162286884,0.0,0.0,-0.8084252808213582,-1.1749350633414608,0.7906947682823371,0.4079127879407323,-0.3965535577426186,1.2092776876755034,0.0
2021-10-31,0.01724901342428201,0.01724901342428201,0.03874738575279579,0.43952724322591463,0.0,0.0,-0.8029287817447242,-1.2295931225421461,0.7981974798282404,0.0,-0.40742940149553214,1.2551674388162655,0.40383540056217854
2021-11-30,-0.013784692073848331,-0.013784692073848331,-0.01559509742998444,1.241811630187641,0.0,0.0,-0.8093741530685372,-1.1927451283252128,0.0,0.40373201655429564,-0.40766831472761667,0.7636023257916212,1.2286685617016018
2021-12-31,-0.025182787837275317,-0.025182787837275317,0.028800877524167934,1.6091182814157712,0.0,0.0001,-0.4001297510348138,-1.2153004730284034,0.0,0.801062012585917,0.40002074126893844,-0.8227383273938335,1.21190300976492
2022-01-31,0.06185162267141647,0.06185162267141647,-0.043852140977422516,0.8081004098817604,0.0,0.0,-0.3897248053851866,-0.7704123455898586,0.3888018211104524,0.7901429368369994,0.0,-1.1545911141847454,1.197635129883755
2022-02-28,0.004417812465734619,0.004417812465734619,-0.02079213272012881,1.1855169255204534,0.0,0.0,-0.7588094700508301,-1.1335833987187816,0.0,0.7607356127995258,0.38046527500938626,-0.3902390812001046,1.1458488746265387
2022-03-31,0.030274213516528814,0.030274213516528814,0.010114456018452511,0.4675029706960754,0.0,0.0,-0.7637593239653058,-1.148578613147245,0.37798925019175733,0.7872567989898837,0.0,-0.40573146945231414,1.1830975708997529
2022-04-30,0.026663608396912862,0.026663608396912862,-0.07606797032109003,0.8498127418981551,0.0,0.0,-1.1836423703283716,-0.3805507501899488,0.37494162851136453,0.8133118720621832,0.0,-0.7669500941229224,1.1695533224646077
2022-05-31,-0.01237898961684985,-0.01237898961684985,0.0009053489228965095,0.160383928132649,0.0,0.0003,-1.259654101906489,-0.4123985852400466,0.419132849208399,0.8351317603518777,0.0,-0.845343530329595,1.250752618299004
2022-06-30,0.04694085908654545,0.04694085908654545,-0.0708560470815901,0.43055380019219214,0.0,0.0006,-1.244586493547697,-0.39914066509274815,0.0,0.832578000361343,0.41818617526891666,-0.8009578964071117,1.2408617385038425
2022-07-31,-0.020591970775045147,-0.020591970775045147,0.06156683195731194,0.09508199369360765,0.0,0.0008,-1.212569306838361,-0.40981687517503507,0.0,0.8011041276093015,0.41332044357319525,-0.8038860386519734,1.1912556787078274
2022-08-31,0.07538854001337353,0.07538854001337353,-0.04197742287120676,0.16249714359399672,0.0,0.0019,-1.2439151234544956,-0.3792353473333513,0.0,0.8539017304032366,0.408417141365159,-0.8398898215486568,1.2761099605814816
2022-09-30,0.0905219388234305,0.0905219388234305,-0.08077716558181447,0.19610284530752928,0.0,0.0019,-1.107585201194531,-0.327476861280366,0.0,0.7676927254223938,0.3694384209467698,-0.7201983929789394,1.1086512479081034
2022-10-31,-0.031248695507388853,-0.031248695507388853,0.049684400896506276,0.212979520886385,0.0,0.0023,-0.9830613184450879,-0.3624297936772566,0.0,0.6661114663836957,0.32804103316177546,-0.661545907635133,0.9816358247046175
2022-11-30,-0.0630050047936781,-0.0630050047936781,0.0632949274687189,0.3338720822505528,0.0,0.0029,-1.0213608148863245,-0.7213198183774058,0.0,0.6648956260285981,0.3509524186850278,-0.3497720978417034,1.0135996815981294
2022-12-31,0.056824113397373005,0.056824113397373005,-0.03118080742051177,0.5529716080035262,0.0,0.0033,-0.8966446955187638,-0.5805232697266158,-0.29637412676726765,0.5923726408110613,0.3002885338011839,0.0,0.937705030797775
2023-01-31,-0.03117583037817627,-0.03117583037817627,0.06015744663361566,0.3704972367473771,0.0,0.0034999999999999996,-0.8681583297458547,-0.3024603780709802,-0.5925484014609643,0.5718602682486436,0.2912369120458568,0.0,0.8688940986051227
2023-02-28,0.04274105585098874,0.04274105585098874,-0.02624766754254282,0.0763307019066243,0.0,0.0034000000000000002,-0.8111907886030011,-0.2636753250223495,-0.528262441408752,0.5574033847549692,0.27053195974475297,0.0,0.8179342663853691
2023-03-31,-0.038100212714459236,-0.038100212714459236,0.03336744682092352,0.5437753619418526,0.0,0.0036,-0.5529753121592217,-0.283332643896018,-0.8495081783219747,0.8213773004866722,0.28146952608223064,0.0,0.5448690950938523
2023-04-30,-0.001379195137688408,-0.001379195137688408,0.01425795331698132,0.11348183707394455,0.0,0.0034999999999999996,-0.5190699187354929,-0.25881856661146335,-0.7865930440447508,0.7791617044998739,0.26533843594417167,0.0,0.5186021938099731
2023-05-31,0.04155710958368676,0.04155710958368676,-0.012549907078993505,0.5270162588614917,0.0,0.0036,-0.25577617950236636,-0.4875878238231814,-0.7530569852488318,0.7780647376198042,0.0,0.2526894050427571,0.507223955495505
2023-06-30,-0.027446462755844087,-0.027446462755844087,0.044724939594467994,0.2756584812079118,0.0,0.004,-0.24858074064853553,-0.5258709246734399,-0.7696692193508619,0.5083591555991104,0.0,0.2598546966951862,0.7484605696226966
2023-07-31,-0.003393704877744137,-0.003393704877744137,0.026140863029842087,0.5108918773115942,0.0,0.0045000000000000005,-0.24492480949217504,-0.7552417721936141,-0.49490520508251135,0.4877973109088336,0.2519850012807892,0.0,0.7518957697009335
2023-08-31,0.018632444787667637,0.018632444787667637,-0.02106004274647133,0.016455501108041504,0.0,0.0045000000000000005,-0.24740014334907395,-0.7310177614639184,-0.49167569785504234,0.49865482646787035,0.24838228252714478,0.0,0.7416889384606872
2023-09-30,0.043336233909351866,0.043336233909351866,-0.04014523288222893,0.0163905256451303,0.0,0.0043,-0.24297796596622256,-0.712621421899929,-0.4716736945376521,0.4944073991961637,0.23593718884185902,0.0,0.7402647282751328
2023-10-31,0.011112524452651788,0.011112524452651788,-0.024304907831817157,0.02870889407903944,0.0,0.004699999999999999,-0.23768759801819545,-0.7145738196375464,-0.484973737003207,0.47975361174669456,0.2439185256580078,0.0,0.7246755417068982
2023-11-30,-0.029018114675113598,-0.029018114675113598,0.08269054417887656,0.9659852095371562,0.0,0.0044,-0.24938411088659926,0.0,-0.7663390935274047,0.7392965131782069,0.257636635392935,-0.5068218663843762,0.4965938075521246
2023-12-31,-0.06470933756632351,-0.06470933756632351,0.047599352723756816,1.0374252687222616,0.0,0.0043,0.2419980906484409,-0.7568444376489691,-0.24714983761031017,0.7100565338783854,0.0,-0.48933718297962187,0.47656749614575133
2024-01-31,0.03587115293592961,0.03587115293592961,0.005434845987593251,0.19184491637822754,0.0,0.004699999999999999,0.210479428019518,-0.6158196615620043,-0.20535973337630467,0.632604372592732,0.0,-0.40793443649484695,0.42190118375683555
2024-02-29,-0.007501950947472054,-0.007501950947472054,0.029389424394766772,1.276128992515665,0.0,0.0042,0.4120658064223893,-0.614403029234267,0.6139353686532554,-0.210567023183166,0.20558214533836563,-0.41411521894404935,0.0
2024-03-31,-0.01802250287815141,-0.01802250287815141,0.026225860369299747,0.6306938349795816,0.0,0.0043,0.0,-0.6455746491706433,0.4230608090890385,-0.2097608358329701,0.20815330183825084,-0.42195982749863536,0.628058698696808
2024-04-30,0.016941114171702378,0.016941114171702378,-0.03427256211644758,0.4338693254152592,0.0,0.004699999999999999,0.0,-0.5931495178023451,0.20089687038887855,-0.4131537968087685,0.40574673861495064,-0.20626700688171992,0.6228678266607068
2024-05-31,-0.023572038175494078,-0.023572038175494078,0.037451525525697305,0.6164543609285028,0.0,0.0044,-0.20980902625392014,-0.424860947613825,0.2098663004937789,0.0,0.41319496135468026,-0.6382933090614428,0.6263299829052347
2024-06-30,0.010043497436683056,0.010043497436683056,0.016016917162647637,0.43748242182115743,0.0,0.0040999999999999995,-0.4136483822975066,-0.20600357784461312,0.0,0.20533391712191015,0.423967228261256,-0.6175495869351612,0.6179438991307977
2024-07-31,0.03424411606931025,0.03424411606931025,0.02022608987075425,0.6268801652515394,0.0,0.0045000000000000005,-0.42028024093966615,0.42691008806529546,0.0,-0.20652447672918536,0.21357825713890696,-0.6080995367319708,0.6286600252659302
2024-08-31,-0.00011328452072884455,-0.00011328452072884455,0.025969282459610055,0.6185917476409968,0.0,0.0048,-0.2045506135023074,0.6206613113072277,0.0,-0.61536844723086,0.20821884564801355,-0.4192901854102535,0.41021580466745083
2024-09-30,-0.002774031567253888,-0.002774031567253888,0.01825555584492733,0.6279428907007879,0.0,0.004,0.4194720455051047,0.6346941641498546,-0.21244755996230902,-0.626806263358151,0.0,-0.4276140493415155,0.2099276314397624
2024-10-31,-0.045561785813028714,-0.045561785813028714,-0.022894609071048344,0.48971350034947836,0.0,0.0039000000000000003,0.4294497781677499,0.6109388466155152,0.21143256410886982,-0.6642978702707344,-0.21490688113637993,-0.4181782232980493,0.0
2024-11-30,0.011757515767686801,0.011757515767686801,0.03678141774409904,0.6424267684072106,0.0,0.004,0.6434982666946528,0.21522762163028245,0.42472147677249816,-0.6353069405460725,0.0,-0.4246926169199488,-0.2116902918637253
2024-12-31,0.002509768351474637,0.002509768351474637,-0.025150331305122453,1.109304886886095,0.0,0.0037,0.6530058979636748,-0.4317153178903035,0.0,-0.6639053428777678,0.43144625619702437,-0.21055461193151992,0.22423288689036663
2025-01-31,-0.005011803025186625,-0.005011803025186625,0.029060556762169565,0.9421054129212406,0.0,0.0037,0.0,-0.23265613701589566,0.23193544043679318,-0.692845628079701,0.6881682439222695,-0.4709538570259579,0.47134013473730524
2025-02-28,-0.008324935405894174,-0.008324935405894174,-0.0025954986908064415,0.4755020448010401,0.0,0.0033,0.0,-0.48238824245665607,0.23744837098479007,-0.7057726587573772,0.47806131775858374,-0.23522835285622562,0.6995546299209908
2025-03-31,0.014225403966078215,0.014225403966078215,-0.03333767823768108,0.7445934810677197,0.0,0.0034000000000000002,-0.24578006945898456,0.0,0.24858699996936426,-0.731386110980245,0.744825581256667,-0.49321726453738324,0.49119626771665975
2025-04-30,0.06792586334202398,0.06792586334202398,0.014553129707437495,1.0106675181608322,0.0,0.0034999999999999996,0.2538522414124577,-0.26535974928606243,0.8108998668654402,-0.7670659778125939,0.5526260639834809,-0.5170265818206986,0.0
2025-05-31,0.009224317735889288,0.009224317735889288,0.045231751092217776,0.4103998548201728,0.0,0.0038,0.2238812298400056,-0.44771993146542277,0.6774391022960031,-0.6732067438215249,0.4565831013534345,-0.22775244046660623,0.0
2025-06-30,0.01385146773427195,0.01385146773427195,0.03827306369136396,0.9239062248011903,0.0,0.0034000000000000002,0.710463641401535,-0.24251747852110003,0.4813596366809759,-0.703695913794539,0.23930488662327037,0.0,-0.47106330465587026
2025-07-31,-0.012637662031703484,-0.012637662031703484,0.006737052399438559,0.4802989260974757,0.0,0.0034000000000000002,0.23562621446735652,-0.2272183274010284,0.6906168187654541,-0.7085726654479276,0.46836574585029134,0.0,-0.47145544826584934
2025-08-31,0.022872046439757723,0.022872046439757723,0.02384049296070212,0.7044643035885461,0.0,0.0038,0.7186933283111359,-0.23750569146084177,0.48420178230236366,-0.707268841798825,0.0,0.24077069712295007,-0.4760192280370251
2025-09-30,0.023834887114736934,0.023834887114736934,0.027308758035071934,0.9592191493026727,0.0,0.0033,0.0,-0.47101243015487243,0.4733183987964042,-0.7026340188712652,0.7219510533724807,0.23806899244920052,-0.23585710847721086
2025-10-31,-0.025503983834850606,-0.025503983834850606,0.015762588192335114,0.2595435790869119,0.0,0.0037,0.0,-0.24333677900876846,0.477414929652519,-0.7273078598645611,0.7161771127441053,0.23910404210569403,-0.48755542946383934
