Date,Region,Hedge_Ratio_Next_Month,FX_Score_Z_vs_USD
11/1/1997,JP,1,-1.98120785
11/1/1997,AU,1,-0.572060931
11/1/1997,EM,1,0.256834733
12/1/1997,JP,1,-2.015958934
12/1/1997,AU,1,-0.5630038
12/1/1997,EM,1,0.196093553
1/1/1998,JP,1,-2.091430681
1/1/1998,AU,1,-0.574159648
1/1/1998,EM,1,0.052898359
2/1/1998,JP,1,-1.05666505
2/1/1998,AU,1,0.33381381
2/1/1998,EM,1,1.369928691
3/1/1998,JP,1,-1.485224659
3/1/1998,AU,1,0.219856424
3/1/1998,EM,1,0.884344726
4/1/1998,CH,1,1.249581897
4/1/1998,JP,1,-1.078479705
4/1/1998,AU,1,0.227783941
4/1/1998,EM,1,1.356363199
5/1/1998,CH,1,1.208553796
5/1/1998,JP,1,-1.339678865
5/1/1998,AU,1,0.487244158
5/1/1998,EM,1,0.90981948
6/1/1998,CH,1,1.362505903
6/1/1998,JP,1,-1.18817727
6/1/1998,AU,1,0.575655619
6/1/1998,EM,1,1.009879901
7/1/1998,CH,1,1.265491486
7/1/1998,JP,1,-1.301446374
7/1/1998,AU,1,0.544929082
7/1/1998,EM,1,0.895833663
8/1/1998,CH,1,0.113010497
8/1/1998,JP,1,-1.568208012
8/1/1998,AU,1,0.887106634
8/1/1998,EM,1,0.871434167
9/1/1998,CH,1,0.15867584
9/1/1998,JP,1,-1.538389862
9/1/1998,AU,1,0.837242481
9/1/1998,EM,1,0.971615425
10/1/1998,CH,1,0.155499078
10/1/1998,JP,1,-1.525614164
10/1/1998,AU,1,0.854721673
10/1/1998,EM,1,0.980306682
11/1/1998,CH,1,-0.743506905
11/1/1998,JP,1,-0.49934533
11/1/1998,AU,1,1.208407057
11/1/1998,EM,1,1.465286907
12/1/1998,CH,1,-0.83267543
12/1/1998,JP,1,0.353261242
12/1/1998,AU,1,1.310213654
12/1/1998,EM,1,1.638501758
1/1/1999,EU,1,-0.783021994
1/1/1999,CH,1,-0.692074562
1/1/1999,JP,1,0.380452712
1/1/1999,AU,1,1.213207274
1/1/1999,EM,1,1.682906946
2/1/1999,EU,1,-1.622959957
2/1/1999,CH,1,-1.871583564
2/1/1999,JP,1,-0.907440312
2/1/1999,AU,1,-0.053034336
2/1/1999,EM,1,0.660648166
3/1/1999,EU,1,-1.542469589
3/1/1999,CH,1,-1.865736945
3/1/1999,JP,1,-0.444935099
3/1/1999,AU,1,-0.058314907
3/1/1999,EM,1,0.766260454
4/1/1999,EU,1,-1.577624835
4/1/1999,CH,1,-2.026879894
4/1/1999,JP,1,-0.894733658
4/1/1999,AU,1,-0.066828299
4/1/1999,EM,1,0.543208208
5/1/1999,EU,1,-1.231061502
5/1/1999,CH,1,-2.307056764
5/1/1999,JP,1,0.015664215
5/1/1999,AU,1,-0.726110129
5/1/1999,EM,1,0.372361579
6/1/1999,EU,1,-1.132164634
6/1/1999,CH,1,-2.269618217
6/1/1999,JP,1,0.025411056
6/1/1999,AU,1,-0.682032631
6/1/1999,EM,1,0.482313607
7/1/1999,EU,1,-1.142800512
7/1/1999,CH,1,-2.136044405
7/1/1999,JP,1,0.266190106
7/1/1999,AU,1,-0.659023343
7/1/1999,EM,1,0.525376929
8/1/1999,EU,1,-0.640905893
8/1/1999,CH,1,-1.861999321
8/1/1999,JP,1,0.655022856
8/1/1999,AU,1,-0.49915851
8/1/1999,EM,1,0.892518773
9/1/1999,EU,1,0.24766991
9/1/1999,CH,1,-1.773449303
9/1/1999,JP,1,1.004579402
9/1/1999,AU,1,-0.439296995
9/1/1999,EM,1,0.772817045
10/1/1999,EU,1,0.465868134
10/1/1999,CH,1,-1.762810069
10/1/1999,JP,1,0.732734442
10/1/1999,AU,1,-0.486024383
10/1/1999,EM,1,0.950787193
11/1/1999,EU,1,-0.03133148
11/1/1999,CH,1,-2.43086992
11/1/1999,JP,1,-1.031777337
11/1/1999,AU,1,-1.78060003
11/1/1999,EM,1,-0.34581063
12/1/1999,EU,1,0.465078477
12/1/1999,CH,1,-1.544059544
12/1/1999,JP,1,-2.06680663
12/1/1999,AU,1,-1.420692959
12/1/1999,EM,1,-0.33356538
1/1/2000,EU,1,0.478194964
1/1/2000,CH,1,-1.467090501
1/1/2000,JP,1,-2.074958487
1/1/2000,AU,1,-1.530671872
1/1/2000,EM,1,-0.438281113
2/1/2000,EU,1,0.9403085
2/1/2000,CH,1,-0.947983828
2/1/2000,JP,1,-1.693943588
2/1/2000,AU,1,-0.976165743
2/1/2000,EM,1,0.461784505
3/1/2000,EU,1,1.12705691
3/1/2000,CH,1,0.948600008
3/1/2000,JP,1,1.146057496
3/1/2000,AU,1,-1.381074504
3/1/2000,EM,1,0.954653921
4/1/2000,GB,1,-2.365873543
4/1/2000,EU,1,0.278005645
4/1/2000,CH,1,0.209178625
4/1/2000,JP,1,0.53423719
4/1/2000,AU,1,-0.532712844
4/1/2000,EM,1,0.27844985
5/1/2000,GB,1,-2.512518236
5/1/2000,EU,1,-0.155066758
5/1/2000,CH,1,-0.118173365
5/1/2000,JP,1,0.219613591
5/1/2000,AU,1,-1.074697322
5/1/2000,EM,1,0.267576454
6/1/2000,GB,1,-2.3821675
6/1/2000,EU,1,0.208740217
6/1/2000,CH,1,0.201412273
6/1/2000,JP,1,-0.088368862
6/1/2000,AU,1,-1.128681218
6/1/2000,EM,1,0.342275619
7/1/2000,GB,1,-2.154899823
7/1/2000,EU,1,0.444530314
7/1/2000,CH,1,0.319196043
7/1/2000,JP,1,-0.149039429
7/1/2000,AU,1,-1.295772014
7/1/2000,EM,1,0.428539473
8/1/2000,GB,1,-1.722267123
8/1/2000,EU,1,0.979886921
8/1/2000,CH,1,0.991241672
8/1/2000,JP,1,0.478139383
8/1/2000,AU,1,0.947847907
8/1/2000,EM,1,0.988696524
9/1/2000,GB,1,-2.111103196
9/1/2000,EU,1,-0.757014058
9/1/2000,CH,1,0.01230527
9/1/2000,JP,1,-0.715475372
9/1/2000,AU,1,0.794331348
9/1/2000,EM,1,0.676385142
10/1/2000,GB,1,-1.290501529
10/1/2000,EU,1,-1.029103944
10/1/2000,CH,1,0.01791732
10/1/2000,JP,1,-1.103190532
10/1/2000,AU,1,1.385928666
10/1/2000,EM,1,0.63966872
11/1/2000,GB,1,1.941760201
11/1/2000,EU,1,-0.344377785
11/1/2000,CH,1,0.870450595
11/1/2000,JP,1,0.321640263
11/1/2000,AU,1,2.175248753
11/1/2000,EM,1,1.682188939
12/1/2000,GB,1,0.887004643
12/1/2000,EU,1,-1.302804557
12/1/2000,CH,1,0.141827134
12/1/2000,JP,1,1.836839561
12/1/2000,AU,1,0.84376986
12/1/2000,EM,1,1.062718195
1/1/2001,GB,1,0.236991819
1/1/2001,EU,1,-1.366442405
1/1/2001,CH,1,-0.326287216
1/1/2001,JP,1,1.733661
1/1/2001,AU,1,0.755579306
1/1/2001,EM,1,0.988974728
2/1/2001,GB,1,2.422625828
2/1/2001,EU,1,-0.151885332
2/1/2001,CH,1,0.867880951
2/1/2001,JP,1,2.221283665
2/1/2001,AU,1,1.487522945
2/1/2001,EM,1,1.302596777
3/1/2001,GB,1,1.911146313
3/1/2001,EU,1,-0.406981911
3/1/2001,CH,1,-0.941484077
3/1/2001,JP,1,0.323932799
3/1/2001,AU,1,1.359692797
3/1/2001,EM,1,0.836164547
4/1/2001,GB,1,2.008659008
4/1/2001,EU,1,-0.315726022
4/1/2001,CH,1,-0.77616104
4/1/2001,JP,1,0.151040128
4/1/2001,AU,1,1.336764596
4/1/2001,EM,1,1.09833543
5/1/2001,GB,1,2.803008676
5/1/2001,EU,1,0.598656752
5/1/2001,CH,1,0.019849131
5/1/2001,JP,1,0.720646859
5/1/2001,AU,1,1.542629263
5/1/2001,EM,1,1.510231589
6/1/2001,GB,1,2.596554611
6/1/2001,EU,1,0.179523887
6/1/2001,CH,1,-0.014465854
6/1/2001,JP,1,0.28492861
6/1/2001,AU,1,1.482443727
6/1/2001,EM,1,1.407622131
7/1/2001,GB,1,2.407417025
7/1/2001,EU,1,-0.018053396
7/1/2001,CH,1,-0.132411219
7/1/2001,JP,1,0.271601382
7/1/2001,AU,1,1.576234881
7/1/2001,EM,1,1.397680248
8/1/2001,GB,1,2.202720778
8/1/2001,EU,1,-0.376179929
8/1/2001,CH,1,-0.458025029
8/1/2001,JP,1,-0.020019459
8/1/2001,AU,1,-0.35331446
8/1/2001,EM,1,1.153781382
9/1/2001,GB,1,2.327637767
9/1/2001,EU,1,-0.295016781
9/1/2001,CH,1,-0.057578742
9/1/2001,JP,1,-0.207114997
9/1/2001,AU,1,-0.353880777
9/1/2001,EM,1,1.111093349
10/1/2001,GB,1,2.154384896
10/1/2001,EU,1,-0.553733135
10/1/2001,CH,1,-0.298112692
10/1/2001,JP,1,-0.071866155
10/1/2001,AU,1,-0.411752819
10/1/2001,EM,1,1.161296015
11/1/2001,GB,1,3.212273349
11/1/2001,EU,1,0.89307862
11/1/2001,CH,1,1.038912915
11/1/2001,JP,1,1.205821703
11/1/2001,AU,1,1.126574853
11/1/2001,EM,1,1.927477221
12/1/2001,GB,1,3.056923203
12/1/2001,EU,1,0.77873191
12/1/2001,CH,1,0.649506175
12/1/2001,JP,1,0.525370385
12/1/2001,AU,1,1.064992089
12/1/2001,EM,1,1.668458715
1/1/2002,GB,1,3.042967967
1/1/2002,EU,1,0.822209425
1/1/2002,CH,1,0.773598934
1/1/2002,JP,1,0.414542145
1/1/2002,AU,1,1.090628375
1/1/2002,EM,1,1.703605985
2/1/2002,GB,1,1.438713186
2/1/2002,EU,1,-0.583108658
2/1/2002,CH,1,-0.930637376
2/1/2002,JP,1,-1.599399978
2/1/2002,AU,1,-0.733228917
2/1/2002,EM,1,0.431495406
3/1/2002,GB,1,1.353527609
3/1/2002,EU,1,-0.909740477
3/1/2002,CH,1,-0.723343441
3/1/2002,JP,1,-1.477012992
3/1/2002,AU,1,-0.731448029
3/1/2002,EM,1,0.734650307
4/1/2002,GB,1,1.401706688
4/1/2002,EU,1,-1.034702904
4/1/2002,CH,1,-0.885075664
4/1/2002,JP,1,-1.365741858
4/1/2002,AU,1,-0.797658601
4/1/2002,EM,1,0.565251556
5/1/2002,GB,1,-0.077129851
5/1/2002,EU,1,-2.276560033
5/1/2002,CH,1,-1.710014277
5/1/2002,JP,1,-2.223791749
5/1/2002,AU,1,-1.836307057
5/1/2002,EM,1,-0.5390173
6/1/2002,GB,1,-0.360661494
6/1/2002,EU,1,-2.332416206
6/1/2002,CH,1,-2.355000947
6/1/2002,JP,1,-1.418743727
6/1/2002,AU,1,-2.182679988
6/1/2002,EM,1,-0.621980939
7/1/2002,GB,1,-0.408351331
7/1/2002,EU,1,-2.28966014
7/1/2002,CH,1,-2.368772323
7/1/2002,JP,1,-1.36232663
7/1/2002,AU,1,-2.165663377
7/1/2002,EM,1,-0.499995376
8/1/2002,GB,1,1.890515882
8/1/2002,EU,1,-0.920589351
8/1/2002,CH,1,-1.178420242
8/1/2002,JP,1,-0.496070924
8/1/2002,AU,1,-0.057045603
8/1/2002,EM,1,0.08118192
9/1/2002,GB,1,2.154410679
9/1/2002,EU,1,-0.627166662
9/1/2002,CH,1,-0.989942557
9/1/2002,JP,1,0.251502286
9/1/2002,AU,1,-0.064648238
9/1/2002,EM,1,0.198264293
10/1/2002,GB,1,2.197689938
10/1/2002,EU,1,-0.591130777
10/1/2002,CH,1,-0.905617724
10/1/2002,JP,1,0.297897111
10/1/2002,AU,1,-0.067809059
10/1/2002,EM,1,0.400786148
11/1/2002,GB,1,-3.266799716
11/1/2002,EU,1,-1.541923953
11/1/2002,CH,1,-1.625424939
11/1/2002,JP,1,-0.951007966
11/1/2002,AU,1,-1.392259145
11/1/2002,EM,1,-0.865225623
12/1/2002,GB,1,-3.048972571
12/1/2002,EU,1,-1.163993298
12/1/2002,CH,1,-1.364361225
12/1/2002,JP,1,-0.235462499
12/1/2002,AU,1,-1.378102995
12/1/2002,EM,1,-0.778829615
1/1/2003,GB,1,-3.002596145
1/1/2003,EU,1,-1.205777905
1/1/2003,CH,1,-1.413685839
1/1/2003,JP,1,-0.169485999
1/1/2003,AU,1,-1.41106418
1/1/2003,EM,1,-0.770488812
2/1/2003,GB,1,-2.253468905
2/1/2003,EU,1,-0.596322396
2/1/2003,CH,1,-0.613017408
2/1/2003,JP,1,0.888070221
2/1/2003,AU,1,-0.393500014
2/1/2003,EM,1,0.418865296
3/1/2003,GB,1,-2.174443898
3/1/2003,EU,1,-0.26200954
3/1/2003,CH,1,-0.511348805
3/1/2003,JP,1,1.134363893
3/1/2003,AU,1,-0.397393653
3/1/2003,EM,1,0.234459129
4/1/2003,GB,1,-2.158125697
4/1/2003,EU,1,-0.273029776
4/1/2003,CH,1,-0.354030568
4/1/2003,JP,1,1.073511827
4/1/2003,AU,1,-0.41289499
4/1/2003,EM,1,0.462809653
5/1/2003,GB,1,-1.429958543
5/1/2003,EU,1,0.403335676
5/1/2003,CH,1,-0.008436914
5/1/2003,JP,1,1.670361333
5/1/2003,AU,1,0.198225773
5/1/2003,EM,1,1.260826844
6/1/2003,GB,1,-1.612132511
6/1/2003,EU,1,0.050287507
6/1/2003,CH,1,-0.051921114
6/1/2003,JP,1,1.274659062
6/1/2003,AU,1,0.239168263
6/1/2003,EM,1,1.398062649
7/1/2003,GB,1,-1.658320545
7/1/2003,EU,1,0.267226426
7/1/2003,CH,1,0.140111366
7/1/2003,JP,1,1.248761943
7/1/2003,AU,1,0.259297775
7/1/2003,EM,1,1.38468159
8/1/2003,GB,1,-2.601569941
8/1/2003,EU,1,-0.53850385
8/1/2003,CH,1,-0.522883669
8/1/2003,JP,1,0.284117502
8/1/2003,AU,1,-0.571861555
8/1/2003,EM,1,0.344397767
9/1/2003,GB,1,-2.673581887
9/1/2003,EU,1,-0.594272797
9/1/2003,CH,1,-1.049873387
9/1/2003,JP,1,-0.134200016
9/1/2003,AU,1,-0.586570617
9/1/2003,EM,1,0.375362249
10/1/2003,GB,1,-2.667501068
10/1/2003,EU,1,-0.537586967
10/1/2003,CH,1,-1.051057606
10/1/2003,JP,1,-0.134214246
10/1/2003,AU,1,-0.584126073
10/1/2003,EM,1,0.381308662
11/1/2003,GB,1,-0.975460704
11/1/2003,EU,1,-1.877918823
11/1/2003,CH,1,-2.846121697
11/1/2003,JP,1,-0.949903712
11/1/2003,AU,1,-1.738509104
11/1/2003,EM,1,-0.203513056
12/1/2003,GB,1,-1.122739537
12/1/2003,EU,1,-1.900853547
12/1/2003,CH,1,-2.605495863
12/1/2003,JP,1,-1.513419849
12/1/2003,AU,1,-1.994801361
12/1/2003,EM,1,-0.001864196
1/1/2004,GB,1,-1.132825534
1/1/2004,EU,1,-2.036109441
1/1/2004,CH,1,-2.532470737
1/1/2004,JP,1,-1.50315197
1/1/2004,AU,1,-1.982999542
1/1/2004,EM,1,0.00932301
2/1/2004,GB,1,0.163318368
2/1/2004,EU,1,-1.39660607
2/1/2004,CH,1,-2.142167709
2/1/2004,JP,1,-0.662489153
2/1/2004,AU,1,-1.691318647
2/1/2004,EM,1,0.413613328
3/1/2004,GB,1,0.220229318
3/1/2004,EU,1,-0.980801377
3/1/2004,CH,1,-1.151828834
3/1/2004,JP,1,-0.231199776
3/1/2004,AU,1,-2.521384309
3/1/2004,EM,1,0.235172252
4/1/2004,GB,1,0.125930373
4/1/2004,EU,1,-0.903789911
4/1/2004,CH,1,-1.587491401
4/1/2004,JP,1,-0.393848591
4/1/2004,AU,1,-2.406500014
4/1/2004,EM,1,0.296459678
5/1/2004,GB,1,-1.040133055
5/1/2004,EU,1,-1.512581433
5/1/2004,CH,1,-1.916266247
5/1/2004,JP,1,-2.115035875
5/1/2004,AU,1,-3.107758045
5/1/2004,EM,1,-0.865647964
6/1/2004,GB,1,-0.665591762
6/1/2004,EU,1,0.387463348
6/1/2004,CH,1,0.141964461
6/1/2004,JP,1,-1.839096484
6/1/2004,AU,1,-2.183433218
6/1/2004,EM,1,-0.319722629
7/1/2004,GB,1,-0.72352591
7/1/2004,EU,1,0.148140186
7/1/2004,CH,1,0.154916132
7/1/2004,JP,1,-1.546081141
7/1/2004,AU,1,-2.434886229
7/1/2004,EM,1,-0.103477976
8/1/2004,GB,1,1.430650031
8/1/2004,EU,1,0.827512558
8/1/2004,CH,1,0.863297511
8/1/2004,JP,1,-0.718217843
8/1/2004,AU,1,-1.398236697
8/1/2004,EM,1,0.674834226
9/1/2004,GB,1,1.265037034
9/1/2004,EU,1,0.241462017
9/1/2004,CH,1,1.60307245
9/1/2004,JP,1,-0.499190309
9/1/2004,AU,1,-1.313192604
9/1/2004,EM,1,0.518478403
10/1/2004,GB,1,1.232466548
10/1/2004,EU,1,-0.043805261
10/1/2004,CH,1,1.547543099
10/1/2004,JP,1,-0.466920918
10/1/2004,AU,1,-1.384390495
10/1/2004,EM,1,0.453314319
11/1/2004,GB,1,0.461555646
11/1/2004,EU,1,1.483314491
11/1/2004,CH,1,2.922946899
11/1/2004,JP,1,1.007175526
11/1/2004,AU,1,0.155922729
11/1/2004,EM,1,1.283483763
12/1/2004,GB,1,0.727053209
12/1/2004,EU,1,1.184005766
12/1/2004,CH,1,3.02587775
12/1/2004,JP,1,0.539234373
12/1/2004,AU,1,0.233363258
12/1/2004,EM,1,0.993228139
1/1/2005,GB,1,0.736092408
1/1/2005,EU,1,1.457226075
1/1/2005,CH,1,2.756980906
1/1/2005,JP,1,-0.07177108
1/1/2005,AU,1,0.231111663
1/1/2005,EM,1,0.675589048
2/1/2005,GB,1,-0.077237167
2/1/2005,EU,1,0.860818024
2/1/2005,CH,1,2.562398907
2/1/2005,JP,1,-0.439544197
2/1/2005,AU,1,0.113903258
2/1/2005,EM,1,0.543417168
3/1/2005,GB,1,-0.074297487
3/1/2005,EU,1,0.018739124
3/1/2005,CH,1,0.925780896
3/1/2005,JP,1,-1.62740618
3/1/2005,AU,1,0.109028694
3/1/2005,EM,1,1.615689379
4/1/2005,GB,1,0.001987757
4/1/2005,EU,1,0.097840849
4/1/2005,CH,1,1.322389835
4/1/2005,JP,1,-1.794170245
4/1/2005,AU,1,0.134191946
4/1/2005,EM,1,1.048071947
5/1/2005,GB,1,1.527578358
5/1/2005,EU,1,0.734143065
5/1/2005,CH,1,2.3695809
5/1/2005,JP,1,-0.382297055
5/1/2005,AU,1,1.191584199
5/1/2005,EM,1,1.919973884
6/1/2005,GB,1,1.366176712
6/1/2005,EU,1,-1.143558536
6/1/2005,CH,1,0.136979457
6/1/2005,JP,1,1.502830031
6/1/2005,AU,1,1.136999775
6/1/2005,EM,1,1.438576347
7/1/2005,GB,1,1.527004253
7/1/2005,EU,1,-1.027418461
7/1/2005,CH,1,-0.565460047
7/1/2005,JP,1,0.14645528
7/1/2005,AU,1,1.300558703
7/1/2005,EM,1,1.253715446
8/1/2005,GB,1,0.055626588
8/1/2005,EU,1,-2.263073127
8/1/2005,CH,1,-1.123537043
8/1/2005,JP,1,-0.946787305
8/1/2005,AU,1,0.814125462
8/1/2005,EM,1,-0.327821788
9/1/2005,GB,1,0.075594661
9/1/2005,EU,1,-0.518041208
9/1/2005,CH,1,-2.02489089
9/1/2005,JP,1,-0.973577871
9/1/2005,AU,1,1.145209132
9/1/2005,EM,1,-0.916984818
10/1/2005,GB,1,0.248433098
10/1/2005,EU,1,1.207676666
10/1/2005,CH,1,-0.858253013
10/1/2005,JP,1,-1.25868246
10/1/2005,AU,1,1.037395915
10/1/2005,EM,1,-1.073352686
11/1/2005,GB,1,-1.152135971
11/1/2005,EU,1,-0.944902469
11/1/2005,CH,1,-2.170483889
11/1/2005,JP,1,-3.092407774
11/1/2005,AU,1,-0.916752656
11/1/2005,EM,1,-1.069079911
12/1/2005,GB,1,-1.882773818
12/1/2005,EU,1,-0.417817187
12/1/2005,CH,1,-2.011686617
12/1/2005,JP,1,-2.750236991
12/1/2005,AU,1,-1.358729103
12/1/2005,EM,1,-0.537204957
1/1/2006,GB,1,-2.445516362
1/1/2006,EU,1,-0.924034206
1/1/2006,CH,1,-2.055699206
1/1/2006,JP,1,-0.724454647
1/1/2006,AU,1,-1.723075801
1/1/2006,EM,1,0.127313464
2/1/2006,GB,1,-0.702237828
2/1/2006,EU,1,1.30242587
2/1/2006,CH,1,-0.093189632
2/1/2006,JP,1,0.665756292
2/1/2006,AU,1,-0.140324058
2/1/2006,EM,1,2.197582462
3/1/2006,GB,1,-0.59691339
3/1/2006,EU,1,2.310329917
3/1/2006,CH,1,1.235926456
3/1/2006,JP,1,0.826049292
3/1/2006,AU,1,-0.118740619
3/1/2006,EM,1,0.007457449
4/1/2006,GB,1,-0.858987496
4/1/2006,EU,1,2.259173063
4/1/2006,CH,1,0.978546352
4/1/2006,JP,1,0.700142044
4/1/2006,AU,1,-0.146972202
4/1/2006,EM,1,0.86530149
5/1/2006,GB,1,0.050839842
5/1/2006,EU,1,2.82049582
5/1/2006,CH,1,1.412385776
5/1/2006,JP,1,1.151558043
5/1/2006,AU,1,1.40517333
5/1/2006,EM,1,1.937773868
6/1/2006,GB,1,0.049680045
6/1/2006,EU,1,2.433589584
6/1/2006,CH,1,1.891246403
6/1/2006,JP,1,-0.091728121
6/1/2006,AU,1,0.892476132
6/1/2006,EM,1,1.290967814
7/1/2006,GB,1,0.089798846
7/1/2006,EU,1,2.430595983
7/1/2006,CH,1,2.394119654
7/1/2006,JP,1,0.698853475
7/1/2006,AU,1,0.941176888
7/1/2006,EM,1,1.494345211
8/1/2006,GB,1,0.610472851
8/1/2006,EU,1,2.766613298
8/1/2006,CH,1,2.415166672
8/1/2006,JP,1,0.908999443
8/1/2006,AU,1,1.07265586
8/1/2006,EM,1,1.81987045
9/1/2006,GB,1,0.821680706
9/1/2006,EU,1,2.373007443
9/1/2006,CH,1,1.681242173
9/1/2006,JP,1,0.303726438
9/1/2006,AU,1,1.402398406
9/1/2006,EM,1,2.635457369
10/1/2006,GB,1,0.795806674
10/1/2006,EU,1,1.180969576
10/1/2006,CH,1,0.742196754
10/1/2006,JP,1,-0.009341489
10/1/2006,AU,1,1.497212773
10/1/2006,EM,1,2.895945993
11/1/2006,GB,1,2.204745529
11/1/2006,EU,1,2.334552339
11/1/2006,CH,1,1.803677671
11/1/2006,JP,1,1.822266515
11/1/2006,AU,1,2.399096148
11/1/2006,EM,1,3.272998246
12/1/2006,GB,1,2.078497142
12/1/2006,EU,1,2.707023721
12/1/2006,CH,1,1.726979322
12/1/2006,JP,1,2.20090557
12/1/2006,AU,1,2.193170676
12/1/2006,EM,1,3.15859578
1/1/2007,GB,1,1.999203676
1/1/2007,EU,1,2.654856443
1/1/2007,CH,1,1.686801316
1/1/2007,JP,1,1.724233203
1/1/2007,AU,1,2.09495537
1/1/2007,EM,1,3.202518483
2/1/2007,GB,1,1.084892427
2/1/2007,EU,1,2.004031978
2/1/2007,CH,1,-0.203432436
2/1/2007,JP,1,-0.015597476
2/1/2007,AU,1,0.522520066
2/1/2007,EM,1,2.242305273
3/1/2007,GB,1,0.936867781
3/1/2007,EU,1,0.603175364
3/1/2007,CH,1,-0.577130658
3/1/2007,JP,1,0.571405767
3/1/2007,AU,1,0.440082424
3/1/2007,EM,1,2.634291902
4/1/2007,GB,1,1.010273129
4/1/2007,EU,1,0.922372508
4/1/2007,CH,1,-0.106311334
4/1/2007,JP,1,0.772373871
4/1/2007,AU,1,0.440986205
4/1/2007,EM,1,2.889310728
5/1/2007,GB,1,0.355526636
5/1/2007,EU,1,-0.047258954
5/1/2007,CH,1,-0.505254414
5/1/2007,JP,1,0.172558138
5/1/2007,AU,1,-1.292353398
5/1/2007,EM,1,1.995478883
6/1/2007,GB,1,0.198081595
6/1/2007,EU,1,-1.010043586
6/1/2007,CH,1,-1.41597535
6/1/2007,JP,1,0.314324944
6/1/2007,AU,1,-0.914514818
6/1/2007,EM,1,1.500722102
7/1/2007,GB,1,0.157021346
7/1/2007,EU,1,-0.911696429
7/1/2007,CH,1,-1.407547404
7/1/2007,JP,1,-0.125688441
7/1/2007,AU,1,-0.890655043
7/1/2007,EM,1,1.64066383
8/1/2007,GB,1,0.734057765
8/1/2007,EU,1,-0.189252644
8/1/2007,CH,1,-0.396989519
8/1/2007,JP,1,0.818140128
8/1/2007,AU,1,-0.178418356
8/1/2007,EM,1,2.465403945
9/1/2007,GB,1,0.734696471
9/1/2007,EU,1,-0.04303495
9/1/2007,CH,1,0.380037292
9/1/2007,JP,1,0.823050614
9/1/2007,AU,1,-0.182753356
9/1/2007,EM,1,2.722589554
10/1/2007,GB,1,0.79990399
10/1/2007,EU,1,0.774220644
10/1/2007,CH,1,0.976458547
10/1/2007,JP,1,1.082890735
10/1/2007,AU,1,-0.195201861
10/1/2007,EM,1,2.88127557
11/1/2007,GB,1,-0.659322718
11/1/2007,EU,1,0.047115765
11/1/2007,CH,1,0.412036989
11/1/2007,JP,1,0.272935682
11/1/2007,AU,1,-0.831155862
11/1/2007,EM,1,2.221185914
12/1/2007,GB,1,-0.596301591
12/1/2007,EU,1,-0.874726415
12/1/2007,CH,1,0.505064408
12/1/2007,JP,1,-0.825782795
12/1/2007,AU,1,-0.726920152
12/1/2007,EM,1,1.864150394
1/1/2008,GB,1,-0.706130772
1/1/2008,EU,1,-1.038320335
1/1/2008,CH,1,0.660961819
1/1/2008,JP,1,-0.948267034
1/1/2008,AU,1,-0.834906156
1/1/2008,EM,1,1.616589436
2/1/2008,GB,1,1.124388447
2/1/2008,EU,1,1.018668254
2/1/2008,CH,1,3.040029362
2/1/2008,JP,1,1.190488068
2/1/2008,AU,1,2.332423362
2/1/2008,EM,1,1.970386499
3/1/2008,GB,1,1.282502269
3/1/2008,EU,1,1.442310645
3/1/2008,CH,1,2.610080729
3/1/2008,JP,1,1.158782683
3/1/2008,AU,1,2.616660319
3/1/2008,EM,1,2.654193024
4/1/2008,GB,1,1.265219118
4/1/2008,EU,1,1.831555453
4/1/2008,CH,1,2.787932652
4/1/2008,JP,1,1.204852342
4/1/2008,AU,1,2.731002925
4/1/2008,EM,1,2.349902488
5/1/2008,GB,1,1.634792225
5/1/2008,EU,1,1.644876093
5/1/2008,CH,1,2.280457567
5/1/2008,JP,1,1.054977499
5/1/2008,AU,1,2.992174424
5/1/2008,EM,1,2.529467574
6/1/2008,GB,1,1.681090088
6/1/2008,EU,1,1.312704589
6/1/2008,CH,1,2.648268949
6/1/2008,JP,1,1.029539319
6/1/2008,AU,1,2.90830995
6/1/2008,EM,1,2.097467192
7/1/2008,GB,1,1.871988025
7/1/2008,EU,1,1.701193909
7/1/2008,CH,1,2.790616219
7/1/2008,JP,1,1.870906537
7/1/2008,AU,1,3.138544969
7/1/2008,EM,1,1.736160573
8/1/2008,GB,1,0.816103744
8/1/2008,EU,1,0.628376517
8/1/2008,CH,1,1.66504313
8/1/2008,JP,1,0.648012086
8/1/2008,AU,1,2.557229325
8/1/2008,EM,1,-0.418035125
9/1/2008,GB,1,0.663887599
9/1/2008,EU,1,-0.479566117
9/1/2008,CH,1,1.117289731
9/1/2008,JP,1,0.24337636
9/1/2008,AU,1,1.974116768
9/1/2008,EM,1,-1.011401077
10/1/2008,GB,1,0.658994872
10/1/2008,EU,1,-0.982753057
10/1/2008,CH,1,0.84201106
10/1/2008,JP,1,0.222286959
10/1/2008,AU,1,1.815585445
10/1/2008,EM,1,-0.954738702
11/1/2008,GB,1,2.707504502
11/1/2008,EU,1,1.285323448
11/1/2008,CH,1,2.572315227
11/1/2008,JP,1,2.208985076
11/1/2008,AU,1,2.770018097
11/1/2008,EM,1,1.661305122
12/1/2008,GB,1,2.335712768
12/1/2008,EU,1,0
12/1/2008,CH,1,1.616618675
12/1/2008,JP,1,0.811432678
12/1/2008,AU,1,2.426848228
12/1/2008,EM,1,1.175296068
1/1/2009,GB,1,2.316597591
1/1/2009,EU,1,0
1/1/2009,CH,1,1.326801374
1/1/2009,JP,1,0.660213981
1/1/2009,AU,1,2.463166912
1/1/2009,EM,1,1.086644273
2/1/2009,GB,1,2.616423452
2/1/2009,EU,1,0
2/1/2009,CH,1,1.151692462
2/1/2009,JP,1,0.571376901
2/1/2009,AU,1,1.972398172
2/1/2009,EM,1,1.593231809
3/1/2009,GB,1,2.475347117
3/1/2009,EU,1,0
3/1/2009,CH,1,0.462486784
3/1/2009,JP,1,0
3/1/2009,AU,1,1.875292649
3/1/2009,EM,1,0.862047504
4/1/2009,GB,1,2.417627145
4/1/2009,EU,1,0
4/1/2009,CH,1,0.208592884
4/1/2009,JP,1,0
4/1/2009,AU,1,1.839426572
4/1/2009,EM,1,0.989974572
5/1/2009,GB,1,1.657044904
5/1/2009,EU,1,-1.10198654
5/1/2009,CH,1,-0.625358672
5/1/2009,JP,1,-1.10198654
5/1/2009,AU,1,0.68417856
5/1/2009,EM,1,0.002231136
6/1/2009,GB,1,1.520439171
6/1/2009,EU,1,-1.05792576
6/1/2009,CH,1,-1.05792576
6/1/2009,JP,1,-1.05792576
6/1/2009,AU,1,0.641822072
6/1/2009,EM,1,0.154072495
7/1/2009,GB,1,1.464705985
7/1/2009,EU,1,-1.082531663
7/1/2009,CH,1,-1.082531663
7/1/2009,JP,1,-1.082531663
7/1/2009,AU,1,0.642028084
7/1/2009,EM,1,0.219363186
8/1/2009,GB,1,-0.177314618
8/1/2009,EU,1,-2.287286959
8/1/2009,CH,1,-2.287286959
8/1/2009,JP,1,-2.287286959
8/1/2009,AU,1,-1.034143063
8/1/2009,EM,1,-1.065674973
9/1/2009,GB,1,-0.220847895
9/1/2009,EU,1,-2.230889211
9/1/2009,CH,1,-2.369826836
9/1/2009,JP,1,-2.216648835
9/1/2009,AU,1,-1.068176957
9/1/2009,EM,1,-0.804555235
10/1/2009,GB,1,-0.293528966
10/1/2009,EU,1,-2.204597912
10/1/2009,CH,1,-2.424114728
10/1/2009,JP,1,-2.209290322
10/1/2009,AU,1,-1.089317713
10/1/2009,EM,1,-0.710109367
11/1/2009,GB,1,-1.579792107
11/1/2009,EU,1,-2.62928577
11/1/2009,CH,1,-2.903959258
11/1/2009,JP,1,-2.741366637
11/1/2009,AU,1,-1.727217877
11/1/2009,EM,1,-1.796138087
12/1/2009,GB,1,-2.078700971
12/1/2009,EU,1,-2.18504306
12/1/2009,CH,1,-3.360442946
12/1/2009,JP,1,-1.961442912
12/1/2009,AU,1,-2.31769995
12/1/2009,EM,1,-2.079878569
1/1/2010,GB,1,-2.109734648
1/1/2010,EU,1,-2.090637824
1/1/2010,CH,1,-3.325095861
1/1/2010,JP,1,-1.912049935
1/1/2010,AU,1,-2.458053117
1/1/2010,EM,1,-1.885181896
2/1/2010,GB,1,-2.31379309
2/1/2010,EU,1,-2.172046051
2/1/2010,CH,1,-3.322872816
2/1/2010,JP,1,-1.832627522
2/1/2010,AU,1,-2.113688349
2/1/2010,EM,1,-1.633330316
3/1/2010,GB,1,-2.25592517
3/1/2010,EU,1,-0.300323721
3/1/2010,CH,1,-1.969066917
3/1/2010,JP,1,0
3/1/2010,AU,1,-2.0207403
3/1/2010,EM,1,-1.045185699
4/1/2010,GB,1,-2.230540949
4/1/2010,EU,1,-0.076238994
4/1/2010,CH,1,-1.727905335
4/1/2010,JP,1,0
4/1/2010,AU,1,-2.039370782
4/1/2010,EM,1,-1.176900562
5/1/2010,GB,1,-1.909778319
5/1/2010,EU,1,0.532051905
5/1/2010,CH,1,-1.315752778
5/1/2010,JP,1,0.703320819
5/1/2010,AU,1,-1.27160375
5/1/2010,EM,1,-0.546667514
6/1/2010,GB,1,-1.931030232
6/1/2010,EU,1,0.727875936
6/1/2010,CH,1,0.09812637
6/1/2010,JP,1,0.715521275
6/1/2010,AU,1,-1.27494973
6/1/2010,EM,1,-0.532918326
7/1/2010,GB,1,-1.95732895
7/1/2010,EU,1,0.667883667
7/1/2010,CH,1,-0.084100694
7/1/2010,JP,1,0.76862023
7/1/2010,AU,1,-1.303127971
7/1/2010,EM,1,-0.515941276
8/1/2010,GB,1,-0.104002781
8/1/2010,EU,1,2.270168253
8/1/2010,CH,1,1.548809475
8/1/2010,JP,1,2.270628485
8/1/2010,AU,1,0.480427988
8/1/2010,EM,1,1.224204302
9/1/2010,GB,1,-0.079025111
9/1/2010,EU,1,1.975123737
9/1/2010,CH,1,1.891461169
9/1/2010,JP,1,2.382974512
9/1/2010,AU,1,0.503446933
9/1/2010,EM,1,1.200481095
10/1/2010,GB,1,-0.038677732
10/1/2010,EU,1,2.032761401
10/1/2010,CH,1,1.882727242
10/1/2010,JP,1,2.387923703
10/1/2010,AU,1,0.503742696
10/1/2010,EM,1,1.164990487
11/1/2010,GB,1,-0.264511315
11/1/2010,EU,1,1.798708308
11/1/2010,CH,1,1.647368527
11/1/2010,JP,1,2.223527349
11/1/2010,AU,1,0.069736847
11/1/2010,EM,1,1.091748555
12/1/2010,GB,1,-0.423811365
12/1/2010,EU,1,1.853734745
12/1/2010,CH,1,1.757885646
12/1/2010,JP,1,1.72341895
12/1/2010,AU,1,0.107662017
12/1/2010,EM,1,1.608097357
1/1/2011,GB,1,-0.452100125
1/1/2011,EU,1,1.888615708
1/1/2011,CH,1,1.852698257
1/1/2011,JP,1,1.746721774
1/1/2011,AU,1,0.114232438
1/1/2011,EM,1,1.280666829
2/1/2011,GB,1,-1.279087719
2/1/2011,EU,1,1.453496979
2/1/2011,CH,1,0.964355341
2/1/2011,JP,1,0.962550725
2/1/2011,AU,1,-0.76165588
2/1/2011,EM,1,-0.141080472
3/1/2011,GB,1,-1.405303707
3/1/2011,EU,1,0.453078948
3/1/2011,CH,1,0.082199805
3/1/2011,JP,1,-2.431517311
3/1/2011,AU,1,-0.932536519
3/1/2011,EM,1,-0.556453733
4/1/2011,GB,1,-1.538000443
4/1/2011,EU,1,0.221922881
4/1/2011,CH,1,0.096593285
4/1/2011,JP,1,-2.446516528
4/1/2011,AU,1,-0.956454703
4/1/2011,EM,1,-0.244678234
5/1/2011,GB,1,-1.762502564
5/1/2011,EU,1,-0.096953105
5/1/2011,CH,1,-0.685408297
5/1/2011,JP,1,-2.847538989
5/1/2011,AU,1,-1.319298055
5/1/2011,EM,1,-0.82639131
6/1/2011,GB,1,-1.468475593
6/1/2011,EU,1,-1.021895372
6/1/2011,CH,1,-2.242232049
6/1/2011,JP,1,-3.024557485
6/1/2011,AU,1,-1.131378003
6/1/2011,EM,1,-0.708982505
7/1/2011,GB,1,-1.489339643
7/1/2011,EU,1,-0.944925915
7/1/2011,CH,1,-1.868797616
7/1/2011,JP,1,-3.021410845
7/1/2011,AU,1,-1.1476938
7/1/2011,EM,1,-0.379737716
8/1/2011,GB,1,-0.643391268
8/1/2011,EU,1,-0.06468802
8/1/2011,CH,1,-1.123371597
8/1/2011,JP,1,-2.280991783
8/1/2011,AU,1,0.006404933
8/1/2011,EM,1,0.81499435
9/1/2011,GB,1,-0.555143694
9/1/2011,EU,1,-0.233459209
9/1/2011,CH,1,-1.446955868
9/1/2011,JP,1,-2.387110356
9/1/2011,AU,1,0.005426075
9/1/2011,EM,1,0.507776267
10/1/2011,GB,1,-0.39605328
10/1/2011,EU,1,-0.155617368
10/1/2011,CH,1,-1.237110069
10/1/2011,JP,1,-2.523018822
10/1/2011,AU,1,0.005455225
10/1/2011,EM,1,0.369717753
11/1/2011,GB,1,-0.28053161
11/1/2011,EU,1,-0.316356785
11/1/2011,CH,1,-1.503704739
11/1/2011,JP,1,-2.775491774
11/1/2011,AU,1,-0.341133696
11/1/2011,EM,1,-0.301133508
12/1/2011,GB,1,-0.443571668
12/1/2011,EU,1,-1.081796554
12/1/2011,CH,1,-2.652169876
12/1/2011,JP,1,-2.338974054
12/1/2011,AU,1,-0.463939836
12/1/2011,EM,1,-1.362672764
1/1/2012,GB,1,-0.732963205
1/1/2012,EU,1,-1.428768631
1/1/2012,CH,1,-2.911497414
1/1/2012,JP,1,-2.113692603
1/1/2012,AU,1,-0.455321637
1/1/2012,EM,1,-1.209490651
2/1/2012,GB,1,1.349310251
2/1/2012,EU,1,0.020612344
2/1/2012,CH,1,-1.593899938
2/1/2012,JP,1,-0.312455178
2/1/2012,AU,1,-0.588059327
2/1/2012,EM,1,1.093214394
3/1/2012,GB,1,0.672429139
3/1/2012,EU,1,-0.777340331
3/1/2012,CH,1,-1.373884951
3/1/2012,JP,1,1.713130997
3/1/2012,AU,1,-0.321908042
3/1/2012,EM,1,0.133727019
4/1/2012,GB,1,0.611832794
4/1/2012,EU,1,-0.829421044
4/1/2012,CH,1,-1.48252651
4/1/2012,JP,1,1.630492734
4/1/2012,AU,1,-0.292282604
4/1/2012,EM,1,0.083505345
5/1/2012,GB,1,0.9832183
5/1/2012,EU,1,-0.500865212
5/1/2012,CH,1,-0.737354659
5/1/2012,JP,1,2.139188694
5/1/2012,AU,1,-0.236135123
5/1/2012,EM,1,0.538179169
6/1/2012,GB,1,0.873660965
6/1/2012,EU,1,-0.227330545
6/1/2012,CH,1,-0.156809128
6/1/2012,JP,1,2.530869979
6/1/2012,AU,1,-0.218733002
6/1/2012,EM,1,0.332398928
7/1/2012,GB,1,0.866168272
7/1/2012,EU,1,-0.257129464
7/1/2012,CH,1,-0.262413747
7/1/2012,JP,1,2.41229736
7/1/2012,AU,1,-0.226216791
7/1/2012,EM,1,-0.182677296
8/1/2012,GB,1,0.326117721
8/1/2012,EU,1,-1.042284456
8/1/2012,CH,1,-0.924579935
8/1/2012,JP,1,1.640944483
8/1/2012,AU,1,-0.50700563
8/1/2012,EM,1,-1.188889739
9/1/2012,GB,1,0.624196611
9/1/2012,EU,1,-1.531804632
9/1/2012,CH,1,-1.333963734
9/1/2012,JP,1,0.484845714
9/1/2012,AU,1,-0.965990374
9/1/2012,EM,1,-1.799314681
10/1/2012,GB,1,0.207682623
10/1/2012,EU,1,-1.788646017
10/1/2012,CH,1,-1.456925173
10/1/2012,JP,1,0.696303022
10/1/2012,AU,1,-0.889729952
10/1/2012,EM,1,-1.670756106
11/1/2012,GB,1,0.249380591
11/1/2012,EU,1,-2.198436319
11/1/2012,CH,1,-1.058114927
11/1/2012,JP,1,0.387628364
11/1/2012,AU,1,-0.520654652
11/1/2012,EM,1,-1.710134153
12/1/2012,GB,1,0.310399637
12/1/2012,EU,1,-1.918369092
12/1/2012,CH,1,1.16720606
12/1/2012,JP,1,0.46171409
12/1/2012,AU,1,-0.553631785
12/1/2012,EM,1,-0.762231372
1/1/2013,GB,1,0.579695085
1/1/2013,EU,1,-1.791732112
1/1/2013,CH,1,1.41212841
1/1/2013,JP,1,0.12899974
1/1/2013,AU,1,-0.606181281
1/1/2013,EM,1,-0.367039836
2/1/2013,GB,1,0.007120948
2/1/2013,EU,1,-1.805574321
2/1/2013,CH,1,1.112584141
2/1/2013,JP,1,-0.444427677
2/1/2013,AU,1,1.030196197
2/1/2013,EM,1,-0.551161295
3/1/2013,GB,1,0.005997973
3/1/2013,EU,1,-0.776399145
3/1/2013,CH,1,1.038699122
3/1/2013,JP,1,-1.847540291
3/1/2013,AU,1,0.714449196
3/1/2013,EM,1,0.634062294
4/1/2013,GB,1,0.058369181
4/1/2013,EU,1,-0.810328394
4/1/2013,CH,1,0.881073041
4/1/2013,JP,1,-2.059641212
4/1/2013,AU,1,0.716938632
4/1/2013,EM,1,0.046432501
5/1/2013,GB,1,0.825601078
5/1/2013,EU,1,-0.560776446
5/1/2013,CH,1,1.249268082
5/1/2013,JP,1,-1.385296098
5/1/2013,AU,1,1.312687008
5/1/2013,EM,1,0.654882367
6/1/2013,GB,1,1.73253493
6/1/2013,EU,1,0.661937905
6/1/2013,CH,1,1.697625544
6/1/2013,JP,1,-0.294670849
6/1/2013,AU,1,2.467504546
6/1/2013,EM,1,1.271703199
7/1/2013,GB,1,1.987106832
7/1/2013,EU,1,0.954820475
7/1/2013,CH,1,2.222267088
7/1/2013,JP,1,0.581749232
7/1/2013,AU,1,2.559833009
7/1/2013,EM,1,2.355044303
8/1/2013,GB,1,-1.824573346
8/1/2013,EU,1,-2.441984572
8/1/2013,CH,1,-0.856104466
8/1/2013,JP,1,-1.731729293
8/1/2013,AU,1,-2.035864563
8/1/2013,EM,1,0.04729445
9/1/2013,GB,1,-0.885377437
9/1/2013,EU,1,-1.112932512
9/1/2013,CH,1,0.367007163
9/1/2013,JP,1,1.729713157
9/1/2013,AU,1,-0.987339666
9/1/2013,EM,1,-0.243216494
10/1/2013,GB,1,-0.755948826
10/1/2013,EU,1,-1.239304556
10/1/2013,CH,1,0.312455624
10/1/2013,JP,1,1.725121453
10/1/2013,AU,1,-0.952197665
10/1/2013,EM,1,0.090579318
11/1/2013,GB,1,-1.054995339
11/1/2013,EU,1,-0.661395761
11/1/2013,CH,1,0.505051175
11/1/2013,JP,1,1.998400272
11/1/2013,AU,1,0.004489449
11/1/2013,EM,1,0.728701891
12/1/2013,GB,1,-1.221283829
12/1/2013,EU,1,0.02736555
12/1/2013,CH,1,0.076793451
12/1/2013,JP,1,2.138243461
12/1/2013,AU,1,0.005140749
12/1/2013,EM,1,0.521447823
1/1/2014,GB,1,-1.166057814
1/1/2014,EU,1,0.009682869
1/1/2014,CH,1,0.1056465
1/1/2014,JP,1,2.201519022
1/1/2014,AU,1,0.005207389
1/1/2014,EM,1,0.115810449
2/1/2014,GB,1,-1.516807434
2/1/2014,EU,1,0.233043964
2/1/2014,CH,1,0.133533212
2/1/2014,JP,1,1.933437865
2/1/2014,AU,1,0.071544866
2/1/2014,EM,1,0.061478892
3/1/2014,GB,1,-1.404731697
3/1/2014,EU,1,0.684686486
3/1/2014,CH,1,0.055331434
3/1/2014,JP,1,1.818196491
3/1/2014,AU,1,0.065537256
3/1/2014,EM,1,-0.554770707
4/1/2014,GB,1,-1.458186764
4/1/2014,EU,1,0.62835551
4/1/2014,CH,1,0.308504759
4/1/2014,JP,1,1.914354281
4/1/2014,AU,1,0.066247463
4/1/2014,EM,1,-0.041453845
5/1/2014,GB,1,-2.175746602
5/1/2014,EU,1,-0.043783055
5/1/2014,CH,1,-0.524330736
5/1/2014,JP,1,1.064066189
5/1/2014,AU,1,-0.633998232
5/1/2014,EM,1,-1.022235437
6/1/2014,GB,1,-3.03273816
6/1/2014,EU,1,-0.962825017
6/1/2014,CH,1,-0.277532082
6/1/2014,JP,1,-0.410111589
6/1/2014,AU,1,-0.860355089
6/1/2014,EM,1,-1.041691552
7/1/2014,GB,1,-3.175518439
7/1/2014,EU,1,-1.121968689
7/1/2014,CH,1,-0.600295455
7/1/2014,JP,1,-0.725415152
7/1/2014,AU,1,-0.920873103
7/1/2014,EM,1,-1.355599629
8/1/2014,GB,1,-3.271112024
8/1/2014,EU,1,-1.251484795
8/1/2014,CH,1,-0.716937032
8/1/2014,JP,1,-1.080196972
8/1/2014,AU,1,-1.319734531
8/1/2014,EM,1,-1.483781446
9/1/2014,GB,1,-3.269102989
9/1/2014,EU,1,-1.228244458
9/1/2014,CH,1,-1.288048019
9/1/2014,JP,1,-2.192722693
9/1/2014,AU,1,-1.311743092
9/1/2014,EM,1,-1.533120623
10/1/2014,GB,1,-3.186868234
10/1/2014,EU,1,-1.073884739
10/1/2014,CH,1,-1.324923971
10/1/2014,JP,1,-2.264386851
10/1/2014,AU,1,-1.262682325
10/1/2014,EM,1,-1.769233907
11/1/2014,GB,1,-2.052837926
11/1/2014,EU,1,0.240569176
11/1/2014,CH,1,-0.22334747
11/1/2014,JP,1,-2.175763833
11/1/2014,AU,1,-1.54431285
11/1/2014,EM,1,-1.265896194
12/1/2014,GB,1,-2.329499826
12/1/2014,EU,1,-0.347963024
12/1/2014,CH,1,-0.485828669
12/1/2014,JP,1,-2.513372003
12/1/2014,AU,1,-1.757761043
12/1/2014,EM,1,-1.396850847
1/1/2015,GB,1,-2.529645971
1/1/2015,EU,1,-0.7572199
1/1/2015,CH,1,-0.73505832
1/1/2015,JP,1,-2.691652943
1/1/2015,AU,1,-1.767119258
1/1/2015,EM,1,-1.060912377
2/1/2015,GB,1,1.65002631
2/1/2015,EU,1,0.855001715
2/1/2015,CH,1,1.10507837
2/1/2015,JP,1,-0.893228808
2/1/2015,AU,1,-0.787963002
2/1/2015,EM,1,1.105273105
3/1/2015,GB,1,1.541826935
3/1/2015,EU,1,0.646346205
3/1/2015,CH,1,1.422366887
3/1/2015,JP,1,-0.10696415
3/1/2015,AU,1,-0.734990049
3/1/2015,EM,1,1.95330719
4/1/2015,GB,1,1.685908476
4/1/2015,EU,1,1.231015441
4/1/2015,CH,1,1.33851866
4/1/2015,JP,1,-0.015007883
4/1/2015,AU,1,-0.802885789
4/1/2015,EM,1,1.743894039
5/1/2015,GB,1,1.316725877
5/1/2015,EU,1,0.322588129
5/1/2015,CH,1,0.19641362
5/1/2015,JP,1,-1.770881781
5/1/2015,AU,1,-0.561657355
5/1/2015,EM,1,0.829405171
6/1/2015,GB,1,1.789304797
6/1/2015,EU,1,1.220010501
6/1/2015,CH,1,-0.987153425
6/1/2015,JP,1,0.025087954
6/1/2015,AU,1,-0.715947018
6/1/2015,EM,1,0.592408382
7/1/2015,GB,1,1.778418544
7/1/2015,EU,1,1.261169445
7/1/2015,CH,1,-0.839191883
7/1/2015,JP,1,-0.032960319
7/1/2015,AU,1,-0.788225806
7/1/2015,EM,1,0.755796942
8/1/2015,GB,1,2.105209444
8/1/2015,EU,1,1.222999628
8/1/2015,CH,1,-0.854633435
8/1/2015,JP,1,-0.055145533
8/1/2015,AU,1,-0.096944374
8/1/2015,EM,1,0.902376038
9/1/2015,GB,1,1.978315885
9/1/2015,EU,1,0.929821874
9/1/2015,CH,1,-1.140831893
9/1/2015,JP,1,0.377835855
9/1/2015,AU,1,-0.090225624
9/1/2015,EM,1,1.085403348
10/1/2015,GB,1,2.048054302
10/1/2015,EU,1,0.838869753
10/1/2015,CH,1,-1.101493594
10/1/2015,JP,1,0.399782926
10/1/2015,AU,1,-0.093693119
10/1/2015,EM,1,1.072313237
11/1/2015,GB,1,1.651569628
11/1/2015,EU,1,0.46316441
11/1/2015,CH,1,-1.712525051
11/1/2015,JP,1,0.323681647
11/1/2015,AU,1,0.023868944
11/1/2015,EM,1,0.488698314
12/1/2015,GB,1,1.704773248
12/1/2015,EU,1,0.319673495
12/1/2015,CH,1,-1.603958516
12/1/2015,JP,1,-0.218693088
12/1/2015,AU,1,0.023123813
12/1/2015,EM,1,0.702393639
1/1/2016,GB,1,1.872460181
1/1/2016,EU,1,0.708705569
1/1/2016,CH,1,-1.382220885
1/1/2016,JP,1,-0.160468765
1/1/2016,AU,1,0.023562338
1/1/2016,EM,1,0.709209124
2/1/2016,GB,1,1.193188473
2/1/2016,EU,1,0.801142523
2/1/2016,CH,1,-1.629456186
2/1/2016,JP,1,-0.673123612
2/1/2016,AU,1,-0.279132347
2/1/2016,EM,1,0.871712924
3/1/2016,GB,1,1.289500058
3/1/2016,EU,1,-0.154472107
3/1/2016,CH,1,-1.460417988
3/1/2016,JP,1,-1.298270866
3/1/2016,AU,1,-0.302488554
3/1/2016,EM,1,0.770831202
4/1/2016,GB,1,1.281012961
4/1/2016,EU,1,-0.245109766
4/1/2016,CH,1,-1.349427584
4/1/2016,JP,1,-1.38959931
4/1/2016,AU,1,-0.280155276
4/1/2016,EM,1,0.814621193
5/1/2016,GB,1,2.10300056
5/1/2016,EU,1,0.178015954
5/1/2016,CH,1,-0.071194709
5/1/2016,JP,1,0.191299762
5/1/2016,AU,1,0.034730308
5/1/2016,EM,1,2.110971377
6/1/2016,GB,1,1.31772253
6/1/2016,EU,1,-0.344601727
6/1/2016,CH,1,1.186301385
6/1/2016,JP,1,-1.224070854
6/1/2016,AU,1,0.022640415
6/1/2016,EM,1,1.433863991
7/1/2016,GB,1,1.585128537
7/1/2016,EU,1,-0.172038925
7/1/2016,CH,1,1.248157022
7/1/2016,JP,1,-1.084241505
7/1/2016,AU,1,0.024929295
7/1/2016,EM,1,1.4259832
8/1/2016,GB,1,0.983241915
8/1/2016,EU,1,-0.360626057
8/1/2016,CH,1,1.565363057
8/1/2016,JP,1,-1.38861902
8/1/2016,AU,1,0.102210303
8/1/2016,EM,1,1.020806641
9/1/2016,GB,1,0.791583905
9/1/2016,EU,1,-0.094313869
9/1/2016,CH,1,2.191346675
9/1/2016,JP,1,-1.066659143
9/1/2016,AU,1,0.082377865
9/1/2016,EM,1,0.478929274
10/1/2016,GB,1,0.964669714
10/1/2016,EU,1,0.207003656
10/1/2016,CH,1,2.177774227
10/1/2016,JP,1,-0.997780769
10/1/2016,AU,1,0.081934584
10/1/2016,EM,1,0.96544481
11/1/2016,GB,1,0.147946103
11/1/2016,EU,1,-0.344440553
11/1/2016,CH,1,1.74043255
11/1/2016,JP,1,-1.376882687
11/1/2016,AU,1,-0.421248604
11/1/2016,EM,1,0.90413322
12/1/2016,GB,1,0.270073415
12/1/2016,EU,1,0.037023959
12/1/2016,CH,1,1.738888342
12/1/2016,JP,1,-0.831348483
12/1/2016,AU,1,-0.77381855
12/1/2016,EM,1,1.458560523
1/1/2017,GB,1,0.355431779
1/1/2017,EU,1,0.54512998
1/1/2017,CH,1,1.936732441
1/1/2017,JP,1,-0.994299499
1/1/2017,AU,1,-0.713176796
1/1/2017,EM,1,0.982810291
2/1/2017,GB,1,-2.318303917
2/1/2017,EU,1,-1.366460787
2/1/2017,CH,1,-0.399482485
2/1/2017,JP,1,-2.859061122
2/1/2017,AU,1,-1.645277056
2/1/2017,EM,1,-1.315777188
3/1/2017,GB,1,-1.697630347
3/1/2017,EU,1,0.120166032
3/1/2017,CH,1,-1.377593252
3/1/2017,JP,1,-2.162338521
3/1/2017,AU,1,-1.344086957
3/1/2017,EM,1,-2.477759859
4/1/2017,GB,1,-2.020720487
4/1/2017,EU,1,-0.417096419
4/1/2017,CH,1,-1.61608886
4/1/2017,JP,1,-2.358910463
4/1/2017,AU,1,-1.52433239
4/1/2017,EM,1,-2.748723193
5/1/2017,GB,1,-1.048824618
5/1/2017,EU,1,1.387561687
5/1/2017,CH,1,-1.28732075
5/1/2017,JP,1,-0.809761709
5/1/2017,AU,1,-0.29747704
5/1/2017,EM,1,-1.563529775
6/1/2017,GB,1,-0.950905786
6/1/2017,EU,1,1.343390257
6/1/2017,CH,1,-1.745930495
6/1/2017,JP,1,0.205715597
6/1/2017,AU,1,-0.281244956
6/1/2017,EM,1,-0.972104913
7/1/2017,GB,1,-1.115024091
7/1/2017,EU,1,1.047870401
7/1/2017,CH,1,-2.104203522
7/1/2017,JP,1,0.017174101
7/1/2017,AU,1,-0.275971045
7/1/2017,EM,1,-0.807487778
8/1/2017,GB,1,0.3006099
8/1/2017,EU,1,2.277070393
8/1/2017,CH,1,-0.820113056
8/1/2017,JP,1,1.434839901
8/1/2017,AU,1,0.552599574
8/1/2017,EM,1,0.452094243
9/1/2017,GB,1,0.269354403
9/1/2017,EU,1,1.84032661
9/1/2017,CH,1,-1.169422031
9/1/2017,JP,1,1.525911153
9/1/2017,AU,1,0.385383787
9/1/2017,EM,1,0.720138494
10/1/2017,GB,1,0.14814354
10/1/2017,EU,1,1.801122267
10/1/2017,CH,1,-1.041759843
10/1/2017,JP,1,1.738274691
10/1/2017,AU,1,0.405411321
10/1/2017,EM,1,0.378827169
11/1/2017,GB,1,-0.342197174
11/1/2017,EU,1,1.541881279
11/1/2017,CH,1,-1.729541978
11/1/2017,JP,1,0.715098427
11/1/2017,AU,1,-0.051143557
11/1/2017,EM,1,-0.03878339
12/1/2017,GB,1,-0.650757182
12/1/2017,EU,1,2.384239553
12/1/2017,CH,1,-0.040622735
12/1/2017,JP,1,0.530085267
12/1/2017,AU,1,-0.085564762
12/1/2017,EM,1,-0.2948559
1/1/2018,GB,1,-1.048144894
1/1/2018,EU,1,1.339609256
1/1/2018,CH,1,-0.600174829
1/1/2018,JP,1,1.742208999
1/1/2018,AU,1,-0.09500332
1/1/2018,EM,1,0.190560671
2/1/2018,GB,1,-2.067143456
2/1/2018,EU,1,-0.856405938
2/1/2018,CH,1,-1.894708536
2/1/2018,JP,1,0.364484581
2/1/2018,AU,1,-1.975402838
2/1/2018,EM,1,-1.619687555
3/1/2018,GB,1,-1.566968003
3/1/2018,EU,1,-1.81053422
3/1/2018,CH,1,0.169012471
3/1/2018,JP,1,-0.024975481
3/1/2018,AU,1,-1.296067181
3/1/2018,EM,1,0.763810615
4/1/2018,GB,1,-1.977713203
4/1/2018,EU,1,-1.508428915
4/1/2018,CH,1,0.470782589
4/1/2018,JP,1,-0.210064998
4/1/2018,AU,1,-1.601464906
4/1/2018,EM,1,0.200661892
5/1/2018,GB,1,-1.658372852
5/1/2018,EU,1,-1.614833512
5/1/2018,CH,1,1.05344867
5/1/2018,JP,1,-0.396787936
5/1/2018,AU,1,-0.692525052
5/1/2018,EM,1,0.365205709
6/1/2018,GB,1,-1.365573451
6/1/2018,EU,1,-0.802458968
6/1/2018,CH,1,1.779865433
6/1/2018,JP,1,-0.644691204
6/1/2018,AU,1,-0.56984261
6/1/2018,EM,1,-0.153273871
7/1/2018,GB,1,-1.165189899
7/1/2018,EU,1,-0.647479458
7/1/2018,CH,1,1.940235363
7/1/2018,JP,1,-0.58113517
7/1/2018,AU,1,-0.51366614
7/1/2018,EM,1,-0.038324945
8/1/2018,GB,1,-1.686541211
8/1/2018,EU,1,-1.121601062
8/1/2018,CH,1,1.271933929
8/1/2018,JP,1,-1.066504079
8/1/2018,AU,1,-1.213809967
8/1/2018,EM,1,-0.300294035
9/1/2018,GB,1,-1.162628901
9/1/2018,EU,1,-1.387769852
9/1/2018,CH,1,1.351566378
9/1/2018,JP,1,-1.476081616
9/1/2018,AU,1,-0.820307069
9/1/2018,EM,1,-0.276971427
10/1/2018,GB,1,-1.23510317
10/1/2018,EU,1,-1.42975054
10/1/2018,CH,1,1.169079422
10/1/2018,JP,1,-1.700927813
10/1/2018,AU,1,-0.841287286
10/1/2018,EM,1,-0.214451988
11/1/2018,GB,1,-0.721579101
11/1/2018,EU,1,-1.063618469
11/1/2018,CH,1,1.729388031
11/1/2018,JP,1,-1.136339621
11/1/2018,AU,1,-0.768767644
11/1/2018,EM,1,0.040820595
12/1/2018,GB,1,-1.010899327
12/1/2018,EU,1,-2.081820647
12/1/2018,CH,1,0.3186884
12/1/2018,JP,1,-2.187138343
12/1/2018,AU,1,-1.006585024
12/1/2018,EM,1,-0.102991486
1/1/2019,GB,1,-0.868741927
1/1/2019,EU,1,-1.939621197
1/1/2019,CH,1,0.07176729
1/1/2019,JP,1,-2.546280517
1/1/2019,AU,1,-0.867373175
1/1/2019,EM,1,-0.226635714
2/1/2019,GB,1,1.680532829
2/1/2019,EU,1,0.470109098
2/1/2019,CH,1,2.406945061
2/1/2019,JP,1,-0.276132663
2/1/2019,AU,1,1.18490093
2/1/2019,EM,1,1.789456717
3/1/2019,GB,1,2.541135108
3/1/2019,EU,1,2.343988155
3/1/2019,CH,1,1.915452063
3/1/2019,JP,1,0.182235837
3/1/2019,AU,1,1.732244116
3/1/2019,EM,1,1.522624085
4/1/2019,GB,1,2.671845584
4/1/2019,EU,1,2.041361024
4/1/2019,CH,1,1.964140024
4/1/2019,JP,1,0.711478239
4/1/2019,AU,1,1.791495859
4/1/2019,EM,1,2.696868311
5/1/2019,GB,1,2.607295265
5/1/2019,EU,1,2.179527227
5/1/2019,CH,1,1.402721563
5/1/2019,JP,1,0.850775676
5/1/2019,AU,1,1.350959639
5/1/2019,EM,1,2.79467805
6/1/2019,GB,1,1.547866243
6/1/2019,EU,1,0.376677127
6/1/2019,CH,1,-1.025088202
6/1/2019,JP,1,0.360048897
6/1/2019,AU,1,0.835497519
6/1/2019,EM,1,1.99267071
7/1/2019,GB,1,1.538606465
7/1/2019,EU,1,0.398111344
7/1/2019,CH,1,-1.162840001
7/1/2019,JP,1,0.289975605
7/1/2019,AU,1,0.830393979
7/1/2019,EM,1,1.822621212
8/1/2019,GB,1,2.055482933
8/1/2019,EU,1,0.641225633
8/1/2019,CH,1,-0.579534486
8/1/2019,JP,1,0.748067732
8/1/2019,AU,1,1.524142458
8/1/2019,EM,1,1.989552962
9/1/2019,GB,1,1.544676089
9/1/2019,EU,1,0.959355472
9/1/2019,CH,1,-1.204741062
9/1/2019,JP,1,1.085976624
9/1/2019,AU,1,1.20726571
9/1/2019,EM,1,1.538167844
10/1/2019,GB,1,1.578240632
10/1/2019,EU,1,0.860574878
10/1/2019,CH,1,-1.175286258
10/1/2019,JP,1,1.170539026
10/1/2019,AU,1,1.199486643
10/1/2019,EM,1,1.558793531
11/1/2019,GB,1,1.02431519
11/1/2019,EU,1,0.593638121
11/1/2019,CH,1,-1.393342417
11/1/2019,JP,1,0.907709726
11/1/2019,AU,1,1.21718019
11/1/2019,EM,1,1.609553868
12/1/2019,GB,1,1.431058477
12/1/2019,EU,1,0.970828261
12/1/2019,CH,1,-0.048717124
12/1/2019,JP,1,0.455534286
12/1/2019,AU,1,1.667215693
12/1/2019,EM,1,2.725604829
1/1/2020,GB,1,1.525403551
1/1/2020,EU,1,1.609025838
1/1/2020,CH,1,0.328027055
1/1/2020,JP,1,1.056138272
1/1/2020,AU,1,1.808924217
1/1/2020,EM,1,3.005356187
2/1/2020,GB,1,-0.713154934
2/1/2020,EU,1,-0.440773004
2/1/2020,CH,1,-2.291869064
2/1/2020,JP,1,-1.333676426
2/1/2020,AU,1,0.697617861
2/1/2020,EM,1,0.125108057
3/1/2020,GB,1,-0.357287428
3/1/2020,EU,1,-2.614169493
3/1/2020,CH,1,-1.087073606
3/1/2020,JP,1,-0.671249029
3/1/2020,AU,1,0.330139398
3/1/2020,EM,1,0.048086904
4/1/2020,GB,1,-0.382607496
4/1/2020,EU,1,-2.68801885
4/1/2020,CH,1,-1.341803764
4/1/2020,JP,1,-0.772268816
4/1/2020,AU,1,0.318075731
4/1/2020,EM,1,-0.510421051
5/1/2020,GB,1,2.767168188
5/1/2020,EU,1,1.107766286
5/1/2020,CH,1,2.121373265
5/1/2020,JP,1,2.467989702
5/1/2020,AU,1,2.317089198
5/1/2020,EM,1,2.582188131
6/1/2020,GB,1,2.232985395
6/1/2020,EU,1,0
6/1/2020,CH,1,1.665637485
6/1/2020,JP,1,0.256362995
6/1/2020,AU,1,1.88800271
6/1/2020,EM,1,1.907910626
7/1/2020,GB,1,2.244293564
7/1/2020,EU,1,0
7/1/2020,CH,1,1.68350663
7/1/2020,JP,1,0.299393205
7/1/2020,AU,1,1.879237639
7/1/2020,EM,1,1.935863411
8/1/2020,GB,1,-1.745876938
8/1/2020,EU,1,-3.079103734
8/1/2020,CH,1,-1.933110004
8/1/2020,JP,1,-2.868353981
8/1/2020,AU,1,-1.727249851
8/1/2020,EM,1,-1.98687505
9/1/2020,GB,1,-1.903648697
9/1/2020,EU,1,-2.659416378
9/1/2020,CH,1,-3.164315668
9/1/2020,JP,1,-2.419488446
9/1/2020,AU,1,-1.855879262
9/1/2020,EM,1,-2.064499529
10/1/2020,GB,1,-1.894159572
10/1/2020,EU,1,-2.665881263
10/1/2020,CH,1,-3.127959302
10/1/2020,JP,1,-2.479086519
10/1/2020,AU,1,-1.868504891
10/1/2020,EM,1,-2.181776658
11/1/2020,GB,1,-1.251170227
11/1/2020,EU,1,-2.472784329
11/1/2020,CH,1,-2.989617326
11/1/2020,JP,1,-2.329589881
11/1/2020,AU,1,-1.382101369
11/1/2020,EM,1,-2.168589793
12/1/2020,GB,1,-1.515131737
12/1/2020,EU,1,-2.712870331
12/1/2020,CH,1,-2.270075907
12/1/2020,JP,1,-1.21818379
12/1/2020,AU,1,-1.633464074
12/1/2020,EM,1,-2.928321668
1/1/2021,GB,1,-1.47102437
1/1/2021,EU,1,-2.836244725
1/1/2021,CH,1,-2.427413869
1/1/2021,JP,1,-1.363671939
1/1/2021,AU,1,-1.654912278
1/1/2021,EM,1,-2.78661413
2/1/2021,GB,1,-1.92267667
2/1/2021,EU,1,-2.949976715
2/1/2021,CH,1,-2.783829677
2/1/2021,JP,1,-1.69507741
2/1/2021,AU,1,-2.138967359
2/1/2021,EM,1,-1.225036176
3/1/2021,GB,1,-2.335665456
3/1/2021,EU,1,-1.122716108
3/1/2021,CH,1,-2.899993853
3/1/2021,JP,1,-2.083319237
3/1/2021,AU,1,-2.584094803
3/1/2021,EM,1,-1.466935263
4/1/2021,GB,1,-2.237728557
4/1/2021,EU,1,-0.839305929
4/1/2021,CH,1,-2.615291654
4/1/2021,JP,1,-2.031113063
4/1/2021,AU,1,-2.559809964
4/1/2021,EM,1,-1.035422384
5/1/2021,GB,1,-2.567121271
5/1/2021,EU,1,-1.454985395
5/1/2021,CH,1,-2.710544201
5/1/2021,JP,1,-2.643207178
5/1/2021,AU,1,-1.123159651
5/1/2021,EM,1,-1.465317895
6/1/2021,GB,1,-2.505667339
6/1/2021,EU,1,0
6/1/2021,CH,1,-1.831691552
6/1/2021,JP,1,0
6/1/2021,AU,1,-1.148646212
6/1/2021,EM,1,-1.185853937
7/1/2021,GB,1,-2.492623116
7/1/2021,EU,1,0
7/1/2021,CH,1,-1.822847047
7/1/2021,JP,1,0
7/1/2021,AU,1,-1.14718451
7/1/2021,EM,1,-1.286875964
8/1/2021,GB,1,0.909340895
8/1/2021,EU,1,2.765967758
8/1/2021,CH,1,1.419547446
8/1/2021,JP,1,2.765967758
8/1/2021,AU,1,1.481379997
8/1/2021,EM,1,2.050203511
9/1/2021,GB,1,1.165649273
9/1/2021,EU,1,2.639241456
9/1/2021,CH,1,3.040147373
9/1/2021,JP,1,2.052345239
9/1/2021,AU,1,1.625756354
9/1/2021,EM,1,1.953149583
10/1/2021,GB,1,1.099689759
10/1/2021,EU,1,2.637076847
10/1/2021,CH,1,2.971631323
10/1/2021,JP,1,2.152902031
10/1/2021,AU,1,1.586718193
10/1/2021,EM,1,1.9749217
11/1/2021,GB,1,-0.725111526
11/1/2021,EU,1,1.70077095
11/1/2021,CH,1,2.105651175
11/1/2021,JP,1,0.925733861
11/1/2021,AU,1,0.127867528
11/1/2021,EM,1,1.069616421
12/1/2021,GB,1,-0.57036066
12/1/2021,EU,1,1.845645002
12/1/2021,CH,1,1.711716407
12/1/2021,JP,1,-0.069791626
12/1/2021,AU,1,0.127850162
12/1/2021,EM,1,1.510624969
1/1/2022,GB,1,-0.609636199
1/1/2022,EU,1,1.946159174
1/1/2022,CH,1,1.832222085
1/1/2022,JP,1,0.034817272
1/1/2022,AU,1,0.136378955
1/1/2022,EM,1,1.170676656
2/1/2022,GB,1,0.361953392
2/1/2022,EU,1,1.939046785
2/1/2022,CH,1,1.988325612
2/1/2022,JP,1,0.585233672
2/1/2022,AU,1,1.241164372
2/1/2022,EM,1,-0.690702241
3/1/2022,GB,1,0.515715403
3/1/2022,EU,1,1.634887717
3/1/2022,CH,1,2.15002657
3/1/2022,JP,1,0.612122527
3/1/2022,AU,1,1.396177504
3/1/2022,EM,1,-0.73914844
4/1/2022,GB,1,0.55507096
4/1/2022,EU,1,1.772604151
4/1/2022,CH,1,2.058660137
4/1/2022,JP,1,0.636172413
4/1/2022,AU,1,1.350575939
4/1/2022,EM,1,-0.762008249
5/1/2022,GB,1,1.569344883
5/1/2022,EU,1,2.38626744
5/1/2022,CH,1,2.597107332
5/1/2022,JP,1,1.819169449
5/1/2022,AU,1,1.549197532
5/1/2022,EM,1,0.207121705
6/1/2022,GB,1,1.645790721
6/1/2022,EU,1,0.199131541
6/1/2022,CH,1,2.454698164
6/1/2022,JP,1,0.249534615
6/1/2022,AU,1,1.687963772
6/1/2022,EM,1,0.074457607
7/1/2022,GB,1,1.657155245
7/1/2022,EU,1,0.289784265
7/1/2022,CH,1,2.52373868
7/1/2022,JP,1,0.159358369
7/1/2022,AU,1,1.681659478
7/1/2022,EM,1,0.224532874
8/1/2022,GB,1,1.775604357
8/1/2022,EU,1,0.439974955
8/1/2022,CH,1,2.341394774
8/1/2022,JP,1,0.34544919
8/1/2022,AU,1,2.19696986
8/1/2022,EM,1,0.328813921
9/1/2022,GB,1,1.983798815
9/1/2022,EU,1,1.860372903
9/1/2022,CH,1,0.263222327
9/1/2022,JP,1,1.712179194
9/1/2022,AU,1,2.637582525
9/1/2022,EM,1,0.596593762
10/1/2022,GB,1,2.0051835
10/1/2022,EU,1,1.913462695
10/1/2022,CH,1,0.189445163
10/1/2022,JP,1,1.573148246
10/1/2022,AU,1,2.622856976
10/1/2022,EM,1,0.683316953
11/1/2022,GB,1,1.951543667
11/1/2022,EU,1,1.800913991
11/1/2022,CH,1,0.108114027
11/1/2022,JP,1,1.649560598
11/1/2022,AU,1,2.469903081
11/1/2022,EM,1,0.4080839
12/1/2022,GB,1,1.992595727
12/1/2022,EU,1,1.521635423
12/1/2022,CH,1,0.634151347
12/1/2022,JP,1,1.646924877
12/1/2022,AU,1,2.676493191
12/1/2022,EM,1,0.134877361
1/1/2023,GB,1,2.04022495
1/1/2023,EU,1,1.428865447
1/1/2023,CH,1,0.635489499
1/1/2023,JP,1,1.730263458
1/1/2023,AU,1,2.811166521
1/1/2023,EM,1,0.385778856
2/1/2023,GB,1,2.46568985
2/1/2023,EU,1,1.808767042
2/1/2023,CH,1,1.122468188
2/1/2023,JP,1,2.457283453
2/1/2023,AU,1,2.560598848
2/1/2023,EM,1,2.744388764
3/1/2023,GB,1,2.333251449
3/1/2023,EU,1,1.443158286
3/1/2023,CH,1,0.845778139
3/1/2023,JP,1,2.594934955
3/1/2023,AU,1,2.478320691
3/1/2023,EM,1,2.416269121
4/1/2023,GB,1,2.112969801
4/1/2023,EU,1,0.781963818
4/1/2023,CH,1,0.648176994
4/1/2023,JP,1,2.421895549
4/1/2023,AU,1,2.408924504
4/1/2023,EM,1,2.176324829
5/1/2023,GB,1,2.256091309
5/1/2023,EU,1,1.165932946
5/1/2023,CH,1,0.835933254
5/1/2023,JP,1,2.746292263
5/1/2023,AU,1,2.099347227
5/1/2023,EM,1,2.430636663
6/1/2023,GB,1,2.276483862
6/1/2023,EU,1,0.950444133
6/1/2023,CH,1,0.708168284
6/1/2023,JP,1,2.426645518
6/1/2023,AU,1,2.119399745
6/1/2023,EM,1,2.504718138
7/1/2023,GB,1,2.051892346
7/1/2023,EU,1,0.65355037
7/1/2023,CH,1,0.421153952
7/1/2023,JP,1,2.384078171
7/1/2023,AU,1,2.03214339
7/1/2023,EM,1,2.255391768
8/1/2023,GB,1,1.04903538
8/1/2023,EU,1,-0.61192527
8/1/2023,CH,1,-0.846159021
8/1/2023,JP,1,1.710353691
8/1/2023,AU,1,0.295279511
8/1/2023,EM,1,1.459833824
9/1/2023,GB,1,1.180549224
9/1/2023,EU,1,-0.549428295
9/1/2023,CH,1,-0.597880063
9/1/2023,JP,1,1.532245878
9/1/2023,AU,1,0.335033284
9/1/2023,EM,1,1.877874722
10/1/2023,GB,1,1.121507736
10/1/2023,EU,1,-1.042588902
10/1/2023,CH,1,-0.442905756
10/1/2023,JP,1,1.379761529
10/1/2023,AU,1,0.318581164
10/1/2023,EM,1,1.651497725
11/1/2023,GB,1,-0.482054828
11/1/2023,EU,1,-2.163301617
11/1/2023,CH,1,-1.061397836
11/1/2023,JP,1,0.176399993
11/1/2023,AU,1,-1.505543421
11/1/2023,EM,1,0.645653876
12/1/2023,GB,1,-0.58516796
12/1/2023,EU,1,-2.054341316
12/1/2023,CH,1,-0.73735836
12/1/2023,JP,1,0.15959984
12/1/2023,AU,1,-1.60753723
12/1/2023,EM,1,0.784677639
1/1/2024,GB,1,-0.626896346
1/1/2024,EU,1,-1.877289576
1/1/2024,CH,1,-0.668955982
1/1/2024,JP,1,0.021143413
1/1/2024,AU,1,-1.79940476
1/1/2024,EM,1,0.876789778
2/1/2024,GB,1,-1.595224008
2/1/2024,EU,1,-2.905133941
2/1/2024,CH,1,-2.126966014
2/1/2024,JP,1,-1.314061233
2/1/2024,AU,1,-2.710372432
2/1/2024,EM,1,-1.156138914
3/1/2024,GB,1,-1.613031706
3/1/2024,EU,1,-2.410496978
3/1/2024,CH,1,-1.775782685
3/1/2024,JP,1,-1.814293522
3/1/2024,AU,1,-2.493091693
3/1/2024,EM,1,-0.175643769
4/1/2024,GB,1,-1.683844121
4/1/2024,EU,1,-2.164991222
4/1/2024,CH,1,-1.811115534
4/1/2024,JP,1,-1.984039173
4/1/2024,AU,1,-2.726156775
4/1/2024,EM,1,-0.298540129
5/1/2024,GB,1,-2.294310495
5/1/2024,EU,1,-2.4612242
5/1/2024,CH,1,-1.849876198
5/1/2024,JP,1,-2.456757758
5/1/2024,AU,1,-2.23592129
5/1/2024,EM,1,-0.561929575
6/1/2024,GB,1,-2.60249627
6/1/2024,EU,1,-2.173130755
6/1/2024,CH,1,-2.065204029
6/1/2024,JP,1,-2.129040491
6/1/2024,AU,1,-2.470313269
6/1/2024,EM,1,-0.620870236
7/1/2024,GB,1,-2.555270744
7/1/2024,EU,1,-2.054510054
7/1/2024,CH,1,-1.953517822
7/1/2024,JP,1,-2.229187998
7/1/2024,AU,1,-2.537275457
7/1/2024,EM,1,-0.601078239
8/1/2024,GB,1,-1.930991918
8/1/2024,EU,1,-1.251478499
8/1/2024,CH,1,-1.211976878
8/1/2024,JP,1,-1.559282265
8/1/2024,AU,1,-2.175227921
8/1/2024,EM,1,0.542791454
9/1/2024,GB,1,-1.848415016
9/1/2024,EU,1,-1.088879278
9/1/2024,CH,1,0.091456771
9/1/2024,JP,1,-0.561948727
9/1/2024,AU,1,-2.169285808
9/1/2024,EM,1,0.415971405
10/1/2024,GB,1,-2.031628706
10/1/2024,EU,1,-0.911555319
10/1/2024,CH,1,-0.066669733
10/1/2024,JP,1,-0.712677185
10/1/2024,AU,1,-2.179490519
10/1/2024,EM,1,0.376025452
11/1/2024,GB,1,-2.177508804
11/1/2024,EU,1,-0.680385943
11/1/2024,CH,1,-0.56717833
11/1/2024,JP,1,-1.55977051
11/1/2024,AU,1,-2.223933162
11/1/2024,EM,1,0.229916136
12/1/2024,GB,1,-1.856562068
12/1/2024,EU,1,-0.219642776
12/1/2024,CH,1,-0.262210082
12/1/2024,JP,1,-0.275017619
12/1/2024,AU,1,-2.27784081
12/1/2024,EM,1,0.347821754
1/1/2025,GB,1,-1.818330152
1/1/2025,EU,1,-0.377845163
1/1/2025,CH,1,-0.503767538
1/1/2025,JP,1,0.313662489
1/1/2025,AU,1,-2.233613324
1/1/2025,EM,1,0.175943439
2/1/2025,GB,1,-1.924930289
2/1/2025,EU,1,-0.985630372
2/1/2025,CH,1,-1.077240775
2/1/2025,JP,1,0.059023652
2/1/2025,AU,1,-2.467386539
2/1/2025,EM,1,-0.047192858
3/1/2025,GB,1,-1.658565595
3/1/2025,EU,1,-0.868047133
3/1/2025,CH,1,-1.09607167
3/1/2025,JP,1,0.757979884
3/1/2025,AU,1,-2.168694699
3/1/2025,EM,1,-1.366978587
4/1/2025,GB,1,-1.752588847
4/1/2025,EU,1,-0.878808212
4/1/2025,CH,1,-1.030970389
4/1/2025,JP,1,0.765826113
4/1/2025,AU,1,-2.197060916
4/1/2025,EM,1,-0.782413011
5/1/2025,GB,1,0.573182061
5/1/2025,EU,1,0.370886998
5/1/2025,CH,1,-0.136433816
5/1/2025,JP,1,2.035055816
5/1/2025,AU,1,-1.319210146
5/1/2025,EM,1,0.408018532
6/1/2025,GB,1,0.672986437
6/1/2025,EU,1,0.148227
6/1/2025,CH,1,0.398171815
6/1/2025,JP,1,1.952005178
6/1/2025,AU,1,-1.432202731
6/1/2025,EM,1,0.393338626
7/1/2025,GB,1,0.727026214
7/1/2025,EU,1,0.210359523
7/1/2025,CH,1,0.567383249
7/1/2025,JP,1,1.882535997
7/1/2025,AU,1,-1.469345176
7/1/2025,EM,1,0.453856121
8/1/2025,GB,1,1.340867614
8/1/2025,EU,1,-0.133551165
8/1/2025,CH,1,0.673690026
8/1/2025,JP,1,2.65475391
8/1/2025,AU,1,0.297021239
8/1/2025,EM,1,0.0516414
9/1/2025,GB,1,1.279096591
9/1/2025,EU,1,-0.211005792
9/1/2025,CH,1,-2.076890003
9/1/2025,JP,1,-0.154206748
9/1/2025,AU,1,0.307773448
9/1/2025,EM,1,-0.038286194
10/1/2025,GB,1,1.551017781
10/1/2025,EU,1,0.28359664
10/1/2025,CH,1,-1.791479855
10/1/2025,JP,1,0.602612678
10/1/2025,AU,1,0.301130127
10/1/2025,EM,1,0.145747163
