Date,AU,GB,CH,JP,EU,US,EM
1970-07-01,0.0315789,,,,,0.02936175,
1970-08-01,0.0315789,,,,,0.02936175,
1970-09-01,0.0315789,,,,,0.02936175,
1970-10-01,0.0526317,,,,,0.0299425,
1970-11-01,0.0526317,,,,,0.0299425,
1970-12-01,0.0526317,,,,,0.0299425,
1971-01-01,0.0520833,,,,,0.04459425,0.07
1971-02-01,0.0520833,,,,,0.04459425,0.07
1971-03-01,0.0520833,,,,,0.04459425,0.07
1971-04-01,0.0515464,,,,,0.0445735,0.07
1971-05-01,0.0515464,,,,,0.0445735,0.07
1971-06-01,0.0515464,,,,,0.0445735,0.07
1971-07-01,0.0714286,,,,,0.06018375,0.07
1971-08-01,0.0714286,,,,,0.06018375,0.07
1971-09-01,0.0714286,,,,,0.06018375,0.07
1971-10-01,0.0699999,,,,,0.0582755,0.07
1971-11-01,0.0699999,,,,,0.0582755,0.07
1971-12-01,0.0699999,,,,,0.0582755,0.07
1972-01-01,0.0693066,,,,,0.06106075,0.04
1972-02-01,0.0693066,,,,,0.06106075,0.04
1972-03-01,0.0693066,,,,,0.06106075,0.04
1972-04-01,0.0686279,,,,,0.062375,0.04
1972-05-01,0.0686279,,,,,0.062375,0.04
1972-06-01,0.0686279,,,,,0.062375,0.04
1972-07-01,0.0571429,,,,,0.05760225,0.04
1972-08-01,0.0571429,,,,,0.05760225,0.04
1972-09-01,0.0571429,,,,,0.05760225,0.04
1972-10-01,0.0467288,,,,,0.05649175,0.04
1972-11-01,0.0467288,,,,,0.05649175,0.04
1972-12-01,0.0467288,,,,,0.05649175,0.04
1973-01-01,0.0555563,,,,,0.04641675,0.08
1973-02-01,0.0555563,,,,,0.04641675,0.08
1973-03-01,0.0555563,,,,,0.04641675,0.08
1973-04-01,0.0825679,,,,,0.039669,0.08
1973-05-01,0.0825679,,,,,0.039669,0.08
1973-06-01,0.0825679,,,,,0.039669,0.08
1973-07-01,0.0990988,,,,,0.02341375,0.08
1973-08-01,0.0990988,,,,,0.02341375,0.08
1973-09-01,0.0990988,,,,,0.02341375,0.08
1973-10-01,0.1250001,,,,,0.00661475,0.08
1973-11-01,0.1250001,,,,,0.00661475,0.08
1973-12-01,0.1250001,,,,,0.00661475,0.08
1974-01-01,0.1403505,,,,,0.008416,0.02
1974-02-01,0.1403505,,,,,0.008416,0.02
1974-03-01,0.1403505,,,,,0.008416,0.02
1974-04-01,0.1440683,,,,,0.02262,0.02
1974-05-01,0.1440683,,,,,0.02262,0.02
1974-06-01,0.1440683,,,,,0.02262,0.02
1974-07-01,0.1639343,,,,,0.0170415,0.02
1974-08-01,0.1639343,,,,,0.0170415,0.02
1974-09-01,0.1639343,,,,,0.0170415,0.02
1974-10-01,0.1666664,,,,,-0.00423125,0.02
1974-11-01,0.1666664,,,,,-0.00423125,0.02
1974-12-01,0.1666664,,,,,-0.00423125,0.02
1975-01-01,0.1769233,,,,,0.00548,0.09
1975-02-01,0.1769233,,,,,0.00548,0.09
1975-03-01,0.1769233,,,,,0.00548,0.09
1975-04-01,0.1703706,,,,,0.03574475,0.09
1975-05-01,0.1703706,,,,,0.03574475,0.09
1975-06-01,0.1703706,,,,,0.03574475,0.09
1975-07-01,0.1197187,,,,,0.0621365,0.09
1975-08-01,0.1197187,,,,,0.0621365,0.09
1975-09-01,0.1197187,,,,,0.0621365,0.09
1975-10-01,0.1428577,,,,,0.05370375,0.09
1975-11-01,0.1428577,,,,,0.05370375,0.09
1975-12-01,0.1428577,,,,,0.05370375,0.09
1976-01-01,0.1307188,,,,,0.05638175,-0.02
1976-02-01,0.1307188,,,,,0.05638175,-0.02
1976-03-01,0.1307188,,,,,0.05638175,-0.02
1976-04-01,0.1202532,,,,,0.05344425,-0.02
1976-05-01,0.1202532,,,,,0.05344425,-0.02
1976-06-01,0.1202532,,,,,0.05344425,-0.02
1976-07-01,0.1383644,,,,,0.0526435,-0.02
1976-08-01,0.1383644,,,,,0.0526435,-0.02
1976-09-01,0.1383644,,,,,0.0526435,-0.02
1976-10-01,0.1428571,,,,,0.05254525,-0.02
1976-11-01,0.1428571,,,,,0.05254525,-0.02
1976-12-01,0.1428571,,,,,0.05254525,-0.02
1977-01-01,0.1329475,,,,,0.0572785,0.08
1977-02-01,0.1329475,,,,,0.0572785,0.08
1977-03-01,0.1329475,,,,,0.0572785,0.08
1977-04-01,0.1355932,,,,,0.05772725,0.08
1977-05-01,0.1355932,,,,,0.05772725,0.08
1977-06-01,0.1355932,,,,,0.05772725,0.08
1977-07-01,0.1325967,,,,,0.047549,0.08
1977-08-01,0.1325967,,,,,0.047549,0.08
1977-09-01,0.1325967,,,,,0.047549,0.08
1977-10-01,0.0937496,,,,,0.04289125,0.08
1977-11-01,0.0937496,,,,,0.04289125,0.08
1977-12-01,0.0937496,,,,,0.04289125,0.08
1978-01-01,0.086735,,,,,0.03809775,0.11
1978-02-01,0.086735,,,,,0.03809775,0.11
1978-03-01,0.086735,,,,,0.03809775,0.11
1978-04-01,0.0796018,,,,,0.04341525,0.11
1978-05-01,0.0796018,,,,,0.04341525,0.11
1978-06-01,0.0796018,,,,,0.04341525,0.11
1978-07-01,0.0780492,,,,,0.02527425,0.11
1978-08-01,0.0780492,,,,,0.02527425,0.11
1978-09-01,0.0780492,,,,,0.02527425,0.11
1978-10-01,0.0761908,,,,,0.01870825,0.11
1978-11-01,0.0761908,,,,,0.01870825,0.11
1978-12-01,0.0761908,,,,,0.01870825,0.11
1979-01-01,0.0798125,,,,,0.00461625,0.08
1979-02-01,0.0798125,,,,,0.00461625,0.08
1979-03-01,0.0798125,,,,,0.00461625,0.08
1979-04-01,0.0875576,,,,,0.0031885,0.08
1979-05-01,0.0875576,,,,,0.0031885,0.08
1979-06-01,0.0875576,,,,,0.0031885,0.08
1979-07-01,0.0950224,,,,,-0.0094005,0.08
1979-08-01,0.0950224,,,,,-0.0094005,0.08
1979-09-01,0.0950224,,,,,-0.0094005,0.08
1979-10-01,0.1017695,,,,,-0.01763475,0.08
1979-11-01,0.1017695,,,,,-0.01763475,0.08
1979-12-01,0.1017695,,,,,-0.01763475,0.08
1980-01-01,0.1043478,,,,,-0.006198,0.08
1980-02-01,0.1043478,,,,,-0.006198,0.08
1980-03-01,0.1043478,,,,,-0.006198,0.08
1980-04-01,0.1101693,,,,,-0.0176955,0.08
1980-05-01,0.1101693,,,,,-0.0176955,0.08
1980-06-01,0.1101693,,,,,-0.0176955,0.08
1980-07-01,0.0991736,,,,,0.00235525,0.08
1980-08-01,0.0991736,,,,,0.00235525,0.08
1980-09-01,0.0991736,,,,,0.00235525,0.08
1980-10-01,0.0923696,,,,,0.022637,0.08
1980-11-01,0.0923696,,,,,0.022637,0.08
1980-12-01,0.0923696,,,,,0.022637,0.08
1981-01-01,0.0944882,,,,,0.02056275,0.05
1981-02-01,0.0944882,,,,,0.02056275,0.05
1981-03-01,0.0944882,,,,,0.02056275,0.05
1981-04-01,0.0839697,,,,,0.02486825,0.05
1981-05-01,0.0839697,,,,,0.02486825,0.05
1981-06-01,0.0839697,,,,,0.02486825,0.05
1981-07-01,0.0902256,,,,,0.02400525,0.05
1981-08-01,0.0902256,,,,,0.02400525,0.05
1981-09-01,0.0902256,,,,,0.02400525,0.05
1981-10-01,0.1102944,,,,,0.01054625,0.05
1981-11-01,0.1102944,,,,,0.01054625,0.05
1981-12-01,0.1102944,,,,,0.01054625,0.05
1982-01-01,0.1079136,,,,,0.02219,0.09
1982-02-01,0.1079136,,,,,0.02219,0.09
1982-03-01,0.1079136,,,,,0.02219,0.09
1982-04-01,0.1091548,,,,,0.0253955,0.09
1982-05-01,0.1091548,,,,,0.0253955,0.09
1982-06-01,0.1091548,,,,,0.0253955,0.09
1982-07-01,0.1241378,,,,,0.027112,0.09
1982-08-01,0.1241378,,,,,0.027112,0.09
1982-09-01,0.1241378,,,,,0.027112,0.09
1982-10-01,0.1125827,,,,,0.027752,0.09
1982-11-01,0.1125827,,,,,0.027752,0.09
1982-12-01,0.1125827,,,,,0.027752,0.09
1983-01-01,0.1136363,,,,,0.03806925,0.11
1983-02-01,0.1136363,,,,,0.03806925,0.11
1983-03-01,0.1136363,,,,,0.03806925,0.11
1983-04-01,0.111111,,,,,0.04734775,0.11
1983-05-01,0.111111,,,,,0.04734775,0.11
1983-06-01,0.111111,,,,,0.04734775,0.11
1983-07-01,0.0920248,,,,,0.0500325,0.11
1983-08-01,0.0920248,,,,,0.0500325,0.11
1983-09-01,0.0920248,,,,,0.0500325,0.11
1983-10-01,0.0863092,,,,,0.0469865,0.11
1983-11-01,0.0863092,,,,,0.0469865,0.11
1983-12-01,0.0863092,,,,,0.0469865,0.11
1984-01-01,0.058309,,,,,0.0420245,0.15
1984-02-01,0.058309,,,,,0.0420245,0.15
1984-03-01,0.058309,,,,,0.0420245,0.15
1984-04-01,0.04,,,,,0.0361635,0.15
1984-05-01,0.04,,,,,0.0361635,0.15
1984-06-01,0.04,,,,,0.0361635,0.15
1984-07-01,0.0365166,,,,,0.03718975,0.15
1984-08-01,0.0365166,,,,,0.03718975,0.15
1984-09-01,0.0365166,,,,,0.03718975,0.15
1984-10-01,0.0246576,,,,,0.031828,0.15
1984-11-01,0.0246576,,,,,0.031828,0.15
1984-12-01,0.0246576,,,,,0.031828,0.15
1985-01-01,0.044077,,,,,0.0388345,0.13
1985-02-01,0.044077,,,,,0.0388345,0.13
1985-03-01,0.044077,,,,,0.0388345,0.13
1985-04-01,0.0659341,,,,,0.03270975,0.13
1985-05-01,0.0659341,,,,,0.03270975,0.13
1985-06-01,0.0659341,,,,,0.03270975,0.13
1985-07-01,0.0758808,,,,,0.02814,0.13
1985-08-01,0.0758808,,,,,0.02814,0.13
1985-09-01,0.0758808,,,,,0.02814,0.13
1985-10-01,0.0828879,,,,,0.029677,0.13
1985-11-01,0.0828879,,,,,0.029677,0.13
1985-12-01,0.0828879,,,,,0.029677,0.13
1986-01-01,0.0923485,,,,,0.03135775,0.09
1986-02-01,0.0923485,,,,,0.03135775,0.09
1986-03-01,0.0923485,,,,,0.03135775,0.09
1986-04-01,0.0850516,,,,,0.03356925,0.09
1986-05-01,0.0850516,,,,,0.03356925,0.09
1986-06-01,0.0850516,,,,,0.03356925,0.09
1986-07-01,0.0881614,,,,,0.0275555,0.09
1986-08-01,0.0881614,,,,,0.0275555,0.09
1986-09-01,0.0881614,,,,,0.0275555,0.09
1986-10-01,0.0962963,,,,,0.026883,0.09
1986-11-01,0.0962963,,,,,0.026883,0.09
1986-12-01,0.0962963,,,,,0.026883,0.09
1987-01-01,0.0942029,,,,,0.02863575,0.12
1987-02-01,0.0942029,,,,,0.02863575,0.12
1987-03-01,0.0942029,,,,,0.02863575,0.12
1987-04-01,0.0926366,,,,,0.02691325,0.12
1987-05-01,0.0926366,,,,,0.02691325,0.12
1987-06-01,0.0926366,,,,,0.02691325,0.12
1987-07-01,0.0833332,,,,,0.027282,0.12
1987-08-01,0.0833332,,,,,0.027282,0.12
1987-09-01,0.0833332,,,,,0.027282,0.12
1987-10-01,0.0720719,,,,,0.0217075,0.12
1987-11-01,0.0720719,,,,,0.0217075,0.12
1987-12-01,0.0720719,,,,,0.0217075,0.12
1988-01-01,0.0684326,,,,,0.01527125,0.11
1988-02-01,0.0684326,,,,,0.01527125,0.11
1988-03-01,0.0684326,,,,,0.01527125,0.11
1988-04-01,0.0717392,,,,,0.0275255,0.11
1988-05-01,0.0717392,,,,,0.0275255,0.11
1988-06-01,0.0717392,,,,,0.0275255,0.11
1988-07-01,0.0726496,,,,,0.0281015,0.11
1988-08-01,0.0726496,,,,,0.0281015,0.11
1988-09-01,0.0726496,,,,,0.0281015,0.11
1988-10-01,0.0756304,,,,,0.0290835,0.11
1988-11-01,0.0756304,,,,,0.0290835,0.11
1988-12-01,0.0756304,,,,,0.0290835,0.11
1989-01-01,0.0681819,,,,,0.02415625,0.04
1989-02-01,0.0681819,,,,,0.02415625,0.04
1989-03-01,0.0681819,,,,,0.02415625,0.04
1989-04-01,0.0750506,,,,,0.01590625,0.04
1989-05-01,0.0750506,,,,,0.01590625,0.04
1989-06-01,0.0750506,,,,,0.01590625,0.04
1989-07-01,0.0796812,,,,,0.01503975,0.04
1989-08-01,0.0796812,,,,,0.01503975,0.04
1989-09-01,0.0796812,,,,,0.01503975,0.04
1989-10-01,0.0781249,,,,,0.016965,0.04
1989-11-01,0.0781249,,,,,0.016965,0.04
1989-12-01,0.0781249,,,,,0.016965,0.04
1990-01-01,0.0870406,,,,,0.02076675,0.04
1990-02-01,0.0870406,,,,,0.02076675,0.04
1990-03-01,0.0870406,,,,,0.02076675,0.04
1990-04-01,0.0773586,,,,,0.02246325,0.04
1990-05-01,0.0773586,,,,,0.02246325,0.04
1990-06-01,0.0773586,,,,,0.02246325,0.04
1990-07-01,0.0608856,,,,,0.0094925,0.04
1990-08-01,0.0608856,,,,,0.0094925,0.04
1990-09-01,0.0608856,,,,,0.0094925,0.04
1990-10-01,0.0688406,,,,,-0.0021025,0.04
1990-11-01,0.0688406,,,,,-0.0021025,0.04
1990-12-01,0.0688406,,,,,-0.0021025,0.04
1991-01-01,0.0480428,,,,,0.00724725,0.09
1991-02-01,0.0480428,,,,,0.00724725,0.09
1991-03-01,0.0480428,,,,,0.00724725,0.09
1991-04-01,0.033275,,,,,0.0187515,0.09
1991-05-01,0.033275,,,,,0.0187515,0.09
1991-06-01,0.033275,,,,,0.0187515,0.09
1991-07-01,0.0313044,,,,,0.02810375,0.09
1991-08-01,0.0313044,,,,,0.02810375,0.09
1991-09-01,0.0313044,,,,,0.02810375,0.09
1991-10-01,0.0152543,,,,,0.02524925,0.09
1991-11-01,0.0152543,,,,,0.02524925,0.09
1991-12-01,0.0152543,,,,,0.02524925,0.09
1992-01-01,0.0169779,,,,,0.02300675,0.14
1992-02-01,0.0169779,,,,,0.02300675,0.14
1992-03-01,0.0169779,,,,,0.02300675,0.14
1992-04-01,0.0118645,,,,,0.0309915,0.14
1992-05-01,0.0118645,,,,,0.0309915,0.14
1992-06-01,0.0118645,,,,,0.0309915,0.14
1992-07-01,0.0084317,,,,,0.0250155,0.14
1992-08-01,0.0084317,,,,,0.0250155,0.14
1992-09-01,0.0084317,,,,,0.0250155,0.14
1992-10-01,0.0033388,,,,,0.0260045,0.14
1992-11-01,0.0033388,,,,,0.0260045,0.14
1992-12-01,0.0033388,,,,,0.0260045,0.14
1993-01-01,0.0116861,,,,,0.0316075,0.14
1993-02-01,0.0116861,,,,,0.0316075,0.14
1993-03-01,0.0116861,,,,,0.0316075,0.14
1993-04-01,0.0184254,,,,,0.03094225,0.14
1993-05-01,0.0184254,,,,,0.03094225,0.14
1993-06-01,0.0184254,,,,,0.03094225,0.14
1993-07-01,0.021739,,,,,0.02975,0.14
1993-08-01,0.021739,,,,,0.02975,0.14
1993-09-01,0.021739,,,,,0.02975,0.14
1993-10-01,0.018303,,,,,0.029619,0.14
1993-11-01,0.018303,,,,,0.029619,0.14
1993-12-01,0.018303,,,,,0.029619,0.14
1994-01-01,0.0148515,,,,,0.03046075,0.13
1994-02-01,0.0148515,,,,,0.03046075,0.13
1994-03-01,0.0148515,,,,,0.03046075,0.13
1994-04-01,0.0180921,,,,,0.03031,0.13
1994-05-01,0.0180921,,,,,0.03031,0.13
1994-06-01,0.0180921,,,,,0.03031,0.13
1994-07-01,0.01964,,,,,0.0248725,0.13
1994-08-01,0.01964,,,,,0.0248725,0.13
1994-09-01,0.01964,,,,,0.0248725,0.13
1994-10-01,0.0261437,,,,,0.027192,0.13
1994-11-01,0.0261437,,,,,0.027192,0.13
1994-12-01,0.0261437,,,,,0.027192,0.13
1995-01-01,0.0373984,,,0.013031286,,0.0250485,0.11
1995-02-01,0.0373984,,,0.013031286,,0.0250485,0.11
1995-03-01,0.0373984,,,0.013031286,,0.0250485,0.11
1995-04-01,0.0452343,,,0.028232201,,0.0239225,0.11
1995-05-01,0.0452343,,,0.028232201,,0.0239225,0.11
1995-06-01,0.0452343,,,0.028232201,,0.0239225,0.11
1995-07-01,0.0513643,,,0.028447718,,0.025716,0.11
1995-08-01,0.0513643,,,0.028447718,,0.025716,0.11
1995-09-01,0.0513643,,,0.028447718,,0.025716,0.11
1995-10-01,0.0509555,,,0.035059305,,0.02490775,0.11
1995-11-01,0.0509555,,,0.035059305,,0.02490775,0.11
1995-12-01,0.0509555,,,0.035059305,,0.02490775,0.11
1996-01-01,0.0376176,,,0.032500276,0.014227335,0.02030775,0.1
1996-02-01,0.0376176,,,0.032500276,0.014227335,0.02030775,0.1
1996-03-01,0.0376176,,,0.032500276,0.014227335,0.02030775,0.1
1996-04-01,0.0309119,,0.012207936,0.035513408,0.014193752,0.023045,0.1
1996-05-01,0.0309119,,0.012207936,0.035513408,0.014193752,0.023045,0.1
1996-06-01,0.0309119,,0.012207936,0.035513408,0.014193752,0.023045,0.1
1996-07-01,0.0213741,,0.005777526,0.024801397,0.016423576,0.0222105,0.1
1996-08-01,0.0213741,,0.005777526,0.024801397,0.016423576,0.0222105,0.1
1996-09-01,0.0213741,,0.005777526,0.024801397,0.016423576,0.0222105,0.1
1996-10-01,0.0151515,,-0.000319704,0.03372767,0.019877628,0.02156075,0.1
1996-11-01,0.0151515,,-0.000319704,0.03372767,0.019877628,0.02156075,0.1
1996-12-01,0.0151515,,-0.000319704,0.03372767,0.019877628,0.02156075,0.1
1997-01-01,0.0135952,,0.004776682,0.027582748,0.021313862,0.0225085,0.09
1997-02-01,0.0135952,,0.004776682,0.027582748,0.021313862,0.0225085,0.09
1997-03-01,0.0135952,,0.004776682,0.027582748,0.021313862,0.0225085,0.09
1997-04-01,0.0029984,,-0.002133816,0.007461404,0.025416763,0.02354325,0.09
1997-05-01,0.0029984,,-0.002133816,0.007461404,0.025416763,0.02354325,0.09
1997-06-01,0.0029984,,-0.002133816,0.007461404,0.025416763,0.02354325,0.09
1997-07-01,-0.0044842,,0.01855242,0.008139692,0.028406335,0.025759,0.09
1997-08-01,-0.0044842,,0.01855242,0.008139692,0.028406335,0.025759,0.09
1997-09-01,-0.0044842,,0.01855242,0.008139692,0.028406335,0.025759,0.09
1997-10-01,-0.0029852,,0.032948472,-0.002618104,0.033659475,0.024698,0.09
1997-11-01,-0.0029852,,0.032948472,-0.002618104,0.033659475,0.024698,0.09
1997-12-01,-0.0029852,,0.032948472,-0.002618104,0.033659475,0.024698,0.09
1998-01-01,-0.0014903,,0.034664636,-0.0017678805040696243,0.038039596,0.02225925,0.08
1998-02-01,-0.0014903,,0.034664636,-0.01901465021319028,0.038039596,0.02225925,0.08
1998-03-01,-0.0014903,,0.034664636,-0.018590818800662073,0.038039596,0.02225925,0.08
1998-04-01,0.007474,0.014,0.03966848,-0.01833308341049627,0.029733441,0.02285825,0.08
1998-05-01,0.007474,0.014,0.03966848,-0.01463508848466023,0.029733441,0.02285825,0.08
1998-06-01,0.007474,0.014,0.03966848,-0.014584075217005315,0.029733441,0.02285825,0.08
1998-07-01,0.0135135,0.012,0.036376981,-0.014544339760286499,0.027127844,0.0237495,0.08
1998-08-01,0.0135135,0.012,0.036376981,-0.01468396278318156,0.027127844,0.0237495,0.08
1998-09-01,0.0135135,0.012,0.036376981,-0.0146564486435173,0.027127844,0.0237495,0.08
1998-10-01,0.01497,0.013,0.023322245,-0.014633531551763829,0.019494141,0.01967575,0.08
1998-11-01,0.01497,0.013,0.023322245,-0.006679785683636477,0.019494141,0.01967575,0.08
1998-12-01,0.01497,0.013,0.023322245,-0.006687141983912048,0.019494141,0.01967575,0.08
1999-01-01,0.0119402,0.014,0.012180053,-0.006693798623086601,0.020007951185226473,0.0250015,0.08
1999-02-01,0.0119402,0.014,0.012180053,-0.008317812695732188,0.022830540848135922,0.0250015,0.08
1999-03-01,0.0119402,0.014,0.012180053,-0.008322236430025437,0.02282049074832395,0.0250015,0.08
1999-04-01,0.0103857,0.01,0.012647405390088372,-0.008326262868176322,0.02281099097090227,0.02624125,0.08
1999-05-01,0.0103857,0.01,0.010080985308463885,-0.00012254323748836,0.023658831785254804,0.02624125,0.08
1999-06-01,0.0103857,0.01,0.010060521302914911,-0.0001269674366755988,0.02365189287616152,0.02624125,0.08
1999-07-01,0.0177777,0.009,0.010041498254540251,-0.00013115475693137,0.023645294016939322,0.02751125,0.08
1999-08-01,0.0177777,0.009,0.004462331132538717,0.0033816680434184407,0.031260432169383894,0.02751125,0.08
1999-09-01,0.0177777,0.009,0.004429448810349502,0.00337914565732859,0.03127304590797334,0.02751125,0.08
1999-10-01,0.0191741,0.002,0.004399576601976145,0.003376730776134598,0.031284431616340196,0.02999325,0.08
1999-11-01,0.0191741,0.002,0.011928578770079778,-0.004188864583022501,0.03902056639243574,0.02999325,0.08
1999-12-01,0.0191741,0.002,0.011919320626408977,-0.004194531000151091,0.03905395425197891,0.02999325,0.08
2000-01-01,0.0280236,-0.002,0.011910533775153043,-0.0041998738850415294,0.03908053536566881,0.0310915,0.09
2000-02-01,0.0280236,-0.002,0.04068604872311651,0.02642917451013415,0.04187836893672665,0.0310915,0.09
2000-03-01,0.0280236,-0.002,0.04085144061044197,0.026449361290369736,0.041886129348051825,0.0310915,0.09
2000-04-01,0.0308369,0.006,0.040987909271332064,0.026468384132068735,0.041892368019340175,0.0337065,0.09
2000-05-01,0.0308369,0.006,0.042784842074005805,0.026941579269613592,0.04675087568122897,0.0337065,0.09
2000-06-01,0.0308369,0.006,0.04289089377875843,0.026959311354233136,0.04671853414210461,0.0337065,0.09
2000-07-01,0.0611354,0.004,0.04298095225362321,0.02697607935461861,0.04669308276215472,0.0307485,0.09
2000-08-01,0.0611354,0.004,0.03709239264369295,0.021974181244879508,0.039598227296351006,0.0307485,0.09
2000-09-01,0.0611354,0.004,0.03713737519179698,0.021982787374481397,0.039604456416688916,0.0307485,0.09
2000-10-01,0.0578871,0.002,0.03717838011479554,0.021991059267517706,0.039610109087197455,0.03273625,0.09
2000-11-01,0.0578871,0.002,0.036832842276884804,0.0312948121409378,0.033664636957085624,0.03273625,0.09
2000-12-01,0.0578871,0.002,0.03686597322392443,0.031316899431654506,0.03366477485402408,0.03273625,0.09
2001-01-01,0.0602583,0.004,0.036896577303009645,0.0313376555184126,0.033664906500920286,0.0250025,0.08
2001-02-01,0.0602583,0.004,0.025721963778054906,0.021517842304387188,0.03205071997861454,0.0250025,0.08
2001-03-01,0.0602583,0.004,0.025724856672090228,0.02152404206365684,0.032049515572341286,0.0250025,0.08
2001-04-01,0.0612536,0.024,0.025727643479828064,0.02153003635730078,0.0320483558084082,0.0222805,0.08
2001-05-01,0.0612536,0.024,0.021621815844413576,0.010003322348067764,0.023568703967426587,0.0222805,0.08
2001-06-01,0.0612536,0.024,0.02161915778817444,0.010000727316833664,0.02355779084823355,0.0222805,0.08
2001-07-01,0.0246913,0.029,0.021616585478591487,0.009998202766558866,0.023547328078918146,0.02423375,0.08
2001-08-01,0.0246913,0.029,0.0240069677770037,-0.0006919992604946699,0.01906883011975839,0.02423375,0.08
2001-09-01,0.0246913,0.029,0.02400747023243925,-0.0007071422092726227,0.0190465892702562,0.02423375,0.08
2001-10-01,0.0314638,0.087,0.024007956808635985,-0.0007216367422698984,0.01902574135130536,0.01037675,0.08
2001-11-01,0.0314638,0.087,0.015766160798896433,-0.013401689189453024,0.013719057947065802,0.01037675,0.08
2001-12-01,0.0314638,0.087,0.015754956380772178,-0.01344480895394889,0.013681563206244977,0.01037675,0.08
2002-01-01,0.0297699,0.065,0.01574414522673863,-0.013484452492943779,0.013647705265945605,0.02801475,0.09
2002-02-01,0.0297699,0.065,0.004683162690762712,-0.019068545468517027,0.0045522773470087615,0.02801475,0.09
2002-03-01,0.0297699,0.065,0.004633258276039559,-0.01911343615794031,0.004511643173597995,0.02801475,0.09
2002-04-01,0.028188,0.066,0.004586845141248507,-0.019154152445870824,0.004477742771920685,0.03161425,0.09
2002-05-01,0.028188,0.066,0.002401629689013039,-0.0040265034912037815,0.008866535083890773,0.03161425,0.09
2002-06-01,0.028188,0.066,0.002351312125694821,-0.004039000240099232,0.008839183360060805,0.03161425,0.09
2002-07-01,0.0321285,0.213,0.0023046588748680463,-0.004051020288013513,0.008814528010231857,0.02881075,0.09
2002-08-01,0.0321285,0.213,0.007462786505173014,0.00954156482866994,0.011275829225845609,0.02881075,0.09
2002-09-01,0.0321285,0.213,0.00743997357964673,0.00954146379459275,0.011258233219028902,0.02881075,0.09
2002-10-01,0.0291778,-0.061,0.007418219641613364,0.009541364960997493,0.011241878310658194,0.02556025,0.09
2002-11-01,0.0291778,-0.061,0.008509039141694855,0.015510351351956811,0.01362279641351197,0.02556025,0.09
2002-12-01,0.0291778,-0.061,0.00849196545462829,0.015513920138151656,0.01361147595118309,0.02556025,0.09
2003-01-01,0.0328515,-0.078,0.008475578691280352,0.01551740675626439,0.01360074270243104,0.0297485,0.1
2003-02-01,0.0328515,-0.078,0.0011290201743898822,0.014489643441481223,0.008639949949054681,0.0297485,0.1
2003-03-01,0.0328515,-0.078,0.0010913283054420919,0.014492285203444588,0.008624205421083163,0.0297485,0.1
2003-04-01,0.0261095,-0.096,0.0010559934050416054,0.014494869949206145,0.008609612717502692,0.031339,0.1
2003-05-01,0.0261095,-0.096,-0.004154833585623385,0.013261306643759088,0.004345821782238532,0.031339,0.1
2003-06-01,0.0261095,-0.096,-0.004204920522359417,0.013263039561648916,0.0043310446239533534,0.031339,0.1
2003-07-01,0.0259405,-0.216,-0.004251069626605472,0.013264737266128963,0.004317600179204798,0.03774525,0.1
2003-08-01,0.0259405,-0.216,-0.013523440010894167,0.01312619238737538,0.006318653730307048,0.03774525,0.1
2003-09-01,0.0259405,-0.216,-0.013592855217412901,0.013127743762189385,0.006307544849544043,0.03774525,0.1
2003-10-01,0.0244845,-0.016,-0.013654424778013473,0.013129264624322285,0.006297200330712946,0.0387465,0.1
2003-11-01,0.0244845,-0.016,-0.003803877158450115,0.020938766623890773,0.010875598077773503,0.0387465,0.1
2003-12-01,0.0244845,-0.016,-0.003832567819352959,0.020946273224584713,0.010868840987160625,0.0387465,0.1
2004-01-01,0.0203563,0.011,-0.0038595974781587576,0.020953583770938363,0.01086237734133897,0.04186475,0.1
2004-02-01,0.0203563,0.011,0.013714810912619823,0.027889972251739666,0.01878671688238581,0.04186475,0.1
2004-03-01,0.0203563,0.011,0.013713118170136332,0.027906692192458046,0.018784684472188885,0.04186475,0.1
2004-04-01,0.0254454,0.01,0.013711461658886722,0.027922779067286144,0.018782697934785472,0.041098,0.1
2004-05-01,0.0254454,0.01,0.02547576627578327,0.020929822716673274,0.024537671460497013,0.041098,0.1
2004-06-01,0.0254454,0.01,0.0254842405002071,0.02093604282727065,0.02453741341453613,0.041098,0.1
2004-07-01,0.022756,0.012,0.025492468323973803,0.0209421150226237,0.024537160660348126,0.03739375,0.1
2004-08-01,0.022756,0.012,0.033090919572392144,0.024039773007089402,0.02031165242423592,0.03739375,0.1
2004-09-01,0.022756,0.012,0.03311288535999384,0.024048798447134846,0.020310242816450635,0.03739375,0.1
2004-10-01,0.0251571,0.018,0.03313386027252013,0.024057576559033456,0.020308861336318255,0.0348245,0.1
2004-11-01,0.0251571,0.018,0.024780076884391024,0.011774657710428156,0.01836049683668034,0.0348245,0.1
2004-12-01,0.0251571,0.018,0.024786161538808672,0.011774557147739867,0.018358471613209474,0.0348245,0.1
2005-01-01,0.0236908,0.013,0.02479209339930391,0.011774458275984334,0.018356489378647554,0.0352155,0.11
2005-02-01,0.0236908,0.013,0.01823719208429543,0.009255047508717586,0.015934335564546317,0.0352155,0.11
2005-03-01,0.0236908,0.013,0.018237716840986906,0.009253712726395632,0.015931313261713122,0.0352155,0.11
2005-04-01,0.0248139,0.015,0.018238231687783314,0.00925240056549542,0.015928364668516614,0.0329185,0.11
2005-05-01,0.0248139,0.015,0.018051610008030343,0.016920120531390036,0.01574714470851907,0.0329185,0.11
2005-06-01,0.0248139,0.015,0.018051991726326218,0.016922730169456734,0.015744244143969528,0.0329185,0.11
2005-07-01,0.0309023,0.013,0.018052366451275614,0.01692529380985105,0.015741412804175337,0.03603425,0.11
2005-08-01,0.0309023,0.013,0.026889233336666037,0.020754673281308155,0.020889207790716933,0.03603425,0.11
2005-09-01,0.0309023,0.013,0.02689743545390512,0.02075991986137561,0.020888352719338317,0.03603425,0.11
2005-10-01,0.0282209,0.012,0.026905421625099964,0.020765058222437575,0.02088751253198733,0.033498,0.11
2005-11-01,0.0282209,0.012,0.032102189701424984,0.024359783450822424,0.023364299972566945,0.033498,0.11
2005-12-01,0.0282209,0.012,0.03211839970480003,0.02436834745482663,0.023364113897903094,0.033498,0.11
2006-01-01,0.0292326,0.014,0.03213402863066498,0.024376698582703513,0.023363931011719297,0.03498275,0.13
2006-02-01,0.0292326,0.014,0.03824144322853525,0.020873032051320742,0.030051486254591357,0.03498275,0.13
2006-03-01,0.0292326,0.014,0.03827053251310501,0.0208776613203818,0.030053793261847785,0.03498275,0.13
2006-04-01,0.0399516,0.015,0.038298153684901956,0.020882200811718876,0.030056039414765794,0.03096775,0.13
2006-05-01,0.0399516,0.015,0.046836380403781346,0.014975590701207223,0.03497868054313545,0.03096775,0.13
2006-06-01,0.0399516,0.015,0.04688669260169256,0.01497653581191812,0.03498416194405928,0.03096775,0.13
2006-07-01,0.0395682,0.017,0.04693321714549463,0.014977466843798958,0.034989423427606685,0.02799625,0.13
2006-08-01,0.0395682,0.017,0.03679744004735743,0.0034495531825467778,0.032912258632166305,0.02799625,0.13
2006-09-01,0.0395682,0.017,0.03681516268738267,0.003443784214232522,0.03291575985698687,0.02799625,0.13
2006-10-01,0.0334129,0.02,0.03683220839819774,0.003438131765987876,0.03291915168571862,0.027501,0.13
2006-11-01,0.0334129,0.02,0.03719066923633259,0.014502161378527912,0.03775665722421731,0.027501,0.13
2006-12-01,0.0334129,0.02,0.03720707611495012,0.014503000173244376,0.0377633739646548,0.027501,0.13
2007-01-01,0.024852,0.02,0.03722287750956701,0.014503827053880557,0.037769780752552,0.0286935,0.14
2007-02-01,0.024852,0.02,0.04064997385779349,0.01930387823973708,0.03523496826509575,0.0286935,0.14
2007-03-01,0.024852,0.02,0.040670884744714225,0.019307365346714126,0.03523919364865479,0.0286935,0.14
2007-04-01,0.0209546,0.023,0.04069089592570626,0.019310794712365964,0.03524327313160432,0.02694275,0.14
2007-05-01,0.0209546,0.023,0.035314779899631034,0.018249121391235808,0.03096476289982843,0.02694275,0.14
2007-06-01,0.0209546,0.023,0.03532508150338948,0.018251760072785228,0.030966443381719475,0.02694275,0.14
2007-07-01,0.0184544,0.022,0.03533508395568431,0.018254358303299377,0.03096808653393624,0.026908,0.14
2007-08-01,0.0184544,0.022,0.04258818594655137,0.014903165918430663,0.029432619208624663,0.026908,0.14
2007-09-01,0.0184544,0.022,0.042609110449466574,0.014903993684654664,0.029433627675362495,0.026908,0.14
2007-10-01,0.0288685,0.02,0.042629129277320765,0.014904810359049198,0.029434617129505555,0.02178675,0.14
2007-11-01,0.0288685,0.02,0.04253628537908088,0.006285997228764145,0.022935330035867226,0.02178675,0.14
2007-12-01,0.0288685,0.02,0.04255447286952202,0.006282496693109897,0.02293470415619576,0.02178675,0.14
2008-01-01,0.0427252,0.019,0.042571925904540626,0.006279051832560026,0.022934087069864835,0.01894275,0.1
2008-02-01,0.0427252,0.019,0.0357823737607535,0.003820197374901356,0.02226392752544503,0.01894275,0.1
2008-03-01,0.0427252,0.019,0.035790098764346495,0.0038149230352755433,0.02226316967871656,0.01894275,0.1
2008-04-01,0.0444698,0.023,0.035797628622225824,0.0038097438716913133,0.02226242239447046,0.0150325,0.1
2008-05-01,0.0444698,0.023,0.03155491974217211,-0.0023989683116201186,0.010815986433028512,0.0150325,0.1
2008-06-01,0.0444698,0.023,0.031558753091868674,-0.002411668265358555,0.01080799381302796,0.0150325,0.1
2008-07-01,0.0498302,0.026,0.03156251401520559,-0.002424024797706282,0.01080027473998124,0.0138755,0.1
2008-08-01,0.0498302,0.026,0.03495110073476809,-0.009198703027349306,0.0015788644463809827,0.0138755,0.1
2008-09-01,0.0498302,0.026,0.03495724122043639,-0.009224058262405951,0.0015595464756141036,0.0138755,0.1
2008-10-01,0.0370369,0.025,0.034963243749097705,-0.009248379636488216,0.0015415529668260592,-0.00583125,0.1
2008-11-01,0.0370369,0.025,0.03145151383798765,-0.037330477145890203,-0.021476102176525742,-0.00583125,0.1
2008-12-01,0.0370369,0.025,0.031454817043489985,-0.037454432424336645,-0.021448903858638506,-0.00583125,0.1
2009-01-01,0.0243632,0.027,0.03145806192411349,-0.03756161858003943,-0.02142679918382456,-0.01048225,0.09
2009-02-01,0.0243632,0.027,0.003475323917089688,-0.09177859826896782,-0.062751678799086,-0.01048225,0.09
2009-03-01,0.0243632,0.027,0.0034568665108156635,-0.09122274398906893,-0.06155079163155758,-0.01048225,0.09
2009-04-01,0.0141921,0.03,0.003439005705321083,-0.09084415952473544,-0.06077322155489961,0.0071805,0.09
2009-05-01,0.0141921,0.03,-0.018495926299733494,-0.06410976195374653,-0.05471837169710126,0.0071805,0.09
2009-06-01,0.0141921,0.03,-0.01858025648237574,-0.06418942251967974,-0.054452079355979406,0.0071805,0.09
2009-07-01,0.0118662,0.033,-0.018656892926605523,-0.06425789924199163,-0.05424174555224361,0.02487275,0.09
2009-08-01,0.0118662,0.033,-0.03147586276197685,-0.05255523413839721,-0.04442320923772629,0.02487275,0.09
2009-09-01,0.0118662,0.033,-0.031565031890413195,-0.05261468157783749,-0.04437213068570092,0.02487275,0.09
2009-10-01,0.0205628,0.031,-0.031643292897478734,-0.05266887146193181,-0.04432768722098647,0.024999,0.09
2009-11-01,0.0205628,0.031,-0.024214361893517618,-0.01686927867334112,-0.02228470219504293,0.024999,0.09
2009-12-01,0.0205628,0.031,-0.024269982099762114,-0.016880648676006485,-0.022295540634934524,0.024999,0.09
2010-01-01,0.0291892,0.027,-0.024321063790273774,-0.01689175717719206,-0.02230576715857533,0.0271655,0.11
2010-02-01,0.0291892,0.027,0.0024642770350662203,0.04061767017029313,0.012320886134575973,0.0271655,0.11
2010-03-01,0.0291892,0.027,0.002454929812016026,0.04065340071172772,0.01231991414415959,0.0271655,0.11
2010-04-01,0.0312164,0.015,0.002445788413725381,0.040687876454821234,0.012318954254707205,0.03036225,0.11
2010-05-01,0.0312164,0.015,0.03067279183395819,0.03330411053214253,0.021589106729826436,0.03036225,0.11
2010-06-01,0.0312164,0.015,0.03067773433263488,0.03332360686612929,0.021589760817217352,0.03036225,0.11
2010-07-01,0.0287846,0.015,0.03068259571470453,0.03334262170053232,0.021590406991229678,0.026321,0.11
2010-08-01,0.0287846,0.015,0.03532110903316622,0.05174789565901502,0.02220700684424346,0.026321,0.11
2010-09-01,0.0287846,0.015,0.03532955683896531,0.05180486948807596,0.022207751074575018,0.026321,0.11
2010-10-01,0.0275715,0.006,0.03533783269538065,0.05185910916030492,0.022208486343509734,0.0265055,0.11
2010-11-01,0.0275715,0.006,0.02964466412483905,0.03133357662344805,0.023793263138958062,0.0265055,0.11
2010-12-01,0.0275715,0.006,0.029648459043523045,0.03134767685083674,0.023794286565866234,0.0265055,0.11
2011-01-01,0.032563,0.0,0.029652197825646456,0.031361488810574094,0.023795297380249505,0.033807,0.09
2011-02-01,0.032563,0.0,0.032242812255269225,0.010954049319661614,0.029402710088267652,0.033807,0.09
2011-03-01,0.032563,0.0,0.032248064003379776,0.010954895880267884,0.02940507953238713,0.033807,0.09
2011-04-01,0.0354906,0.0,0.032253229508685845,0.010955733633404586,0.02940741360998078,0.0325925,0.09
2011-05-01,0.0354906,0.0,0.02284961206372041,-0.00842395500325616,0.019912006260872122,0.0325925,0.09
2011-06-01,0.0354906,0.0,0.02285026153580052,-0.008432345337221248,0.0199122672770117,0.0325925,0.09
2011-07-01,0.034197,-0.006,0.02285090369718545,-0.008440603858833667,0.019912525435059024,0.024747,0.09
2011-08-01,0.034197,-0.006,0.019945968838996655,-0.0027292741103584765,0.015771406971136753,0.024747,0.09
2011-09-01,0.034197,-0.006,0.019945688938915872,-0.002733558819453074,0.015770995571024578,0.024747,0.09
2011-10-01,0.0299279,0.0,0.01994541206500258,-0.0027377905853482876,0.015770588590240865,0.02543475,0.09
2011-11-01,0.0299279,0.0,0.00993778588621436,0.0036541091456435064,0.0068894649056782204,0.02543475,0.09
2011-12-01,0.0299279,0.0,0.009933377319287853,0.0036526936142737376,0.00688714338490486,0.02543475,0.09
2012-01-01,0.0162768,0.008,0.00992903112733176,0.003651292601960286,0.006884853630135057,0.025284,0.08
2012-02-01,0.0162768,0.008,0.005213307252932284,0.027191155261690955,-0.0047051093467003376,0.025284,0.08
2012-03-01,0.0162768,0.008,0.005205616881069634,0.027201616129385205,-0.004712671796252594,0.025284,0.08
2012-04-01,0.0120968,0.005,0.005198063037279921,0.027211905168527173,-0.004720055218489248,0.02524925,0.08
2012-05-01,0.0120968,0.005,0.009395414143573722,0.026393970622248315,-0.008099479560947932,0.02524925,0.08
2012-06-01,0.0120968,0.005,0.00939111583166629,0.026403186475490618,-0.008108695449058118,0.02524925,0.08
2012-07-01,0.02004,0.007,0.009386877040006333,0.02641225969972946,-0.008117662731408706,0.01991475,0.08
2012-08-01,0.02004,0.007,0.005286179630308226,5.77032074356098e-05,-0.009641764316911635,0.01991475,0.08
2012-09-01,0.02004,0.007,0.005279195839246629,5.4508274089971735e-05,-0.009651260996136878,0.01991475,0.08
2012-10-01,0.022044,0.018,0.005272329747101394,5.134801028429902e-05,-0.009660492985447055,0.020571,0.08
2012-11-01,0.022044,0.018,0.01672715655882999,0.0007258723918494928,-0.010859289585687111,0.020571,0.08
2012-12-01,0.022044,0.018,0.016726218354151483,0.0007230845509669802,-0.010868786554544096,0.020571,0.08
2013-01-01,0.025025,0.015,0.016725289734423655,0.0007203258991412333,-0.010878014850655548,0.02381475,0.08
2013-02-01,0.025025,0.015,0.015452101722378112,0.0001419381123726085,-0.011841005787615743,0.02381475,0.08
2013-03-01,0.025025,0.015,0.015450787783196985,0.00013898310121569508,-0.011850316638797362,0.02381475,0.08
2013-04-01,0.0239044,0.028,0.015449487414244914,0.00013605906100883514,-0.011859363388187287,0.02329725,0.08
2013-05-01,0.0239044,0.028,0.012009729330558718,0.01768338364259802,-0.0019892287573890733,0.02329725,0.08
2013-06-01,0.0239044,0.028,0.012007171415455813,0.017686998666820275,-0.0019931406025044947,0.02329725,0.08
2013-07-01,0.0216111,0.017,0.012004642686261106,0.01769057523213994,-0.0019969863218448187,0.0252365,0.08
2013-08-01,0.0216111,0.017,0.02101943058758932,0.030529521884592844,0.0022162671371219584,0.0252365,0.08
2013-09-01,0.0216111,0.017,0.0210198261915357,0.030543355927548522,0.002213882332732231,0.0252365,0.08
2013-10-01,0.027451,-0.002,0.02102021795991974,0.030556944230017594,0.002211529678468102,0.025278,0.08
2013-11-01,0.027451,-0.002,0.02056341193943875,0.030132537695422554,0.008488549584096942,0.025278,0.08
2013-12-01,0.027451,-0.002,0.020563666275176768,0.030145159669829932,0.00848758899218574,0.025278,0.08
2014-01-01,0.0292969,-0.033,0.020563918193417283,0.030157567479997476,0.008486638325474805,0.0263135,0.07
2014-02-01,0.0292969,-0.033,0.020103993730526223,0.024568925725014772,0.01644374291698243,0.0263135,0.07
2014-03-01,0.0292969,-0.033,0.02010411332302187,0.024575944994341847,0.016443918032461063,0.0263135,0.07
2014-04-01,0.0301556,-0.049,0.0201042317991858,0.024582873419565363,0.01644409153244762,0.0313905,0.07
2014-05-01,0.0301556,-0.049,0.024626150935541144,-0.0010351100766959652,0.012293571896469142,0.0313905,0.07
2014-06-01,0.0301556,-0.049,0.024627636330476814,-0.0010390303827316656,0.012293200546354318,0.0313905,0.07
2014-07-01,0.0230769,-0.054,0.02462910661312039,-0.0010429093894022824,0.012292832621572618,0.030749,0.07
2014-08-01,0.0230769,-0.054,0.023093235811042816,-0.009085980824586589,0.014181091251581023,0.030749,0.07
2014-09-01,0.0230769,-0.054,0.02309417838182884,-0.009095408354282429,0.014180976673466936,0.030749,0.07
2014-10-01,0.0171756,-0.043,0.023095111952602065,-0.009104699589251902,0.014180863120035301,0.0283805,0.07
2014-11-01,0.0171756,-0.043,0.024016067043703848,-0.003682339281762026,0.015795661931233638,0.0283805,0.07
2014-12-01,0.0171756,-0.043,0.02401727026721643,-0.0036873846159052918,0.015795754450825802,0.0283805,0.07
2015-01-01,0.0132827,-0.019,0.024018461850234464,-0.0036923733641448225,0.015795846153697904,0.0281455,0.07
2015-02-01,0.0132827,-0.019,0.028723988838985495,0.0030706165127889996,0.01851060762020364,0.0281455,0.07
2015-03-01,0.0132827,-0.019,0.028727033883753902,0.0030688396247836973,0.018511050682264846,0.0281455,0.07
2015-04-01,0.0151086,0.003,0.02873004325199424,0.003067078463028751,0.018511489758880742,0.0273045,0.07
2015-05-01,0.0151086,0.003,0.01804289593952891,0.02155488351500781,0.020397714156406996,0.0273045,0.07
2015-06-01,0.0151086,0.003,0.018042380158100856,0.02156022713200164,0.02039841396681332,0.0273045,0.07
2015-07-01,0.0150373,0.015,0.018041868896245927,0.021565511617938512,0.020399107287172317,0.0277285,0.07
2015-08-01,0.0150373,0.015,0.012609024389867492,0.021736824362933217,0.01975737513612557,0.0277285,0.07
2015-09-01,0.0150373,0.015,0.012606778765574884,0.02174209448039125,0.01975796244669239,0.0277285,0.07
2015-10-01,0.0168853,0.025,0.012604555878848105,0.021747306841355063,0.019758544474811957,0.02665225,0.07
2015-11-01,0.0168853,0.025,0.014129241663013601,0.015589653020281532,0.02101436958875175,0.02665225,0.07
2015-12-01,0.0168853,0.025,0.014127620829982398,0.015591823970308706,0.02101512524841401,0.02665225,0.07
2016-01-01,0.0131088,0.029,0.014126015189238816,0.01559397600464261,0.021015873965821497,0.023199,0.07
2016-02-01,0.0131088,0.029,0.014646394294992263,0.008631637747993658,0.018185566885418857,0.023199,0.07
2016-03-01,0.0131088,0.029,0.014644988971905524,0.00863154142654772,0.018185912626834937,0.023199,0.07
2016-04-01,0.0102329,0.033,0.014643596402432929,0.008631445864021592,0.018186255438593806,0.02301125,0.07
2016-05-01,0.0102329,0.033,0.021151664009782956,0.005449720847475946,0.015953455163116515,0.02301125,0.07
2016-06-01,0.0102329,0.033,0.021152034869133397,0.005448672026524573,0.015953520546154232,0.02301125,0.07
2016-07-01,0.0129629,0.03,0.021152402617950646,0.005447631621579929,0.015953585394697975,0.02364775,0.07
2016-08-01,0.0129629,0.03,0.02634099258823347,0.006446771484563955,0.016541375192155563,0.02364775,0.07
2016-09-01,0.0129629,0.03,0.026342968530913075,0.0064460532547038615,0.016541508413390152,0.02364775,0.07
2016-10-01,0.0147606,0.028,0.026344925072778035,0.006445340639530225,0.016541640555102717,0.02189075,0.07
2016-11-01,0.0147606,0.028,0.01895998638671278,0.009204411756664683,0.01909042551726205,0.02189075,0.07
2016-12-01,0.0147606,0.028,0.01895977582563233,0.009204504757137216,0.01909086839626102,0.02189075,0.07
2017-01-01,0.0212564,0.03,0.018959566963607743,0.009204597050356351,0.019091307593621303,0.023184,0.07
2017-02-01,0.0212564,0.03,0.010311505459832539,0.009511066387363827,0.022458866668201575,0.023184,0.07
2017-03-01,0.0212564,0.03,0.010308392443214987,0.009511243492925764,0.022459784659054374,0.023184,0.07
2017-04-01,0.0193369,0.028,0.01030531254434146,0.009511419266291139,0.02246069431396047,0.02615725,0.07
2017-05-01,0.0193369,0.028,0.01085297956934115,0.014833625538263891,0.027103863045996053,0.02615725,0.07
2017-06-01,0.0193369,0.028,0.010850222099455681,0.014835408257429608,0.027105675937749877,0.02615725,0.07
2017-07-01,0.0182821,0.026,0.010847492649541914,0.014837176685642817,0.02710746886984082,0.0239985,0.07
2017-08-01,0.0182821,0.026,0.007630824167718597,0.021040965264617757,0.029558114335632425,0.0239985,0.07
2017-09-01,0.0182821,0.026,0.007626440378965892,0.021045388595631605,0.029560504411040293,0.0239985,0.07
2017-10-01,0.0190908,0.022,0.0076221094767117935,0.021049768438654803,0.029562865106784474,0.023756,0.07
2017-11-01,0.0190908,0.022,0.013889246071538517,0.02022970259092097,0.030121643809256866,0.023756,0.07
2017-12-01,0.0190908,0.022,0.013887795955947767,0.020233570872265988,0.030124105285163173,0.023756,0.07
2018-01-01,0.0190054,0.017,0.013886358209496248,0.020237402935755572,0.030126536156858185,0.0279165,0.07
2018-02-01,0.0190054,0.017,0.025629797464632585,0.013744198551096808,0.022525918672536595,0.0279165,0.07
2018-03-01,0.0190054,0.017,0.025631597759115568,0.013745462031645523,0.022526714838069995,0.0279165,0.07
2018-04-01,0.0207763,0.016,0.025633381721389185,0.013746716010364361,0.022527504201718233,0.0280235,0.07
2018-05-01,0.0207763,0.016,0.03502990077526942,0.013658461345391554,0.020982482027021982,0.0280235,0.07
2018-06-01,0.0207763,0.016,0.03503752046217885,0.013659669658076702,0.020983042314075023,0.0280235,0.07
2018-07-01,0.0188509,0.018,0.035045019913432555,0.013660869001149451,0.020983598107716016,0.0276155,0.07
2018-08-01,0.0188509,0.018,0.04294365930045688,0.0008503505378556705,0.014525682041774015,0.0276155,0.07
2018-09-01,0.0188509,0.018,0.042960922831126576,0.0008476716371719615,0.014525493404228467,0.0276155,0.07
2018-10-01,0.0178408,0.028,0.04297775355754329,0.0008450151224885218,0.014525306163571804,0.02507275,0.07
2018-11-01,0.0178408,0.028,0.028932580749522593,-0.002009536212086556,0.011839526900785565,0.02507275,0.07
2018-12-01,0.0178408,0.028,0.0289354667102635,-0.002013443423374028,0.011839029062708903,0.02507275,0.07
2019-01-01,0.0133207,0.029,0.02893832339070576,-0.002017314512606891,0.01183853504630699,0.020663,0.06
2019-02-01,0.0133207,0.029,0.0233141595575219,-0.00041713619935129006,0.018417774613752522,0.020663,0.06
2019-03-01,0.0133207,0.029,0.02331497244818605,-0.0004201880942447038,0.018418021279519553,0.020663,0.06
2019-04-01,0.0159292,0.03,0.023315779072436607,-0.0004232139416343128,0.01841826613604308,0.02049925,0.06
2019-05-01,0.0159292,0.03,0.012323168789336245,7.422960474693231e-05,0.016979250342884868,0.02049925,0.06
2019-06-01,0.0159292,0.03,0.012320975994499963,7.146510829726855e-05,0.016979334068344364,0.02049925,0.06
2019-07-01,0.0167404,0.037,0.012318802599918794,6.872346046392982e-05,0.016979417195975323,0.0192525,0.06
2019-08-01,0.0167404,0.037,0.005511437242040147,0.006448065634034024,0.018131703193457124,0.0192525,0.06
2019-09-01,0.0167404,0.037,0.0055054053479671764,0.00644742846297742,0.018131909695599097,0.0192525,0.06
2019-10-01,0.0184048,0.03,0.005499452931859122,0.006446795674104235,0.018132114721620594,0.0173655,0.06
2019-11-01,0.0184048,0.03,0.015889628823019253,-0.018348400653240192,0.011778825500089483,0.0173655,0.06
2019-12-01,0.0184048,0.03,0.015888692982842078,-0.01836835834743152,0.011778328570553255,0.0173655,0.06
2020-01-01,0.0219106,0.025,0.015887764082784712,-0.018387926434341624,0.011777835312086753,0.01979775,0.02
2020-02-01,0.0219106,0.025,0.013016754300907936,-0.015727194138723418,-0.027028920778613068,0.01979775,0.02
2020-03-01,0.0219106,0.025,0.0130149682152093,-0.01574224065434918,-0.027058784786087406,0.01979775,0.02
2020-04-01,-0.0034844,0.019,0.013013196768970359,-0.01575703607145139,-0.027087215500413493,-0.02088075,0.02
2020-05-01,-0.0034844,0.019,0.0015935759439970139,-0.09087704663329012,-0.14305974030411844,-0.02088075,0.02
2020-06-01,-0.0034844,0.019,0.0015841139571199845,-0.09130270633700659,-0.14227853859865275,-0.02088075,0.02
2020-07-01,0.0069317,0.018,0.0015748070340685734,-0.09166711226723112,-0.1417601084791435,0.08493025,0.02
2020-08-01,0.0069317,0.018,-0.06538163567705679,-0.045089084862099116,-0.03720975172869841,0.08493025,0.02
2020-09-01,0.0069317,0.018,-0.06574063098121147,-0.04517666153240923,-0.03729857319231268,0.08493025,0.02
2020-10-01,0.0086066,0.023,-0.06603551126208271,-0.045260509283113995,-0.03738369271833076,0.03544425,0.02
2020-11-01,0.0086066,0.023,-0.011844204625117205,-0.0030762676287570847,-0.03354958727155574,0.03544425,0.02
2020-12-01,0.0086066,0.023,-0.011881865448498629,-0.0030796548836483023,-0.033614514924127585,0.03544425,0.02
2021-01-01,0.0111498,0.022,-0.011918471088025188,-0.003083015917830342,-0.03367719494556547,0.043898,0.09
2021-02-01,0.0111498,0.022,-0.005097437093583228,-0.0056372214300525305,0.003640640311157068,0.043898,0.09
2021-03-01,0.0111498,0.022,-0.005116672047826472,-0.005641800800355338,0.003637520081033438,0.043898,0.09
2021-04-01,0.0384618,0.017,-0.005135544982467931,-0.005646341722977993,0.003634423891033837,0.0609135,0.09
2021-05-01,0.0384618,0.017,0.0103203443802151,0.07549848292493477,0.14019420250180076,0.0609135,0.09
2021-06-01,0.0384618,0.017,0.010317685885770395,0.07572324829819897,0.14142307616763716,0.0609135,0.09
2021-07-01,0.0301212,0.012,0.010315048227515783,0.07593334097386459,0.1424308294534999,0.0495845,0.09
2021-08-01,0.0301212,0.012,0.10109611057691116,0.02097649660150959,0.04651207065476039,0.0495845,0.09
2021-09-01,0.0301212,0.012,0.10175576215965511,0.02098327532668204,0.04655324828848031,0.0495845,0.09
2021-10-01,0.0349824,0.01,0.10231841859542337,0.02098999609095495,0.0465937031184344,0.03891225,0.09
2021-11-01,0.0349824,0.01,0.0609743527284249,0.015830874427664704,0.05097080310043158,0.03891225,0.09
2021-12-01,0.0349824,0.01,0.06107567785838025,0.015834309093965358,0.0510226741666839,0.03891225,0.09
2022-01-01,0.0508904,0.017,0.06117291269269058,0.015837719553044027,0.05107350191515466,0.02950075,0.03
2022-02-01,0.0508904,0.017,0.060614819245857154,0.009217858803276751,0.05072304284523575,0.02950075,0.03
2022-03-01,0.0508904,0.017,0.06070126753940182,0.009218477366377913,0.05077066216328008,0.02950075,0.03
2022-04-01,0.0614482,0.021,0.06078450472451503,0.009219092115153019,0.05081736522186152,0.02313975,0.03
2022-05-01,0.0614482,0.021,0.058168105664718854,0.011802631370403834,0.03944987462949595,0.02313975,0.03
2022-06-01,0.0614482,0.021,0.05823387072197719,0.011804198058475412,0.03946992083643215,0.02313975,0.03
2022-07-01,0.0726811,0.021,0.05829755037224185,0.011805754885196149,0.039489724684457,0.01299975,0.03
2022-08-01,0.0726811,0.021,0.03791839670002726,0.011636703594815879,0.027667395320991918,0.01299975,0.03
2022-09-01,0.0726811,0.021,0.03793006069032224,0.011638175394876226,0.027673798288349927,0.01299975,0.03
2022-10-01,0.0783187,0.026,0.0379415870198917,0.011639638042730481,0.02768015195805377,0.00569825,0.03
2022-11-01,0.0783187,0.026,0.02309707333495742,0.00392286425804555,0.020129451973655305,0.00569825,0.03
2022-12-01,0.0783187,0.026,0.023098133064887644,0.0039215557373809004,0.02013139552918187,0.00569825,0.03
2023-01-01,0.0702182,0.024,0.02309918599358617,0.0039202552649012816,0.02013332667071477,0.006614,0.05
2023-02-01,0.0702182,0.024,0.01762365876487737,0.019821610321239594,0.013492977381843803,0.006614,0.05
2023-03-01,0.0702182,0.024,0.01762276695714495,0.01982715178956902,0.013492009391361528,0.006614,0.05
2023-04-01,0.0602698,0.029,0.0176218807516344,0.01983265031373519,0.013491047387210173,0.00624225,0.05
2023-05-01,0.0602698,0.029,0.018511982760805092,0.013485022452310537,0.006888397293846643,0.00624225,0.05
2023-06-01,0.0602698,0.029,0.01851142214831264,0.01348714642574365,0.006884218390935894,0.00624225,0.05
2023-07-01,0.0537386,0.031,0.01851086499378433,0.013489257090899829,0.006880068095818119,0.012945,0.05
2023-08-01,0.0537386,0.031,0.007141747176257445,0.008550647000520903,0.0027027657771924126,0.012945,0.05
2023-09-01,0.0537386,0.031,0.007135381323606335,0.008550923756641111,0.0026959400684899554,0.012945,0.05
2023-10-01,0.0405197,0.03,0.007129071364348023,0.008551198902100987,0.0026891666724811678,0.01223925,0.05
2023-11-01,0.0405197,0.03,0.005537175607333458,0.006002558197812263,0.003643692708628486,0.01223925,0.05
2023-12-01,0.0405197,0.03,0.005529659972585584,0.00600196645242117,0.0036377081242115203,0.01223925,0.05
2024-01-01,0.0361986,0.029,0.005522214727424115,0.006001378143434192,0.003631767497554391,0.0172045,0.05
2024-02-01,0.0361986,0.029,0.006619587199597694,-0.009665250220111447,0.006224807164976991,0.0172045,0.05
2024-03-01,0.0361986,0.029,0.006613192621935797,-0.009674932273048567,0.006220574866071077,0.0172045,0.05
2024-04-01,0.0381445,0.018,0.006606853979223655,-0.009684522162316094,0.006216371071061724,0.018752,0.05
2024-05-01,0.0381445,0.018,0.0026829728926930645,-0.008004804613085661,0.006489858280424368,0.018752,0.05
2024-06-01,0.0381445,0.018,0.0026731508010782727,-0.008012686567215217,0.006485866311125337,0.018752,0.05
2024-07-01,0.0280854,0.008,0.0026634320397937034,-0.008020499943872661,0.006481900765064946,0.017875,0.05
2024-08-01,0.0280854,0.008,0.019317321011769494,0.0043419624903489685,0.01030892773399646,0.017875,0.05
2024-09-01,0.0280854,0.008,0.019317250829251,0.004340931002788792,0.010306900593090754,0.017875,0.05
2024-10-01,0.024247,0.006,0.019317181058360958,0.0043399054400448615,0.010304885708364932,0.02020675,0.05
2024-11-01,0.024247,0.006,0.018917702010181822,0.010836988291491103,0.013483973088840315,0.02020675,0.05
2024-12-01,0.024247,0.006,0.018917503545043193,0.010838147079163992,0.013483311284463752,0.02020675,0.05
2025-01-01,0.0240176,0.016,0.018917306234355606,0.01083929925296857,0.013482653312096355,0.0217485,0.05
2025-02-01,0.0240176,0.016,0.016971310221403822,0.0172111012194293,0.01608638570161802,0.0217485,0.05
2025-03-01,0.0240176,0.016,0.016970477191664755,0.017214937506572332,0.01608675967956075,0.0217485,0.05
2025-04-01,0.021,0.025,0.016969649039263957,0.017218748181724475,0.01608713151703613,0.0134535,0.05
2025-05-01,0.021,0.025,0.023904627992956076,0.018483673385841184,0.015210836203930623,0.0134535,0.05
2025-06-01,0.021,0.025,0.02390611815733541,0.01848812180651579,0.015210862422437719,0.0134535,0.05
2025-07-01,0.032,0.025,0.02390759929542511,0.018492539416711563,0.015210888492396114,0.01450175,0.05
2025-08-01,0.032,0.025,0.013518931080515162,0.010418039857993671,0.013702441269096161,0.01450175,0.05
2025-09-01,0.032,0.025,0.013516830683183823,0.010418950893332285,0.013701883453623904,0.01450175,0.05
2025-10-01,0.038,0.025,0.013514743352983073,0.01041985689652252,0.01370132878300382,0.01563225,0.05
