Date,GB,CH,JP,AU,EU,US
2025-10-01,0.038,0.0001,0.03,0.038,0.020789,0.0288
2025-09-01,0.040999999999999995,0.002,0.028999999999999998,0.032,0.022123900000000002,0.0279
2025-08-01,0.040999999999999995,0.002,0.027000000000000003,0.032,0.020288900000000002,0.0279
2025-07-01,0.042,0.002,0.031,0.032,0.0200791,0.0279
2025-06-01,0.040999999999999995,0.001,0.033,0.021,0.019676,0.0317
2025-05-01,0.04,-0.001,0.035,0.021,0.018767799999999998,0.0317
2025-04-01,0.040999999999999995,0.0003426,0.036000000000000004,0.021,0.0215062,0.0317
2025-03-01,0.034194499999999996,0.0034232,0.036000000000000004,0.0240176,0.02155,0.0279
2025-02-01,0.0366972,0.0032482,0.037000000000000005,0.0240176,0.02308,0.0279
2025-01-01,0.0392308,0.0040153,0.04,0.0240176,0.025004,0.0279
2024-12-01,0.035249,0.0062643,0.036000000000000004,0.024247,0.024270299999999998,0.023
2024-11-01,0.0353846,0.0073076,0.028999999999999998,0.024247,0.0222904,0.023
2024-10-01,0.03149,0.0062297,0.023,0.024247,0.0199181,0.023
2024-09-01,0.026133700000000003,0.0084302,0.025,0.028085399999999996,0.017363299999999998,0.024
2024-08-01,0.030911900000000003,0.0106037,0.03,0.028085399999999996,0.0215323,0.024
2024-07-01,0.030232600000000002,0.0129059,0.027999999999999997,0.028085399999999996,0.025786600000000003,0.024
2024-06-01,0.0278207,0.013280700000000001,0.027999999999999997,0.0381445,0.025111400000000002,0.0278
2024-05-01,0.027885399999999998,0.0139004,0.027999999999999997,0.0381445,0.0254994,0.0278
2024-04-01,0.0303975,0.013678300000000001,0.025,0.0381445,0.0235562,0.0278
2024-03-01,0.0378549,0.0104495,0.027000000000000003,0.0361986,0.0241131,0.024399999999999998
2024-02-01,0.0380952,0.0116844,0.027999999999999997,0.0361986,0.0256516,0.024399999999999998
2024-01-01,0.0416667,0.012786800000000001,0.022000000000000002,0.0361986,0.027521399999999998,0.024399999999999998
2023-12-01,0.0415004,0.0171498,0.026000000000000002,0.0405197,0.0290408,0.0279
2023-11-01,0.0416667,0.0144363,0.027999999999999997,0.0405197,0.023728799999999998,0.0279
2023-10-01,0.047465799999999995,0.016933800000000002,0.033,0.0405197,0.0287532,0.0279
2023-09-01,0.0637776,0.016547,0.03,0.0537386,0.0430991,0.0279
2023-08-01,0.062397400000000006,0.0155429,0.032,0.0537386,0.052184999999999995,0.0279
2023-07-01,0.06435640000000001,0.0160517,0.033,0.0537386,0.052757399999999996,0.0279
2023-06-01,0.0738589,0.017108699999999998,0.033,0.0602698,0.055038000000000004,0.030899999999999997
2023-05-01,0.0785297,0.021587000000000002,0.032,0.0602698,0.0609115,0.030899999999999997
2023-04-01,0.07815129999999999,0.025653600000000002,0.035,0.0602698,0.0694987,0.030899999999999997
2023-03-01,0.088412,0.029453,0.032,0.0702182,0.068845,0.031400000000000004
2023-02-01,0.0918544,0.033718,0.033,0.0702182,0.0850188,0.031400000000000004
2023-01-01,0.0890052,0.032825,0.043,0.0702182,0.0864499,0.031400000000000004
2022-12-01,0.092415,0.0284027,0.04,0.0783187,0.09196339999999999,0.0412
2022-11-01,0.0937774,0.0296027,0.038,0.0783187,0.10054600000000001,0.0412
2022-10-01,0.09611990000000001,0.0299597,0.037000000000000005,0.0783187,0.106206,0.0412
2022-09-01,0.0880783,0.0325246,0.03,0.0726811,0.0992718,0.0449
2022-08-01,0.0865299,0.034521,0.03,0.0726811,0.0914058,0.0449
2022-07-01,0.08797129999999999,0.0343343,0.026000000000000002,0.0726811,0.08866170000000001,0.0449
2022-06-01,0.08168760000000001,0.0338493,0.024,0.0614482,0.0864438,0.0462
2022-05-01,0.0783784,0.0294252,0.025,0.0614482,0.080525,0.0462
2022-04-01,0.0778986,0.025479599999999998,0.025,0.0614482,0.0743887,0.0462
2022-03-01,0.0619872,0.0238612,0.012,0.050890399999999995,0.0744391,0.037000000000000005
2022-02-01,0.0548446,0.021508799999999998,0.009000000000000001,0.050890399999999995,0.0587455,0.037000000000000005
2022-01-01,0.048490399999999996,0.016488199999999998,0.005,0.050890399999999995,0.0510824,0.037000000000000005
2021-12-01,0.048446100000000006,0.0153111,0.008,0.0349824,0.0496434,0.0317
2021-11-01,0.0458295,0.0153277,0.006,0.0349824,0.0486641,0.0317
2021-10-01,0.0384615,0.0124186,0.001,0.0349824,0.0405136,0.0317
2021-09-01,0.029304,0.009423899999999999,0.002,0.0301212,0.0336319,0.0308
2021-08-01,0.0303309,0.0088167,-0.004,0.0301212,0.029557600000000003,0.0308
2021-07-01,0.0201465,0.0067884,-0.003,0.0301212,0.0216483,0.0308
2021-06-01,0.0238971,0.0060451,-0.005,0.0384618,0.0190179,0.026099999999999998
2021-05-01,0.0220994,0.0055092,-0.008,0.0384618,0.0198424,0.026099999999999998
2021-04-01,0.0165746,0.0032787,-0.011000000000000001,0.0384618,0.016219300000000002,0.026099999999999998
2021-03-01,0.010128900000000001,-0.0024513,-0.004,0.011149800000000001,0.0133168,0.0223
2021-02-01,0.007366500000000001,-0.0050411,-0.005,0.011149800000000001,0.0093726,0.0223
2021-01-01,0.0092336,-0.005444,-0.006999999999999999,0.011149800000000001,0.0091022,0.0223
2020-12-01,0.0082949,-0.0081385,-0.0119404,0.008606599999999999,-0.0026558,0.0203
2020-11-01,0.00553,-0.0068473,-0.0099505,0.008606599999999999,-0.0028544000000000004,0.0203
2020-10-01,0.0083102,-0.0057024,-0.0059757000000000005,0.008606599999999999,-0.0027504,0.0203
2020-09-01,0.0073801000000000005,-0.0079994,-0.0019979,0.0069317,-0.0031341999999999997,0.0183
2020-08-01,0.0046168,-0.0086625,0.0009999,0.0069317,-0.0017133,0.0183
2020-07-01,0.0111111,-0.0091994,0.0020039000000000003,0.0069317,0.0039081,0.0183
2020-06-01,0.0083411,-0.0127475,0.0010019,-0.0034844000000000003,0.0026563,0.0070999999999999995
2020-05-01,0.0064875,-0.0132453,0.0009999,-0.0034844000000000003,0.0008552,0.0070999999999999995
2020-04-01,0.0092937,-0.010629699999999999,0.0019999,-0.0034844000000000003,0.0031398999999999997,0.0070999999999999995
2020-03-01,0.014953300000000001,-0.0051521,0.0060176,0.0219106,0.0074748,0.021099999999999997
2020-02-01,0.016853899999999998,-0.0006216,0.0060176,0.0219106,0.012197499999999998,0.021099999999999997
2020-01-01,0.0178571,0.002023,0.0080235,0.0219106,0.013596200000000001,0.021099999999999997
2019-12-01,0.013071900000000001,0.0015579,0.0080235,0.0184048,0.0132629,0.0206
2019-11-01,0.0149673,-0.0013117,0.0049997,0.0184048,0.0096061,0.0206
2019-10-01,0.0149953,-0.0025319,0.0019959,0.0184048,0.0072602,0.0206
2019-09-01,0.0168856,0.0014835,0.0020019,0.0167404,0.0083317,0.0199
2019-08-01,0.0169014,0.0031793,0.0020039000000000003,0.0167404,0.0100952,0.0199
2019-07-01,0.01983,0.0031185,0.006049,0.0167404,0.010206999999999999,0.0199
2019-06-01,0.018885700000000002,0.0060019,0.006049,0.015929199999999998,0.0126813,0.0219
2019-05-01,0.018885700000000002,0.0063422,0.0070498,0.015929199999999998,0.012215100000000001,0.0219
2019-04-01,0.0199052,0.0070809,0.0090821,0.015929199999999998,0.017228,0.0219
2019-03-01,0.018078,0.0072911,0.005041,0.013320700000000001,0.013992800000000001,0.019799999999999998
2019-02-01,0.0181125,0.0057859,0.0020109,0.013320700000000001,0.0149342,0.019799999999999998
2019-01-01,0.018181799999999998,0.005601500000000001,0.0020109,0.013320700000000001,0.013883399999999999,0.019799999999999998
2018-12-01,0.02,0.0069153,0.0030188999999999997,0.0178408,0.015221,0.0235
2018-11-01,0.0210124,0.009219699999999999,0.0090821,0.0178408,0.0191893,0.0235
2018-10-01,0.0220307,0.0110662,0.01417,0.0178408,0.022865000000000003,0.0235
2018-09-01,0.0220518,0.0098949,0.011133800000000001,0.0188509,0.0208231,0.0226
2018-08-01,0.024038499999999997,0.011811499999999999,0.013198000000000001,0.0188509,0.0208068,0.0226
2018-07-01,0.023188399999999998,0.0123029,0.009155,0.0188509,0.0219445,0.0226
2018-06-01,0.023188399999999998,0.0114663,0.0071061,0.0207763,0.0196904,0.0217
2018-05-01,0.023188399999999998,0.009992299999999999,0.0070989,0.0207763,0.0195136,0.0217
2018-04-01,0.022286800000000002,0.0080316,0.0060909,0.0207763,0.0122465,0.0217
2018-03-01,0.023369,0.0079538,0.0112129,0.0190054,0.013991499999999999,0.0231
2018-02-01,0.024414099999999998,0.0062808,0.014270799999999998,0.0190054,0.0111266,0.0231
2018-01-01,0.0265226,0.007401799999999999,0.0132379,0.0190054,0.0129663,0.0231
2017-12-01,0.027397300000000003,0.0083865,0.0101619,0.0190908,0.013448,0.021400000000000002
2017-11-01,0.0284872,0.0078703,0.0050706,0.0190908,0.015308200000000001,0.021400000000000002
2017-10-01,0.0275591,0.0066097,0.0020283000000000002,0.0190908,0.013668800000000002,0.021400000000000002
2017-09-01,0.0275862,0.006520000000000001,0.0081633,0.0182821,0.0155878,0.0207
2017-08-01,0.027667999999999998,0.0046267,0.006129,0.0182821,0.015447500000000001,0.0207
2017-07-01,0.025768100000000002,0.0032925,0.0040862,0.0182821,0.0133626,0.0207
2017-06-01,0.0247525,0.0019722999999999997,0.0040777999999999995,0.0193369,0.0129999,0.0212
2017-05-01,0.026785700000000003,0.0047944,0.0040735,0.0193369,0.013818500000000001,0.0212
2017-04-01,0.0258449,0.004378,0.0040777999999999995,0.0193369,0.0189678,0.0212
2017-03-01,0.022908400000000002,0.0056781,0.0020429,0.0212564,0.0153061,0.023799999999999998
2017-02-01,0.022976999999999997,0.0064601,0.0030675000000000003,0.0212564,0.0195483,0.023799999999999998
2017-01-01,0.019018999999999998,0.0034892,0.005117699999999999,0.0212564,0.0172484,0.023799999999999998
2016-12-01,0.017928299999999998,-6.75e-05,0.0030585,0.014760599999999999,0.0109967,0.022000000000000002
2016-11-01,0.014955099999999999,-0.003382,0.0050971,0.014760599999999999,0.0058994,0.022000000000000002
2016-10-01,0.012961100000000001,-0.0021279000000000003,0.0010152,0.014760599999999999,0.0050772,0.022000000000000002
2016-09-01,0.012974099999999999,-0.0018153,-0.0050764,0.0129629,0.0039872,0.0215
2016-08-01,0.008973100000000001,-0.0014309,-0.0050815999999999995,0.0129629,0.0021974,0.0215
2016-07-01,0.009000000000000001,-0.002029,-0.0040696,0.0129629,0.0016981,0.0215
2016-06-01,0.008991,-0.0037407,-0.0030492,0.0102329,0.0004963999999999999,0.02
2016-05-01,0.006993,-0.0043997,-0.005066,0.0102329,-0.0011915,0.02
2016-04-01,0.007007,-0.0035199000000000003,-0.0030492,0.0102329,-0.0025889,0.02
2016-03-01,0.0080321,-0.0086071,0.0,0.0131088,-0.0004,0.0155
2016-02-01,0.0060302,-0.0082852,0.0020491,0.0131088,-0.001214,0.0155
2016-01-01,0.0070565,-0.0126665,-0.0010224,0.0131088,0.0032573000000000003,0.0155
2015-12-01,0.005004999999999999,-0.013083299999999999,0.0020429,0.016885300000000002,0.0025055,0.0172
2015-11-01,0.004004,-0.013924700000000002,0.0020429,0.016885300000000002,0.0013016,0.0172
2015-10-01,0.001998,-0.0135985,0.0030553000000000004,0.016885300000000002,0.0038977,0.0172
2015-09-01,0.002,-0.0144358,0.0,0.0150373,0.0019976,0.0199
2015-08-01,0.004004,-0.014025300000000001,0.0010172,0.0150373,0.004414100000000001,0.0199
2015-07-01,0.0040161,-0.0127602,0.0020391999999999997,0.0150373,0.0054233,0.0199
2015-06-01,0.003006,-0.0103737,0.004082,0.015108600000000002,0.004989,0.0192
2015-05-01,0.0050200999999999996,-0.011819,0.006116399999999999,0.015108600000000002,0.005993399999999999,0.0192
2015-04-01,0.0030120000000000004,-0.0112258,0.0071651,0.015108600000000002,0.0020954,0.0192
2015-03-01,0.0030211,-0.0087469,0.022988599999999998,0.013282700000000001,-0.0006995,0.0102
2015-02-01,0.0040363,-0.0083959,0.0219896,0.013282700000000001,-0.0029252,0.0102
2015-01-01,0.0050659,-0.004853199999999999,0.024083800000000002,0.013282700000000001,-0.0060704,0.0102
2014-12-01,0.0070565,-0.0032840000000000005,0.0240585,0.0171756,-0.0017009,0.0168
2014-11-01,0.011133599999999999,-0.0005866,0.025131,0.0171756,0.0028112,0.0168
2014-10-01,0.0131579,-0.0001274,0.0282723,0.0171756,0.0038122,0.0168
2014-09-01,0.013171200000000001,-0.0008763,0.0324951,0.0230769,0.0032064,0.0212
2014-08-01,0.0152439,0.0007176000000000001,0.033649200000000004,0.0230769,0.0036246,0.0212
2014-07-01,0.0163265,0.0003195,0.0348101,0.0230769,0.0037297999999999997,0.0212
2014-06-01,0.0183673,0.0004957000000000001,0.0359409,0.030155599999999998,0.0049133,0.019299999999999998
2014-05-01,0.0142566,0.0022088,0.0369979,0.030155599999999998,0.0048178,0.019299999999999998
2014-04-01,0.0163265,0.00038019999999999997,0.0338625,0.030155599999999998,0.0070338,0.019299999999999998
2014-03-01,0.015337400000000001,2.77e-05,0.0159235,0.0292969,0.004618,0.0181
2014-02-01,0.0164103,-0.0014108999999999999,0.0159574,0.0292969,0.0070086,0.0181
2014-01-01,0.0175258,0.0005452,0.013800300000000001,0.0292969,0.007645999999999999,0.0181
2013-12-01,0.0195272,0.0006705,0.0159405,0.027451,0.0084754,0.018600000000000002
2013-11-01,0.0185567,0.0007976,0.0148777,0.027451,0.008505500000000001,0.018600000000000002
2013-10-01,0.0206612,-0.0025523,0.0116525,0.027451,0.0072757,0.018600000000000002
2013-09-01,0.0238589,-0.0005543,0.0105932,0.021611099999999998,0.010837600000000001,0.0184
2013-08-01,0.023933399999999997,-0.0004462,0.0084836,0.021611099999999998,0.0132626,0.0184
2013-07-01,0.0240334,-2.77e-05,0.007438900000000001,0.021611099999999998,0.0159771,0.0184
2013-06-01,0.0251046,-0.0012786,0.0021186,0.0239044,0.0160978,0.019
2013-05-01,0.0239833,-0.0050744,-0.0031612000000000003,0.0239044,0.0142523,0.019
2013-04-01,0.0218978,-0.006344300000000001,-0.0073528000000000005,0.0239044,0.0117934,0.019
2013-03-01,0.0251572,-0.0059356,-0.0094637,0.025025,0.0173629,0.0203
2013-02-01,0.024159700000000003,-0.0025617,-0.0073918,0.025025,0.0185185,0.0203
2013-01-01,0.024287200000000002,-0.0026977,-0.0031746,0.025025,0.0198586,0.0203
2012-12-01,0.024210500000000003,-0.0043438,-0.0021208,0.022044,0.022174100000000002,0.022000000000000002
2012-11-01,0.024287200000000002,-0.0037532,-0.0010616,0.022044,0.021937099999999998,0.022000000000000002
2012-10-01,0.024338600000000002,-0.0022213,-0.0042194,0.022044,0.0249612,0.022000000000000002
2012-09-01,0.0201058,-0.0041145,-0.0031679,0.02004,0.0260861,0.019299999999999998
2012-08-01,0.023429199999999997,-0.0045304,-0.0042239,0.02004,0.026172499999999998,0.019299999999999998
2012-07-01,0.0235294,-0.007141,-0.0052854,0.02004,0.0241242,0.019299999999999998
2012-06-01,0.022459899999999998,-0.0105378,-0.0021141,0.012096800000000001,0.023568699999999998,0.0217
2012-05-01,0.0256684,-0.0101363,0.0021119,0.012096800000000001,0.024296099999999998,0.0217
2012-04-01,0.0278671,-0.009895000000000001,0.0052798,0.012096800000000001,0.025758700000000002,0.0217
2012-03-01,0.030237599999999996,-0.0095431,0.005285499999999999,0.0162768,0.0268485,0.020499999999999997
2012-02-01,0.0314193,-0.0088348,0.0031780000000000003,0.0162768,0.0274235,0.020499999999999997
2012-01-01,0.0315904,-0.0078945,0.0010594,0.0162768,0.026577000000000003,0.020499999999999997
2011-12-01,0.0359869,-0.0071472,-0.0021165,0.029927899999999997,0.027554,0.0199
2011-11-01,0.0418042,-0.005257500000000001,-0.0052798,0.029927899999999997,0.030387,0.0199
2011-10-01,0.0430464,-0.0011251,-0.0021052,0.029927899999999997,0.030306299999999998,0.0199
2011-09-01,0.045354,0.0048579,0.0,0.034197000000000005,0.0299722,0.018799999999999997
2011-08-01,0.0387168,0.0019222,0.0021164,0.034197000000000005,0.0256631,0.018799999999999997
2011-07-01,0.0388889,0.004719999999999999,0.0021186,0.034197000000000005,0.0257127,0.018799999999999997
2011-06-01,0.0365854,0.0056434,-0.0031612000000000003,0.0354906,0.0272094,0.024900000000000002
2011-05-01,0.0377358,0.00369,-0.0042061,0.0354906,0.027316600000000003,0.024900000000000002
2011-04-01,0.0378198,0.0025883,-0.0042061,0.0354906,0.0284213,0.024900000000000002
2011-03-01,0.0357942,0.010042800000000001,-0.0052577,0.032563,0.0268146,0.018500000000000003
2011-02-01,0.0370787,0.0051011,-0.0052686,0.032563,0.0242787,0.018500000000000003
2011-01-01,0.0337838,0.0027853,-0.0052686,0.032563,0.0232634,0.018500000000000003
2010-12-01,0.0314961,0.0051963,-0.0031645,0.027571500000000002,0.0222078,0.0163
2010-11-01,0.0259594,0.0024102,-0.0031579,0.027571500000000002,0.0192349,0.0163
2010-10-01,0.0248869,0.0019398000000000002,-0.0021008,0.027571500000000002,0.019473499999999998,0.0163
2010-09-01,0.0237826,0.0028308,-0.0094143,0.0287846,0.0186457,0.0159
2010-08-01,0.0237826,0.0029353,-0.0115063,0.0287846,0.0157051,0.0159
2010-07-01,0.022727300000000002,0.0041849,-0.0094438,0.0287846,0.017181,0.0159
2010-06-01,0.023836499999999997,0.0048628,-0.0073223,0.031216400000000002,0.0147842,0.0174
2010-05-01,0.0250284,0.011068199999999999,-0.0073069,0.031216400000000002,0.0168845,0.0174
2010-04-01,0.027428599999999997,0.013726400000000001,-0.009375,0.031216400000000002,0.016129,0.0174
2010-03-01,0.024055,0.0139979,-0.0083421,0.0291892,0.0155293,0.018000000000000002
2010-02-01,0.020642200000000003,0.0093282,-0.0073223,0.0291892,0.008232699999999999,0.018000000000000002
2010-01-01,0.025404200000000002,0.010236,-0.010427599999999999,0.0291892,0.009148,0.018000000000000002
2009-12-01,0.0206659,0.0028266000000000003,-0.0165975,0.020562800000000003,0.0091833,0.017
2009-11-01,0.0148912,0.0002396,-0.0185951,0.020562800000000003,0.0046948,0.017
2009-10-01,0.012600199999999999,-0.008337299999999999,-0.025588700000000002,0.020562800000000003,-0.0011953,0.017
2009-09-01,0.0091429,-0.0092259,-0.022494800000000002,0.0118662,-0.0031522,0.019
2009-08-01,0.0137773,-0.008099499999999999,-0.022494800000000002,0.0118662,-0.0014158,0.019
2009-07-01,0.0161663,-0.0117774,-0.022564099999999997,0.0118662,-0.006199,0.019
2009-06-01,0.017321,-0.009510300000000001,-0.0174716,0.014192100000000001,-0.0010859,0.0138
2009-05-01,0.0209059,-0.0096113,-0.0103306,0.014192100000000001,0.000654,0.0138
2009-04-01,0.0221963,-0.0033374999999999998,0.0,0.014192100000000001,0.0064714,0.0138
2009-03-01,0.028268599999999998,-0.0042428,-0.0020811,0.024363199999999998,0.0062727,0.0039000000000000003
2009-02-01,0.0307329,0.0023739,-0.0010449,0.024363199999999998,0.0124472,0.0039000000000000003
2009-01-01,0.0297265,0.0013924,0.0,0.024363199999999998,0.0118211,0.0039000000000000003
2008-12-01,0.0307692,0.0070096,0.0041667,0.0370369,0.0165592,0.0055000000000000005
2008-11-01,0.0380499,0.014522600000000002,0.009384700000000001,0.0370369,0.0218677,0.0055000000000000005
2008-10-01,0.0417661,0.0259806,0.0177084,0.0370369,0.0323051,0.0055000000000000005
2008-09-01,0.0479042,0.0292723,0.0208768,0.0498302,0.0370871,0.0327
2008-08-01,0.0443645,0.0292135,0.0208768,0.0498302,0.0390404,0.0327
2008-07-01,0.0421179,0.0307485,0.023085,0.0498302,0.041218399999999995,0.0327
2008-06-01,0.0371257,0.029117099999999996,0.019916100000000003,0.0444698,0.0403299,0.0294
2008-05-01,0.0336134,0.0285547,0.0125523,0.0444698,0.0374307,0.0294
2008-04-01,0.030084200000000002,0.0228395,0.0073452,0.0444698,0.0334391,0.0294
2008-03-01,0.0253623,0.0263088,0.011578999999999999,0.0427252,0.0366188,0.0265
2008-02-01,0.026699,0.0236465,0.0105597,0.0427252,0.0333027,0.0265
2008-01-01,0.024360499999999997,0.0242625,0.007352999999999999,0.0427252,0.0327076,0.0265
2007-12-01,0.0230024,0.0200405,0.0062893,0.0288685,0.031053099999999997,0.0264
2007-11-01,0.0231144,0.0177003,0.006296,0.0288685,0.0309409,0.0264
2007-10-01,0.0219512,0.0126439,0.0020876000000000002,0.0288685,0.0258918,0.0264
2007-09-01,0.019536,0.0074717,-0.0020832999999999997,0.0184544,0.0216515,0.023
2007-08-01,0.019559899999999998,0.0043585,-0.0020832999999999997,0.0184544,0.0177358,0.023
2007-07-01,0.0196319,0.0072036,0.0,0.0184544,0.0179827,0.023
2007-06-01,0.0245399,0.0063085,-0.0020921,0.0209546,0.0192286,0.0286
2007-05-01,0.024600200000000003,0.0048793,0.0,0.0209546,0.018896200000000002,0.0286
2007-04-01,0.0271941,0.0045394,0.0,0.0209546,0.0192952,0.0286
2007-03-01,0.029850699999999997,0.0017287,-0.0010516,0.024852,0.0195394,0.024900000000000002
2007-02-01,0.027431399999999998,-0.0001144,-0.0021074,0.024852,0.0187178,0.024900000000000002
2007-01-01,0.02625,0.0010204,0.0,0.024852,0.0186532,0.024900000000000002
2006-12-01,0.028642599999999997,0.0062097,0.0031546,0.033412899999999995,0.0192712,0.0192
2006-11-01,0.0275,0.0049773000000000005,0.0031579,0.033412899999999995,0.0188679,0.0192
2006-10-01,0.025,0.0025861,0.0041929,0.033412899999999995,0.0161366,0.0192
2006-09-01,0.0250313,0.007939,0.0062893,0.0395682,0.0179367,0.0291
2006-08-01,0.0263488,0.0145214,0.0094637,0.0395682,0.0232147,0.0291
2006-07-01,0.0251572,0.0142466,0.0031579,0.0395682,0.024687,0.0291
2006-06-01,0.026448399999999997,0.015621000000000001,0.0052577,0.0399516,0.0247788,0.026699999999999998
2006-05-01,0.0239295,0.0136191,0.0010473000000000001,0.0399516,0.0251595,0.026699999999999998
2006-04-01,0.022756,0.010591699999999999,-0.0010482,0.0399516,0.024624100000000003,0.026699999999999998
2006-03-01,0.020304600000000003,0.010287999999999999,-0.0020986,0.0292326,0.022111299999999997,0.0235
2006-02-01,0.0216561,0.0138364,-0.0010527,0.0292326,0.0237126,0.0235
2006-01-01,0.0217114,0.012908999999999999,-0.0010493,0.0292326,0.024519199999999998,0.0235
2005-12-01,0.021628500000000002,0.010063599999999999,-0.0041884,0.028220900000000004,0.0226947,0.0277
2005-11-01,0.0217114,0.0095152,-0.010416700000000001,0.028220900000000004,0.023141500000000002,0.0277
2005-10-01,0.0243278,0.0133328,-0.008316,0.028220900000000004,0.0246825,0.0277
2005-09-01,0.0256739,0.0139662,-0.0031347999999999997,0.0309023,0.0259803,0.0254
2005-08-01,0.0231065,0.0096068,-0.0031446,0.0309023,0.021917100000000002,0.0254
2005-07-01,0.023166000000000003,0.0118908,-0.0031479000000000004,0.0309023,0.021476799999999997,0.0254
2005-06-01,0.019255500000000002,0.0068088,-0.005230200000000001,0.024813900000000003,0.020469599999999998,0.026000000000000002
2005-05-01,0.019255500000000002,0.0108174,0.0010481,0.024813900000000003,0.0198771,0.026000000000000002
2005-04-01,0.0193299,0.0141608,0.0010493,0.024813900000000003,0.020908899999999998,0.026000000000000002
2005-03-01,0.0194049,0.014411199999999999,0.0,0.023690799999999998,0.021865899999999997,0.022099999999999998
2005-02-01,0.0168394,0.0141029,-0.0010516,0.023690799999999998,0.0207824,0.022099999999999998
2005-01-01,0.016883099999999998,0.012048099999999999,0.002103,0.023690799999999998,0.0194829,0.022099999999999998
2004-12-01,0.0168176,0.013318700000000001,0.0020986,0.025157099999999998,0.023597,0.0232
2004-11-01,0.015564199999999999,0.015175099999999999,0.0084034,0.025157099999999998,0.0228109,0.0232
2004-10-01,0.012970200000000001,0.012926,0.0052247,0.025157099999999998,0.023923399999999997,0.0232
2004-09-01,0.0116883,0.0086076,0.0,0.022756,0.0215014,0.0248
2004-08-01,0.014322900000000001,0.010011399999999998,-0.0020921,0.022756,0.0239211,0.0248
2004-07-01,0.0143603,0.0086245,-0.0010482,0.022756,0.0234626,0.0248
2004-06-01,0.0156454,0.0111208,0.0,0.0254454,0.0240444,0.0231
2004-05-01,0.014322900000000001,0.0093999,-0.005213799999999999,0.0254454,0.024814799999999998,0.0231
2004-04-01,0.010416700000000001,0.0054581000000000005,-0.0041797,0.0254454,0.0208513,0.0231
2004-03-01,0.0117801,-0.0009702,-0.0010482,0.020356299999999997,0.0171753,0.016
2004-02-01,0.014454700000000001,0.000907,0.0,0.020356299999999997,0.016654199999999997,0.016
2004-01-01,0.014492799999999998,0.0017251,-0.0031446,0.020356299999999997,0.0183429,0.016
2003-12-01,0.013106199999999998,0.0059375999999999995,-0.0041797,0.0244845,0.0202071,0.0213
2003-11-01,0.0131406,0.0051259999999999995,-0.0052247,0.0244845,0.0219326,0.0213
2003-10-01,0.0131406,0.0045367,0.0,0.0244845,0.020789,0.0213
2003-09-01,0.0131579,0.0053049,-0.0020856,0.025940500000000002,0.021717300000000002,0.017
2003-08-01,0.0131926,0.005372200000000001,-0.0031282,0.025940500000000002,0.0206393,0.017
2003-07-01,0.013227500000000001,0.0027042,-0.0020921,0.025940500000000002,0.019770799999999998,0.017
2003-06-01,0.011873400000000001,0.0054798,-0.0041665999999999995,0.026109499999999997,0.0202541,0.0202
2003-05-01,0.0131926,0.0041416,-0.0020811,0.026109499999999997,0.0186117,0.0202
2003-04-01,0.015872999999999998,0.0067189,-0.0010439,0.026109499999999997,0.021038,0.0202
2003-03-01,0.0159574,0.013390299999999999,-0.001047,0.0328515,0.0241711,0.022000000000000002
2003-02-01,0.0146667,0.0094907,-0.0020986,0.0328515,0.0239247,0.022000000000000002
2003-01-01,0.014705900000000001,0.0084667,-0.0041754,0.0328515,0.021542400000000003,0.022000000000000002
2002-12-01,0.0173333,0.008908300000000001,-0.003125,0.0291778,0.0230985,0.022099999999999998
2002-11-01,0.016021399999999998,0.0091545,-0.0041623,0.0291778,0.022817599999999997,0.022099999999999998
2002-10-01,0.016021399999999998,0.012372399999999999,-0.0093167,0.0291778,0.0229311,0.022099999999999998
2002-09-01,0.0133333,0.0049682,-0.0072463,0.0321285,0.021413,0.0219
2002-08-01,0.013368999999999999,0.0047258,-0.0082729,0.0321285,0.0215994,0.0219
2002-07-01,0.0147651,-0.0005158,-0.0082987,0.0321285,0.0201696,0.0219
2002-06-01,0.0106667,0.0032590999999999996,-0.0072389,0.028188,0.018841300000000002,0.0248
2002-05-01,0.012016,0.006479899999999999,-0.0082559,0.028188,0.0207959,0.0248
2002-04-01,0.016129,0.010971900000000001,-0.0103306,0.028188,0.0237297,0.0248
2002-03-01,0.0175913,0.005095,-0.0124096,0.0297699,0.0253017,0.0195
2002-02-01,0.0176391,0.0065446,-0.0154959,0.0297699,0.0250457,0.0195
2002-01-01,0.0176871,0.0052144999999999995,-0.0133882,0.0297699,0.0264294,0.0195
2001-12-01,0.013513500000000001,0.0032523,-0.011328499999999998,0.0314638,0.020977199999999998,0.0194
2001-11-01,0.012162200000000001,0.0028697,-0.0092783,0.0314638,0.020272000000000002,0.0194
2001-10-01,0.0149051,0.0063026,-0.0071941999999999996,0.0314638,0.023066800000000002,0.0194
2001-09-01,0.0162602,0.0067502,-0.0071941999999999996,0.0246913,0.022685499999999997,0.0253
2001-08-01,0.0204638,0.010507800000000001,-0.007187,0.0246913,0.024364499999999997,0.0253
2001-07-01,0.0163711,0.013515699999999999,-0.0072091,0.0246913,0.025965500000000002,0.0253
2001-06-01,0.0190217,0.015804,-0.007187,0.0612536,0.0292876,0.0265
2001-05-01,0.0190476,0.0176567,-0.0071722,0.0612536,0.031241699999999997,0.0265
2001-04-01,0.0150068,0.011665700000000001,-0.0071795,0.0612536,0.0277005,0.0265
2001-03-01,0.0123288,0.0097586,-0.0061665,0.0602583,0.0225554,0.0253
2001-02-01,0.0123626,0.007797699999999999,-0.0030896,0.0602583,0.0207723,0.0253
2001-01-01,0.0123967,0.012954799999999999,-0.0030802,0.0602583,0.020972499999999998,0.0253
2000-12-01,0.0123119,0.014933700000000001,-0.0041026000000000005,0.0578871,0.0256582,0.0278
2000-11-01,0.0150892,0.0191251,-0.00818,0.0578871,0.0253453,0.0278
2000-10-01,0.0137363,0.013322,-0.011179300000000001,0.0578871,0.0245737,0.0278
2000-09-01,0.0137363,0.0143995,-0.009165,0.061135400000000006,0.0245869,0.0279
2000-08-01,0.0096419,0.011247499999999999,-0.005107199999999999,0.061135400000000006,0.0212508,0.0279
2000-07-01,0.0124309,0.0188883,-0.005123,0.061135400000000006,0.0216806,0.0279
2000-06-01,0.0123796,0.0183918,-0.0061224,0.030836899999999997,0.0221143,0.0275
2000-05-01,0.0096154,0.0158053,-0.007121499999999999,0.030836899999999997,0.0186084,0.0275
2000-04-01,0.0096419,0.014024799999999999,-0.0081388,0.030836899999999997,0.0180812,0.0275
2000-03-01,0.0096819,0.0148293,-0.0051125,0.028023600000000003,0.0205823,0.0246
2000-02-01,0.012517400000000001,0.016236900000000002,-0.0061413,0.028023600000000003,0.020241799999999997,0.0246
2000-01-01,0.011142099999999999,0.0158541,-0.0071355,0.028023600000000003,0.019335500000000002,0.0246
1999-12-01,0.0152778,0.016680399999999998,-0.0111564,0.0191741,0.0182338,0.025099999999999997
1999-11-01,0.0153203,0.013043599999999999,-0.0121212,0.0191741,0.0152485,0.025099999999999997
1999-10-01,0.0153417,0.012365999999999999,-0.0070631,0.0191741,0.013887,0.025099999999999997
1999-09-01,0.0153417,0.012173799999999999,-0.0020329,0.0177777,0.0130666,0.023
1999-08-01,0.0168067,0.0094601,0.0030738,0.0177777,0.0117023,0.023
1999-07-01,0.016853899999999998,0.0073495999999999995,-0.0010236000000000002,0.0177777,0.010752699999999999,0.023
1999-06-01,0.0182073,0.0057409,-0.0030523,0.0103857,0.0093916,0.0233
1999-05-01,0.018181799999999998,0.005757600000000001,-0.0040524,0.0103857,0.0099414,0.0233
1999-04-01,0.0196629,0.005937700000000001,-0.0010162,0.0103857,0.0113264,0.0233
1999-03-01,0.0211864,0.0046702,-0.0040733,0.011940200000000002,0.010259899999999999,0.0209
1999-02-01,0.018413600000000002,0.0028802,-0.0010224,0.011940200000000002,0.008356200000000001,0.0209
1999-01-01,0.0198864,0.0007291999999999999,0.0020429,0.011940200000000002,0.0085141,0.0209
1998-12-01,0.0183876,-0.001685,0.006122600000000001,0.01497,0.0083699,0.0219
1998-11-01,0.0169972,-0.0009851999999999999,0.0081466,0.01497,0.0090672,0.0219
1998-10-01,0.015580700000000001,0.0003426,0.0020221,0.01497,0.010455399999999998,0.0219
1998-09-01,0.0170213,0.0006169999999999999,-0.0020283000000000002,0.013513500000000001,0.011287,0.0235
1998-08-01,0.0156472,0.0013955999999999999,-0.0030643,0.013513500000000001,0.0125379,0.0235
1998-07-01,0.017142900000000003,0.0007515,-0.0010224,0.013513500000000001,0.0139387,0.0235
1998-06-01,0.0185449,0.0010091,0.0010188,0.007474,0.0146389,0.022000000000000002
1998-05-01,0.021428600000000003,0.0008240999999999999,0.0050918,0.007474,0.0145068,0.022000000000000002
1998-04-01,0.021520800000000003,-0.000226,0.004082,0.007474,0.0152397,0.022000000000000002
1998-03-01,0.0201729,0.0003305,0.021852299999999998,-0.0014903,0.0124654,0.0213
1998-02-01,0.018758999999999998,-0.0003706,0.01875,-0.0014903,0.012342299999999999,0.0213
1998-01-01,0.017341,0.0001537,0.0176715,-0.0014903,0.0120917,0.0213
1997-12-01,0.018732,0.0038635,0.0176533,-0.0029852,0.0160323,0.0258
1997-11-01,0.0202312,0.0041687,0.020790000000000003,-0.0029852,0.017615000000000002,0.0258
1997-10-01,0.0217077,0.0026177,0.0248705,-0.0029852,0.0163591,0.0258
1997-09-01,0.021739099999999997,0.0041413,0.023884,-0.0044842,0.0169373,0.0268
1997-08-01,0.0232897,0.0047459,0.020855000000000002,-0.0044842,0.0183808,0.0268
1997-07-01,0.0248902,0.0051299,0.01875,-0.0044842,0.0161268,0.0268
1997-06-01,0.0203785,0.0048167,0.021852299999999998,0.0029984,0.015140899999999999,0.0285
1997-05-01,0.0204082,0.0057668,0.0186722,0.0029984,0.014862599999999998,0.0285
1997-04-01,0.0204978,0.005222,0.018711,0.0029984,0.014619100000000001,0.0285
1997-03-01,0.0220913,0.0052281,0.0052301,0.0135952,0.0167582,0.030299999999999997
1997-02-01,0.0236337,0.0084537,0.0062893,0.0135952,0.0197992,0.030299999999999997
1997-01-01,0.0267062,0.008301,0.0062761,0.0135952,0.022017000000000002,0.030299999999999997
1996-12-01,0.0281481,0.0078139,0.006269599999999999,0.0151515,,0.030299999999999997
1996-11-01,0.0312966,0.0072963,0.0052247,0.0151515,,0.030299999999999997
1996-10-01,0.0298063,0.0084008,0.005208399999999999,0.0151515,,0.030299999999999997
1996-09-01,0.026785700000000003,0.0057039,0.0,0.0213741,,0.029300000000000003
1996-08-01,0.0269058,0.0059785,0.0020899,0.0213741,,0.029300000000000003
1996-07-01,0.0255255,0.006563,0.004184,0.0213741,,0.029300000000000003
1996-06-01,0.028443100000000002,0.0072928,0.0,0.030911900000000003,,0.0298
1996-05-01,0.028485800000000002,0.007326200000000001,0.002079,0.030911900000000003,,0.0298
1996-04-01,0.0286145,0.0091138,0.0020834,0.030911900000000003,,0.0298
1996-03-01,0.028787899999999998,0.0089846,-0.0010449,0.0376176,,0.0275
1996-02-01,0.0304414,0.0078245,-0.0041754,0.0376176,,0.0275
1996-01-01,0.0290076,0.0151837,-0.0052029,0.0376176,,0.0275
1995-12-01,0.030534400000000003,0.0194806,-0.0041623,0.0509555,,0.0285
1995-11-01,0.0291411,0.0190267,-0.0062305,0.0509555,,0.0285
1995-10-01,0.030722,0.0197136,-0.0062112,0.0509555,,0.0285
1995-09-01,0.030674800000000002,0.0199802,0.0010394,0.0513643,,0.0318
1995-08-01,0.0276498,0.0195199,-0.0020856,0.0513643,,0.0318
1995-07-01,0.0293663,0.0202904,0.0020965,0.0513643,,0.0318
1995-06-01,0.0261137,0.0208026,0.0020855,0.045234300000000005,,0.0348
1995-05-01,0.024577599999999998,0.020384899999999997,-0.0010383,0.045234300000000005,,0.0348
1995-04-01,0.023112499999999998,0.015965,-0.0020791,0.045234300000000005,,0.0348
1995-03-01,0.0248447,0.0156407,-0.003125,0.0373984,,0.0331
1995-02-01,0.0233645,0.015033600000000001,0.0031414999999999998,0.0373984,,0.0331
1995-01-01,0.0234375,0.0101491,0.0062828,0.0373984,,0.0331
1994-12-01,0.0234375,0.0042011,0.0073375,0.026143700000000002,,0.0336
1994-11-01,0.0219436,0.0056247,0.0094339,0.026143700000000002,,0.0336
1994-10-01,0.0171875,0.0043416,0.0072992000000000005,0.026143700000000002,,0.0336
1994-09-01,0.01875,0.0059182,0.0020834,0.01964,,0.033
1994-08-01,0.021978,0.0048947,0.0,0.01964,,0.033
1994-07-01,0.020504699999999997,0.0058993,-0.0020921,0.01964,,0.033
1994-06-01,0.023584900000000002,0.0054491,0.005241099999999999,0.0180921,,0.0323
1994-05-01,0.023584900000000002,0.003612,0.0094339,0.0180921,,0.0323
1994-04-01,0.0236593,0.0104735,0.0083858,0.0180921,,0.0323
1994-03-01,0.0222222,0.0130156,0.013727499999999998,0.0148515,,0.031
1994-02-01,0.023923399999999997,0.018393800000000002,0.0105819,0.0148515,,0.031
1994-01-01,0.025640999999999997,0.020786199999999998,0.0116525,0.0148515,,0.031
1993-12-01,0.022364199999999997,0.024822999999999998,0.0095238,0.018303,,0.0302
1993-11-01,0.0208,0.0224428,0.0095238,0.018303,,0.0302
1993-10-01,0.024,0.0336708,0.0137422,0.018303,,0.0302
1993-09-01,0.0272873,0.0344011,0.014799199999999998,0.021739,,0.031400000000000004
1993-08-01,0.0257649,0.036256,0.0191286,0.021739,,0.031400000000000004
1993-07-01,0.0225806,0.0338689,0.0191899,0.021739,,0.031400000000000004
1993-06-01,0.022508,0.0313973,0.008456700000000001,0.0184254,,0.033
1993-05-01,0.022508,0.0357599,0.008456700000000001,0.0184254,,0.033
1993-04-01,0.02589,0.0378802,0.008456700000000001,0.0184254,,0.033
1993-03-01,0.0310966,0.0363863,0.011752199999999999,0.0116861,,0.031400000000000004
1993-02-01,0.03125,0.0339085,0.0150376,0.0116861,,0.031400000000000004
1993-01-01,0.031404999999999995,0.0346469,0.012875600000000001,0.0116861,,0.031400000000000004
1992-12-01,0.0313015,0.0342087,0.0117773,0.0033388000000000003,,0.0318
1992-11-01,0.0330579,0.0328639,0.0074628,0.0033388000000000003,,0.0318
1992-10-01,0.0347682,0.0353124,0.0096051,0.0033388000000000003,,0.0318
1992-09-01,0.0366057,0.0347249,0.0204962,0.0084317,,0.0323
1992-08-01,0.0367279,0.0355095,0.0172973,0.0084317,,0.0323
1992-07-01,0.0455312,0.0381816,0.0162513,0.0084317,,0.0323
1992-06-01,0.0453782,0.0416754,0.023809499999999997,0.0118645,,0.034300000000000004
1992-05-01,0.0506757,0.0418143,0.0193965,0.0118645,,0.034300000000000004
1992-04-01,0.0528109,0.0478456,0.024918700000000002,0.0118645,,0.034300000000000004
1992-03-01,0.0626087,0.04868890000000001,0.0196079,0.0169779,,0.032799999999999996
1992-02-01,0.0629371,0.04579710000000001,0.0197153,0.0169779,,0.032799999999999996
1992-01-01,0.0614035,0.048707799999999996,0.017467200000000002,0.0169779,,0.032799999999999996
1991-12-01,0.06491229999999999,0.052267799999999996,0.0263736,0.0152543,,0.034300000000000004
1991-11-01,0.0632689,0.054716100000000004,0.0296376,0.0152543,,0.034300000000000004
1991-10-01,0.0652557,0.0512912,0.027412299999999997,0.0152543,,0.034300000000000004
1991-09-01,0.069395,0.056759899999999995,0.0277162,0.0313044,,0.0362
1991-08-01,0.07540390000000001,0.059728,0.033519600000000004,0.0313044,,0.0362
1991-07-01,0.07427539999999999,0.0655136,0.034753400000000004,0.0313044,,0.0362
1991-06-01,0.0778986,0.06566860000000001,0.033557000000000003,0.033275,,0.0359
1991-05-01,0.0763636,0.06278979999999999,0.0345596,0.033275,,0.0359
1991-04-01,0.0790441,0.0590194,0.0335946,0.033275,,0.0359
1991-03-01,0.0828625,0.058657,0.037288100000000005,0.048042800000000004,,0.0366
1991-02-01,0.0812854,0.062136899999999995,0.0351474,0.048042800000000004,,0.0366
1991-01-01,0.0877863,0.0550938,0.0397276,0.048042800000000004,,0.0366
1990-12-01,0.091954,0.0527615,0.0376282,0.0688406,,0.0535
1990-11-01,0.0921305,0.0605576,0.0399544,0.0688406,,0.0535
1990-10-01,0.0924855,0.0635202,0.0305085,0.0688406,,0.0535
1990-09-01,0.0912621,0.0612599,0.0261661,0.060885600000000005,,0.0483
1990-08-01,0.0900196,0.060834900000000004,0.0275544,0.060885600000000005,,0.0483
1990-07-01,0.0823529,0.053099499999999994,0.0229358,0.060885600000000005,,0.0483
1990-06-01,0.0823529,0.0502522,0.022883300000000002,0.0773586,,0.041299999999999996
1990-05-01,0.0805501,0.0505815,0.0263158,0.0773586,,0.041299999999999996
1990-04-01,0.0772277,0.0462203,0.027618,0.0773586,,0.041299999999999996
1990-03-01,0.062,0.0495672,0.0362998,0.0870406,,0.044500000000000005
1990-02-01,0.0643863,0.048776200000000006,0.0376471,0.0870406,,0.044500000000000005
1990-01-01,0.0585859,0.0506404,0.0328252,0.0870406,,0.044500000000000005
1989-12-01,0.0588235,0.050218299999999993,0.026932200000000003,0.0781249,,0.0415
1989-11-01,0.056795099999999994,0.0444426,0.0221704,0.0781249,,0.0415
1989-10-01,0.059183700000000006,0.0363142,0.0290698,0.0781249,,0.0415
1989-09-01,0.057494899999999995,0.033884500000000005,0.0268691,0.0796812,,0.0458
1989-08-01,0.0536082,0.029673400000000003,0.025913,0.0796812,,0.0458
1989-07-01,0.0580913,0.029846400000000002,0.029516,0.0796812,,0.0458
1989-06-01,0.0580913,0.0297783,0.0306604,0.07505060000000001,,0.0524
1989-05-01,0.0604167,0.029622199999999998,0.0282354,0.07505060000000001,,0.0524
1989-04-01,0.0564854,0.0264125,0.023557199999999997,0.07505060000000001,,0.0524
1989-03-01,0.059322,0.0229881,0.0106508,0.0681819,,0.0483
1989-02-01,0.0574468,0.0226086,0.0095011,0.0681819,,0.0483
1989-01-01,0.055437099999999996,0.022465199999999998,0.0118625,0.0681819,,0.0483
1988-12-01,0.0511727,0.0194869,0.009456299999999999,0.0756304,,0.049
1988-11-01,0.050156099999999995,0.0175718,0.0118064,0.0756304,,0.049
1988-10-01,0.0488375,0.017536700000000002,0.010575600000000001,0.0756304,,0.049
1988-09-01,0.04750600000000001,0.0203931,0.005875399999999999,0.07264960000000001,,0.0495
1988-08-01,0.0462693,0.0177044,0.0071174,0.07264960000000001,,0.0495
1988-07-01,0.0428616,0.0181094,0.004745,0.07264960000000001,,0.0495
1988-06-01,0.041838499999999994,0.0206976,0.0011807,0.0717392,,0.0444
1988-05-01,0.0375155,0.0223649,0.0023584,0.0717392,,0.0444
1988-04-01,0.0342072,0.0191757,0.0023612,0.0717392,,0.0444
1988-03-01,0.0334073,0.0185033,0.0071513,0.0684326,,0.0398
1988-02-01,0.031078199999999997,0.0175705,0.007177,0.0684326,,0.0398
1988-01-01,0.0330001,0.015595000000000001,0.0083731,0.0684326,,0.0398
1987-12-01,0.0371487,0.0188701,0.0083432,0.0720719,,0.043
1987-11-01,0.041289,0.020977000000000003,0.0071343,0.0720719,,0.043
1987-10-01,0.044670100000000004,0.0197928,0.0071007,0.0720719,,0.043
1987-09-01,0.041708999999999996,0.0155633,0.008294000000000001,0.08333320000000001,,0.0435
1987-08-01,0.043967400000000004,0.019754400000000002,0.0035714,0.08333320000000001,,0.0435
1987-07-01,0.044102699999999995,0.017763,0.0011876,0.08333320000000001,,0.0435
1987-06-01,0.0419223,0.012695099999999999,0.0035545,0.0926366,,0.0431
1987-05-01,0.0419223,0.0092702,0.0,0.0926366,,0.0431
1987-04-01,0.0419654,0.0118002,0.0011821,0.0926366,,0.0431
1987-03-01,0.040331,0.0099854,-0.0047449,0.09420289999999999,,0.0373
1987-02-01,0.0393376,0.0098198,-0.0094786,0.09420289999999999,,0.0373
1987-01-01,0.0395009,0.006617,-0.0106508,0.09420289999999999,,0.0373
1986-12-01,0.0374999,0.00040050000000000003,-0.0035629,0.0962963,,0.0341
1986-11-01,0.0354536,-0.0009768,0.0,0.0962963,,0.0341
1986-10-01,0.0303347,0.0036054999999999998,-0.0035376999999999995,0.0962963,,0.0341
1986-09-01,0.0303983,0.0058574000000000005,0.0047619,0.0881614,,0.033
1986-08-01,0.0240835,0.007207099999999999,0.0011918,0.0881614,,0.033
1986-07-01,0.024159700000000003,0.005052,0.0011891,0.0881614,,0.033
1986-06-01,0.0251572,0.0076657,0.0059594,0.0850516,,0.022799999999999997
1986-05-01,0.0273108,0.007370600000000001,0.010727,0.0850516,,0.022799999999999997
1986-04-01,0.030590700000000002,0.0097484,0.0095465,0.0850516,,0.022799999999999997
1986-03-01,0.0420257,0.0090694,0.013221199999999999,0.0923485,,0.0339
1986-02-01,0.0511425,0.0134325,0.0180941,0.0923485,,0.0339
1986-01-01,0.054824599999999994,0.0219514,0.0156251,0.0923485,,0.0339
1985-12-01,0.0564487,0.0323813,0.0144579,0.0828879,,0.036000000000000004
1985-11-01,0.054465700000000006,0.0314118,0.0157005,0.0828879,,0.036000000000000004
1985-10-01,0.054399499999999996,0.029515600000000003,0.0192309,0.0828879,,0.036000000000000004
1985-09-01,0.0587052,0.0334545,0.015719399999999998,0.0758808,,0.04
1985-08-01,0.0619062,0.0296492,0.0307126,0.0758808,,0.04
1985-07-01,0.0685085,0.0335254,0.024360499999999997,0.0758808,,0.04
1985-06-01,0.0695361,0.0339045,0.02442,0.06593410000000001,,0.0424
1985-05-01,0.0700305,0.037744,0.0169697,0.06593410000000001,,0.0424
1985-04-01,0.0694957,0.0363074,0.023199,0.06593410000000001,,0.0424
1985-03-01,0.060887500000000004,0.0390996,0.0183598,0.044077000000000005,,0.0379
1985-02-01,0.0539581,0.0400715,0.0159312,0.044077000000000005,,0.0379
1985-01-01,0.050204500000000006,0.0353799,0.025893899999999997,0.044077000000000005,,0.0379
1984-12-01,0.045799200000000005,0.0290393,0.0272277,0.0246576,,0.0425
1984-11-01,0.049429600000000004,0.029944199999999997,0.0209618,0.0246576,,0.0425
1984-10-01,0.0498973,0.031087899999999998,0.0208589,0.0246576,,0.0425
1984-09-01,0.047128199999999995,0.027061500000000002,0.0235148,0.0365166,,0.0455
1984-08-01,0.0497041,0.0289644,0.0187734,0.0365166,,0.0455
1984-07-01,0.044576399999999995,0.0280872,0.0249688,0.0365166,,0.0455
1984-06-01,0.051389199999999996,0.0279026,0.0186568,0.04,,0.0499
1984-05-01,0.051212999999999995,0.0288382,0.0197776,0.04,,0.0499
1984-04-01,0.0517292,0.0318642,0.0224719,0.04,,0.0499
1984-03-01,0.0524552,0.033568600000000004,0.025094099999999998,0.058309,,0.045599999999999995
1984-02-01,0.0510237,0.028850400000000002,0.0290039,0.058309,,0.045599999999999995
1984-01-01,0.0512426,0.026566299999999998,0.0188443,0.058309,,0.045599999999999995
1983-12-01,0.0531489,0.0213638,0.0163523,0.0863092,,0.050300000000000004
1983-11-01,0.0484514,0.0175218,0.0188443,0.0863092,,0.050300000000000004
1983-10-01,0.0499229,0.0143632,0.014943900000000001,0.0863092,,0.050300000000000004
1983-09-01,0.0514092,0.0143839,0.0087391,0.09202479999999999,,0.0454
1983-08-01,0.0461158,0.0172204,0.012674399999999999,0.09202479999999999,,0.0454
1983-07-01,0.041795900000000004,0.0219085,0.0229885,0.09202479999999999,,0.0454
1983-06-01,0.036544,0.028074699999999998,0.0203045,0.111111,,0.045
1983-05-01,0.0369565,0.0331206,0.026649600000000002,0.111111,,0.045
1983-04-01,0.0400377,0.0451536,0.0203821,0.111111,,0.045
1983-03-01,0.046266600000000005,0.048024399999999995,0.023106599999999998,0.11363630000000001,,0.04
1983-02-01,0.0534276,0.0477738,0.0192803,0.11363630000000001,,0.04
1983-01-01,0.049259500000000005,0.0480919,0.0218228,0.11363630000000001,,0.04
1982-12-01,0.054080500000000004,0.0549961,0.0205391,0.1125827,,0.05
1982-11-01,0.0625611,0.0583895,0.0231363,0.1125827,,0.05
1982-10-01,0.0684887,0.0612794,0.0308087,0.1125827,,0.05
1982-09-01,0.0727572,0.0551253,0.0322165,0.12413779999999999,,0.0635
1982-08-01,0.0795188,0.051771399999999995,0.031372399999999995,0.12413779999999999,,0.0635
1982-07-01,0.0871759,0.060345300000000004,0.0195312,0.12413779999999999,,0.0635
1982-06-01,0.0916159,0.0615266,0.0233767,0.10915480000000001,,0.053899999999999997
1982-05-01,0.0948657,0.0593341,0.024707499999999997,0.10915480000000001,,0.053899999999999997
1982-04-01,0.09411339999999999,0.055448399999999995,0.0301838,0.10915480000000001,,0.053899999999999997
1982-03-01,0.10352109999999999,0.04744640000000001,0.0304232,0.1079136,,0.0645
1982-02-01,0.1104359,0.0521671,0.0318301,0.1079136,,0.0645
1982-01-01,0.1200866,0.0607115,0.0317881,0.1079136,,0.0645
1981-12-01,0.1204644,0.0658301,0.0428379,0.11029439999999999,,0.081
1981-11-01,0.1196644,0.0696773,0.0387182,0.11029439999999999,,0.081
1981-10-01,0.1169548,0.07305729999999999,0.0414437,0.11029439999999999,,0.081
1981-09-01,0.1139898,0.0747497,0.040214400000000004,0.0902256,,0.0821
1981-08-01,0.1147115,0.074818,0.042234499999999994,0.0902256,,0.0821
1981-07-01,0.10899609999999998,0.0651827,0.0434783,0.0902256,,0.0821
1981-06-01,0.11328569999999999,0.063593,0.047619100000000004,0.0839697,,
1981-05-01,0.1174011,0.0591577,0.0505464,0.0839697,,
1981-04-01,0.12039899999999999,0.0567478,0.049586899999999996,0.0839697,,
1981-03-01,0.1260905,0.063549,0.0603085,0.0944882,,
1981-02-01,0.1245984,0.059989600000000004,0.0634698,0.0944882,,
1981-01-01,0.1304524,0.05165549999999999,0.0739687,0.0944882,,
1980-12-01,0.1512115,0.0442573,0.0717361,0.0923696,,
1980-11-01,0.1531341,0.0424508,0.08237,0.0923696,,
1980-10-01,0.1540745,0.036937700000000004,0.0762591,0.0923696,,
1980-09-01,0.158662,0.0378502,0.0858807,0.0991736,,
1980-08-01,0.16284099999999999,0.0418383,0.0825958,0.0991736,,
1980-07-01,0.1693584,0.0332235,0.07445249999999999,0.0991736,,
1980-06-01,0.2099269,0.0323657,0.08247410000000001,0.1101693,,
1980-05-01,0.2190832,0.043392099999999996,0.079646,0.1101693,,
1980-04-01,0.2175534,0.040668499999999996,0.0803571,0.1101693,,
1980-03-01,0.197531,0.0388426,0.0737952,0.1043478,,
1980-02-01,0.1910005,0.040969,0.0775074,0.1043478,,
1980-01-01,0.18388069999999998,0.0502852,0.0651515,0.1043478,,
1979-12-01,0.1723798,0.0514762,0.057663,0.1017695,,
1979-11-01,0.1738274,0.0515955,0.0484848,0.1017695,,
1979-10-01,0.1715565,0.049689199999999996,0.043543599999999995,0.1017695,,
1979-09-01,0.16483540000000002,0.048614899999999996,0.033082600000000004,0.0950224,,
1979-08-01,0.1579738,0.0405459,0.030395099999999998,0.0950224,,
1979-07-01,0.1564865,0.0435609,0.0442074,0.0950224,,
1979-06-01,0.1135903,0.0405861,0.038226300000000005,0.0875576,,
1979-05-01,0.10321920000000001,0.0287784,0.0319635,0.0875576,,
1979-04-01,0.1007194,0.0258235,0.0290964,0.0875576,,
1979-03-01,0.0980185,0.0248784,0.027863799999999998,0.07981250000000001,,
1979-02-01,0.09601240000000001,0.020930499999999998,0.0265211,0.07981250000000001,,
1979-01-01,0.0934034,0.0109663,0.0361069,0.07981250000000001,,
1978-12-01,0.0838641,0.0069722,0.0377954,0.0761908,,
1978-11-01,0.0805761,0.006986099999999999,0.0377359,0.0761908,,
1978-10-01,0.0782845,0.0039978999999999995,0.0357698,0.0761908,,
1978-09-01,0.0780827,0.0079946,0.0406887,0.0780492,,
1978-08-01,0.0795885,0.011593,0.046105,0.0780492,,
1978-07-01,0.0778021,0.0105909,0.044585999999999994,0.0780492,,
1978-06-01,0.074074,0.0112023,0.0380952,0.0796018,,
1978-05-01,0.07704989999999999,0.0158352,0.039557,0.0796018,,
1978-04-01,0.0793123,0.0142259,0.043131,0.0796018,,
1978-03-01,0.0910127,0.013406800000000002,0.048701299999999996,0.086735,,
1978-02-01,0.0947732,0.010566899999999999,0.045677,0.086735,,
1978-01-01,0.0991881,0.0102085,0.0459769,0.086735,,
1977-12-01,0.1214288,0.012003600000000001,0.0513245,0.0937496,,
1977-11-01,0.1302778,0.012416799999999999,0.0653267,0.0937496,,
1977-10-01,0.1406723,0.0152561,0.077052,0.0937496,,
1977-09-01,0.1562889,0.0156609,0.0757576,0.1325967,,
1977-08-01,0.1652996,0.0126317,0.0863557,0.1325967,,
1977-07-01,0.1759433,0.0162944,0.077187,0.1325967,,
1977-06-01,0.1769234,0.0175201,0.08808289999999999,0.1355932,,
1977-05-01,0.17074709999999998,0.0127057,0.09342560000000001,0.1355932,,
1977-04-01,0.1745929,0.011468899999999999,0.08680550000000001,0.1355932,,
1977-03-01,0.1673308,0.0102729,0.0941386,0.1329475,,
1977-02-01,0.162216,0.0102719,0.0926917,0.1329475,,
1977-01-01,0.1656524,0.0090196,0.0933573,0.1329475,,
1976-12-01,0.1506845,0.0127389,0.1042047,0.1428571,,
1976-11-01,0.1497917,0.0090756,0.0914076,0.1428571,,
1976-10-01,0.1473687,0.010304800000000001,0.0874315,0.1428571,,
1976-09-01,0.1430604,0.009132,0.09796659999999999,0.1383644,,
1976-08-01,0.1378321,0.015239599999999999,0.0945181,0.1383644,,
1976-07-01,0.1285203,0.0146807,0.09792830000000001,0.1383644,,
1976-06-01,0.1378553,0.0109904,0.0945181,0.1202532,,
1976-05-01,0.1539033,0.0128692,0.0926277,0.1202532,,
1976-04-01,0.18900050000000002,0.022225,0.09505720000000001,0.1202532,,
1976-03-01,0.211585,0.0247495,0.0889747,0.1307188,,
1976-02-01,0.22887619999999997,0.030451100000000002,0.0935673,0.1307188,,
1976-01-01,0.23352820000000002,0.0343031,0.0878907,0.1307188,,
1975-12-01,0.2489309,0.0344783,0.0810277,0.1428577,,
1975-11-01,0.2517362,0.0370439,0.08316839999999999,0.1428577,,
1975-10-01,0.2588336,0.0483841,0.0958086,0.1428577,,
1975-09-01,0.2657657,0.0538045,0.10408160000000001,0.1197187,,
1975-08-01,0.2686703,0.0670559,0.09523799999999999,0.1197187,,
1975-07-01,0.262534,0.0742819,0.1108788,0.1197187,,
1975-06-01,0.2612695,0.07980809999999999,0.1279317,0.1703706,,
1975-05-01,0.2500002,0.0815639,0.135193,0.1703706,,
1975-04-01,0.2167767,0.0924644,0.13362069999999998,0.1703706,,
1975-03-01,0.2115008,0.0831982,0.1412803,0.17692329999999998,,
1975-02-01,0.1986234,0.084216,0.1400001,0.17692329999999998,,
1975-01-01,0.1989995,0.0729071,0.1743117,0.17692329999999998,,
1974-12-01,0.19136199999999998,0.0755187,0.2105262,0.16666640000000002,,
1974-11-01,0.1828355,0.0903458,0.24691369999999999,0.16666640000000002,,
1974-10-01,0.1710772,0.09785579999999999,0.24626840000000003,0.16666640000000002,,
1974-09-01,0.17105630000000002,0.1134183,0.2250001,0.16393429999999998,,
1974-08-01,0.1686814,0.1050327,0.24164539999999998,0.16393429999999998,,
1974-07-01,0.17086559999999998,0.0982028,0.238342,0.16393429999999998,,
1974-06-01,0.16538039999999998,0.09620039999999999,0.2245431,0.14406829999999998,,
1974-05-01,0.1594199,0.0983417,0.21989540000000002,0.14406829999999998,,
1974-04-01,0.1516692,0.08729390000000001,0.23404250000000001,0.14406829999999998,,
1974-03-01,0.1348721,0.0963287,0.22764240000000002,0.1403505,,
1974-02-01,0.1314424,0.10009069999999999,0.2499998,0.1403505,,
1974-01-01,0.11967330000000001,0.11566599999999999,0.2212885,0.1403505,,
1973-12-01,0.1057574,0.1192381,0.18079119999999999,0.1250001,,
1973-11-01,0.1033663,0.10849729999999999,0.1538461,0.1250001,,
1973-10-01,0.09899179999999999,0.0948659,0.1420456,0.1250001,,
1973-09-01,0.09254810000000001,0.0826158,0.142857,0.09909879999999999,,
1973-08-01,0.088822,0.0825758,0.1178161,0.09909879999999999,,
1973-07-01,0.0943973,0.0828744,0.1188406,0.09909879999999999,,
1973-06-01,0.09285299999999999,0.0821183,0.11014499999999999,0.0825679,,
1973-05-01,0.0947113,0.0802356,0.10724629999999999,0.0825679,,
1973-04-01,0.0920885,0.08347210000000001,0.09302339999999999,0.0825679,,
1973-03-01,0.0817216,0.08194190000000001,0.08529400000000001,0.055556299999999996,,
1973-02-01,0.0788485,0.0757514,0.0682495,0.055556299999999996,,
1973-01-01,0.0773585,0.0737382,0.0656718,0.055556299999999996,,
1972-12-01,0.076534,0.0685544,0.056716300000000004,0.0467288,,
1972-11-01,0.07628750000000001,0.0680616,0.0477611,0.0467288,,
1972-10-01,0.0786447,0.07306750000000001,0.0414201,0.0467288,,
1972-09-01,0.07009649999999999,0.0676092,0.0385759,0.0571429,,
1972-08-01,0.0656793,0.0664459,0.0577506,0.0571429,,
1972-07-01,0.0579897,0.06406049999999999,0.0486321,0.0571429,,
1972-06-01,0.0609204,0.0677109,0.0486321,0.0686279,,
1972-05-01,0.0613578,0.0627283,0.051829299999999995,0.0686279,,
1972-04-01,0.063075,0.06339209999999999,0.0519878,0.0686279,,
1972-03-01,0.0758389,0.0634205,0.0526316,0.0693066,,
1972-02-01,0.0811907,0.06721680000000001,0.0465837,0.0693066,,
1972-01-01,0.0816327,0.0666334,0.0403726,0.0693066,,
1971-12-01,0.0903446,0.0662092,0.050156599999999996,0.0699999,,
1971-11-01,0.09236119999999999,0.0656409,0.0567824,0.0699999,,
1971-10-01,0.0937062,0.0656105,0.0662461,0.0699999,,
1971-09-01,0.09893990000000001,0.066827,0.080128,0.0714286,,
1971-08-01,0.1029829,0.06549,0.0716614,0.0714286,,
1971-07-01,0.10149050000000001,0.0675063,0.0681819,0.0714286,,
1971-06-01,0.10293060000000001,0.0658718,0.0681819,0.0515464,,
1971-05-01,0.0982079,0.0697602,0.064935,0.0515464,,
1971-04-01,0.0941768,0.0686653,0.0582522,0.0515464,,
1971-03-01,0.0875912,0.0667894,0.0555555,0.0520833,,
1971-02-01,0.085169,0.062409400000000004,0.0627065,0.0520833,,
1971-01-01,0.08487080000000001,0.057881999999999996,0.0627065,0.0520833,,
1970-12-01,0.0788693,0.0543975,0.0697178,0.0526317,,
1970-11-01,0.0786515,0.0536675,0.0698859,0.0526317,,
1970-10-01,0.0735736,0.0486364,0.0655787,0.0526317,,
1970-09-01,0.0703479,0.0450606,0.053862600000000004,0.0315789,,
1970-08-01,0.0682854,0.039529800000000004,0.0445799,0.0315789,,
1970-07-01,0.0666161,0.0339775,0.0574626,0.0315789,,
1970-06-01,0.05904620000000001,0.031224099999999998,0.0706699,,,
1970-05-01,0.060836499999999995,0.031368299999999995,0.0724558,,,
1970-04-01,0.0561884,0.0259281,0.07683620000000001,,,
1970-03-01,0.0514198,0.024991799999999998,0.077171,,,
1970-02-01,0.0493065,0.021236,0.0775127,,,
1970-01-01,0.049573900000000004,0.0231338,0.0775127,,,
