Date,ret_net,ret_gross,ret_bm,turnover,tcost,ret_rf,w_AU,w_CH,w_EM,w_EU,w_JP,w_UK,w_US
2000-04-30,0.029439543105411078,0.029439543105411078,-0.04189354443008353,0.0,0.0,0.0046,-0.17121488755991077,-0.5858043618917108,0.0,0.03392157589858552,-0.3701412839370114,0.6596707508714652,0.4630077497239933
2000-05-31,-0.028578877033564248,-0.028578877033564248,-0.0240841056576665,0.5897565737861956,0.0,0.005,-0.40169332024544196,-0.6260013447988114,0.0,-0.21030101671108883,0.2048208470249174,0.594804921103903,0.4097910365929574
2000-06-30,-0.02911429120083989,-0.02911429120083989,0.034036034612150434,0.022986519519626603,0.0,0.004,-0.42600144058714695,-0.6284344209191342,0.0,-0.20697066116758564,0.20632118953420167,0.6175280771996482,0.40844296473917685
2000-07-31,0.019057320145674333,0.019057320145674333,-0.028303681231480637,0.03138074256689102,0.0,0.0048,-0.39370171498059076,-0.592383877240746,0.0,-0.19666540883827513,0.1950652345130938,0.6015868751900073,0.4051562115021852
2000-08-31,0.009241564003115467,0.009241564003115467,0.03308973207497812,0.3208021328768509,0.0,0.005,-0.6431910790114826,-0.42379421344133167,0.0,-0.032630466057445184,0.1738955618040142,0.559566478850426,0.3753952818589344
2000-09-30,0.042754704386057135,0.042754704386057135,-0.053066579706538164,0.026211530593962352,0.0,0.0051,-0.6111013928690961,-0.447427955935406,0.0,-0.03391651431863293,0.16767072256982118,0.5917413591422488,0.37578848579712193
2000-10-31,0.03673671196457479,0.03673671196457479,-0.01708632889252326,0.1474926127964921,0.0,0.005600000000000001,-0.5572147479277204,-0.3722560360937859,0.0,-0.18671963394548763,0.19179223742702894,0.5721800126704444,0.3889548798340954
2000-11-30,-0.009226642461702472,-0.009226642461702472,-0.0606601940442153,0.7766088759926677,0.0,0.0051,-0.5887830471326101,-0.19977942339109028,0.0,0.3960629922008975,-0.3788252146718149,0.5692368348725274,0.19286121566038777
2000-12-31,0.025600178697418763,0.025600178697418763,0.01591946220662588,0.021851098759933907,0.0,0.005,-0.613479286792577,-0.20685720576923247,0.0,0.41678122138520285,-0.37099539895171985,0.6069059713373482,0.19324487748839692
2001-01-31,0.006137696625922312,0.006137696625922312,0.019407621548701348,0.18701530862764623,0.0,0.0054,-0.6108999918952019,-0.03206754676709287,0.0,0.3562094375753849,-0.4143243010640592,0.5440101663254123,0.1632099324514787
2001-02-28,0.01845555750246239,0.01845555750246239,-0.08428769373237754,0.9538141129140983,0.0,0.0038,-0.6856515017278788,0.5614382019697114,0.0,0.35336795997889087,-0.07095872117171192,-0.2831675239374437,0.14342714239089513
2001-03-31,0.01567464153819636,0.01567464153819636,-0.0655272686679571,0.27602314714362153,0.0,0.0042,-0.5263804899335621,0.6813783571593658,0.0,0.2705810911231627,-0.1318837872604246,-0.3493115638674566,0.07129103431711138
2001-04-30,-0.029282550785839422,-0.029282550785839422,0.07430005225069602,0.3993142802801915,0.0,0.0039000000000000003,-0.6643555848807446,0.5657566157936438,0.0,0.3695701080824281,0.16865469677732942,-0.4357724950976319,-0.03313589146086451
2001-05-31,-0.006099960429691903,-0.006099960429691903,-0.012220869933740608,0.2283678953893993,0.0,0.0032,-0.6162780642306629,0.5371689409835928,0.0,0.15598136714469815,0.3725221341689596,-0.4226943337744801,-0.03280000472179971
2001-06-30,-0.023034926521205437,-0.023034926521205437,-0.030863021105020816,0.21770496984474053,0.0,0.0028000000000000004,-0.6334114606694176,0.5611747247480766,0.0,-0.033120120696739384,0.34546512493468867,-0.4279440780926731,0.16480088325485895
2001-07-31,0.022635547157808873,0.022635547157808873,-0.013128855292933617,0.21349157531752433,0.0,0.003,-0.6205386031941323,0.5779305814210896,0.0,0.16913284428258304,0.3580510968785626,-0.4291902787336684,-0.032750093496625936
2001-08-31,0.027005921835386987,0.027005921835386987,-0.047819612566213254,1.194785280331144,0.0,0.0031,0.5852274392386134,0.14615902607939918,0.0,-0.07329828539401766,0.36910087245731743,-0.7187186787668715,-0.28146445177905366
2001-09-30,-0.05667470774888037,-0.05667470774888037,-0.08808865963568435,0.2351756024961864,0.0,0.0028000000000000004,0.5296337790602486,-0.0730900933984544,0.0,0.14253369005292005,0.3531320418875145,-0.7237119640599107,-0.28517216129119805
2001-10-31,0.015313372375343475,0.015313372375343475,0.019328349104505538,0.24543837063641302,0.0,0.0022,0.5580401647171159,-0.06742082669470084,0.0,0.3363277234540774,0.1325270816950005,-0.6720987205450657,-0.2720620502510832
2001-11-30,0.03646200748558798,0.03646200748558798,0.05942339866912216,0.7430301032939016,0.0,0.0017000000000000001,0.6395247160391755,-0.0765657972808743,0.0,-0.3066371065529082,0.38068050198486736,-0.7543907884736404,0.15385048176896846
2001-12-31,-0.05607966240708953,-0.05607966240708953,0.00642655739927922,0.25797111840145825,0.0,0.0015,0.6079013087168011,0.1536318053157247,0.0,-0.3087343491372643,0.36369521403001415,-0.7948800957091282,-0.07769354562323667
2002-01-31,0.011673802441934288,0.011673802441934288,-0.030179445422376716,0.25043172865991803,0.0,0.0014000000000000002,0.39732877025554386,0.1537286349145683,0.0,-0.3079389438960738,0.621419838295595,-0.7732846392067786,-0.0795798579209201
2002-02-28,0.015226150919966411,0.015226150919966411,-0.008483058878764771,0.6118137926268327,0.0,0.0013,0.6588186980835321,0.1919022270026279,0.0,-0.03839154364189653,0.42040354444224853,-0.7247371373912324,-0.4927696375753137
2002-03-31,0.015978682016441932,0.015978682016441932,0.04461351842869887,0.17657625457922077,0.0,0.0013,0.6673503547696211,0.16342276433814604,0.0,-0.08127327665884279,0.4061122452210719,-0.8158269471974783,-0.3238064584560757
2002-04-30,0.009623158269544175,0.009623158269544175,-0.0335688321381763,0.18268393838539476,0.0,0.0015,0.6577883648729059,0.19864315159138765,0.0,-0.03952793617883096,0.4333536991327228,-0.743804616158871,-0.49682950498977074
2002-05-31,0.0533294382661829,0.0533294382661829,0.0023893474624039346,0.6267614133528469,0.0,0.0014000000000000002,0.7957588707568706,0.5312860498621438,0.0,0.0411800664595861,-0.20483277193246718,-0.6739803314991791,-0.4360824453807714
2002-06-30,-0.008722593477454826,-0.008722593477454826,-0.06034842407994079,0.21226804743604588,0.0,0.0013,0.6677305290875272,0.47322300256553346,0.0,0.23763104280742645,-0.2319277802095575,-0.708182450991746,-0.44719693673663846
2002-07-31,-0.042326946866209705,-0.042326946866209705,-0.08406593142693564,0.18880869557586485,0.0,0.0015,0.636281841449471,0.42476161552087394,0.0,0.19132882962581194,-0.038599745719670855,-0.7522482451081474,-0.5038512426345486
2002-08-31,-0.009955953107054487,-0.009955953107054487,0.002190545928051124,1.1825016872404754,0.0,0.0014000000000000002,-0.4095640580949246,0.7975761968239757,0.0,0.32406699884482665,-0.16272225850682098,-0.6398351347566211,0.08052230258251009
2002-09-30,0.015631822893824674,0.015631822893824674,-0.10964976491617318,0.1681922740633396,0.0,0.0014000000000000002,-0.41574884574508386,0.7378039240311621,0.0,0.500047673493236,-0.18582188547395898,-0.6588980626008918,0.038249019189360994
2002-10-31,-0.00882986090883418,-0.00882986090883418,0.07398839582541217,0.1939300199417868,0.0,0.0014000000000000002,-0.45997903249291466,0.6712354091245463,0.0,0.4510170924633825,-0.22255120451687627,-0.6729152531712076,0.22436312768423555
2002-11-30,0.0030832112388765797,0.0030832112388765797,0.05413744826486555,2.2532316196481372,0.0,0.0012,0.45618173956575775,0.22389842065453627,0.0,-0.22616121032766845,-0.6737536953949567,0.6728188625165805,-0.4499009057753728
2002-12-31,0.01491462830940131,0.01491462830940131,-0.04821259386869514,0.18919257096798175,0.0,0.0011,0.42528399422774943,0.20629916995752326,0.0,-0.040696744691536474,-0.7535413514239419,0.6782027449682335,-0.500633184728627
2003-01-31,0.04578307514354574,0.04578307514354574,-0.030203629213024774,0.030021791212831925,0.0,0.001,0.4449896063692046,0.19553590121228354,0.0,-0.039651184518231,-0.7256990431867248,0.6721956476542886,-0.5015878523872755
2003-02-28,-0.048739489284002645,-0.048739489284002645,-0.017100825067233427,0.8891553248999525,0.0,0.0009,-0.3377700898355134,0.16379266716728325,0.0,0.40824073532162247,-0.8238785196302257,0.6221319052984996,-0.08125618760566823
2003-03-31,0.009077790091164101,0.009077790091164101,-0.0026226145839067794,0.27975484558639746,0.0,0.001,-0.3088566657441068,0.38751776830427825,0.0,0.15672442007462067,-0.7741149207557766,0.6253059421797215,-0.0774987539675725
2003-04-30,0.01133388810496178,0.01133388810496178,0.08943709722386362,0.469567274940394,0.0,0.001,-0.32334429190643016,-0.07749171946853148,0.0,0.39878856980934374,-0.7716504625042959,0.6295306361743447,0.15550115600053152
2003-05-31,0.027325884017294022,0.027325884017294022,0.057688236985301566,0.6337097378451563,0.0,0.0009,-0.42668906933892936,0.42597511228675056,0.0,0.1436042483862213,-0.6775959194447153,0.6981752614593644,-0.13614374933139745
2003-06-30,-0.021440110443816274,-0.021440110443816274,0.01776222084265333,0.027267140840109352,0.0,0.001,-0.42745762549535954,0.39643560443406545,0.0,0.13463491297040314,-0.6848198266585841,0.697461781141481,-0.13769495683582236
2003-07-31,-0.001869486322005478,-0.001869486322005478,0.020512262629590827,0.8757818653109197,0.0,0.0007000000000000001,-0.07763506471910513,0.1582497074276133,0.0,-0.31382093272421197,-0.7974660248897905,0.6271161558314315,0.40168667275205766
2003-08-31,-0.04023353732615787,-0.04023353732615787,0.021888402965644538,0.8214297781819024,0.0,0.0007000000000000001,0.1397581942180625,0.40971915190947644,0.0,-0.13664277451614024,-0.7192699096929551,0.6850101630242409,-0.4188083622688423
2003-09-30,0.02908613631152344,0.02908613631152344,0.006417857465833121,0.037993605318141555,0.0,0.0008,0.1424179677686565,0.43009032937029706,0.0,-0.14358595385024803,-0.7076767117007542,0.7133773955558111,-0.4055368908322391
2003-10-31,0.006883371439581915,0.006883371439581915,0.05954996555340464,0.03864494705359195,0.0,0.0007000000000000001,0.14410849315175578,0.4070883006035553,0.0,-0.13722578883132636,-0.6984154795000292,0.7049082393422125,-0.413580393326586
2003-11-30,0.02478935583819204,0.02478935583819204,0.015464238130071362,1.5183186940750395,0.0,0.0007000000000000001,0.41877963494105347,0.6773042368707611,0.0,0.1691939086630379,-0.32737377847535964,-0.8314294321160387,-0.0816852140452617
2003-12-31,0.02295368825478655,0.02295368825478655,0.06307386184068275,0.3565622112272001,0.0,0.0008,0.439866385075401,0.7323447055036871,0.0,0.14788270015905766,-0.14372188689075083,-0.7312459237998282,-0.42217229179278015
2004-01-31,-0.021629279020422866,-0.021629279020422866,0.016268081395822698,0.03767939243270353,0.0,0.0007000000000000001,0.43284872634131755,0.6970509858695606,0.0,0.14026795866594016,-0.14335631581476374,-0.7240580028898431,-0.4243826311926344
2004-02-29,-0.0019076205090857619,-0.0019076205090857619,0.017137692048866615,1.032393411927355,0.0,0.0006,0.6576505761795925,0.1609309870097743,0.0,-0.08106236809840052,-0.31319163129903616,-0.8307252406803424,0.4044900563793269
2004-03-31,-0.016751084632930204,-0.016751084632930204,-0.006169388154118716,0.5057431326385495,0.0,0.0009,0.647619587404778,0.1622155593971962,0.0,0.4015100006669816,-0.34035641294984476,-0.8063532595267487,-0.08138655962529208
2004-04-30,-0.004209373629357305,-0.004209373629357305,-0.01991522122902567,0.25430366107174635,0.0,0.0008,0.6139055286168409,0.3970698851987384,0.0,0.15838202415207056,-0.3067091637231974,-0.7855112256719283,-0.08134642220188099
2004-05-31,-0.040581745430122884,-0.040581745430122884,0.009812273395206184,1.0994252433439835,0.0,0.0006,0.6554210568478125,-0.5194029710227893,0.0,-0.03941036441388488,0.429296673377117,-0.7600106570678417,0.19352451684946287
2004-06-30,-0.008299643289799324,-0.008299643289799324,0.02104043991082194,0.17609384857195218,0.0,0.0008,0.6339388111618763,-0.32427534865568797,0.0,-0.08090084708038581,0.4060583199943016,-0.8046297035777908,0.1615091248678877
2004-07-31,0.0034310692072581873,0.0034310692072581873,-0.03235879666863162,0.019330825581542914,0.0,0.001,0.6588535171545417,-0.3179592845468218,0.0,-0.08050507104718278,0.398389424911166,-0.8186791043645124,0.16333158710006782
2004-08-31,0.006218559064184435,0.006218559064184435,0.004874635144669792,0.39097249519101906,0.0,0.0011,0.6584563283192456,-0.5062647465780871,0.0,-0.03905576465919781,0.19613620541949636,-0.7266703417668967,0.4236168783296235
2004-09-30,0.008124667673403531,0.008124667673403531,0.01940799002272464,0.017717293778315213,0.0,0.0011,0.690361038939214,-0.5168655438646051,0.0,-0.0399964141429512,0.1939912131412324,-0.7502046774654159,0.43083905106592907
2004-10-31,-0.006739581547349393,-0.006739581547349393,0.02462376888283191,0.09392656983148535,0.0,0.0011,0.7466417388492832,-0.5766924030173111,0.0,-0.04382687287962347,0.2210926034180067,-0.8223064942980917,0.4683518463803863
2004-11-30,-0.03612209413085593,-0.03612209413085593,0.05302557940569641,0.7724921470810686,0.0,0.0015,0.221605342179596,-0.8501799035067338,0.0,-0.04441086382899265,0.7456433470890625,-0.5795588178659054,0.4707788018021168
2004-12-31,-0.002239323403359972,-0.002239323403359972,0.03848580293450343,0.8120412989980325,0.0,0.0016,0.3755464341664744,-0.7420315038256199,0.0,-0.18931593686184994,0.09294302154122656,-0.4668590251489345,0.9274776867253436
2005-01-31,0.03190994711497164,0.03190994711497164,-0.022300451066896376,1.0117569070079417,0.0,0.0016,0.17390941573137428,-0.5009691488564544,0.0,-0.16780771611650602,0.8615335217976674,-0.8581725741312454,0.5234164486901358
2005-02-28,-0.03403795990177625,-0.03403795990177625,0.032206314852564866,1.4321027629235181,0.0,0.0016,-0.5216528934275445,-0.8042738774261823,0.0,0.6111904726920495,0.8712367627870806,-0.23689772159814076,0.046359297070961
2005-03-31,0.012714610269738543,0.012714610269738543,-0.01889191673221524,0.5254218599051503,0.0,0.0021,-0.49840957529402746,-0.8237913937424249,0.0,0.16627366045927655,0.8267428794035449,-0.16735239485268769,0.5092514342960572
2005-04-30,0.0072022579157995,0.0072022579157995,-0.021076162438751322,0.5219617368054597,0.0,0.0021,-0.04647011659153382,-0.8708826273732301,0.0,0.2275841690288983,0.7954450719430014,-0.6030126603898953,0.5045384212985585
2005-05-31,0.016688873976931227,0.016688873976931227,0.01859648726212315,1.5800518920638624,0.0,0.0024,0.09552091912494336,-0.1882695829080992,0.0,0.9408843614311684,-0.4740584480965506,-0.7514693480945738,0.3940809725200433
2005-06-30,-0.00859454132939144,-0.00859454132939144,0.009131850633003147,0.7304721677259285,0.0,0.0023,-0.21299375604440218,0.4095746513083717,0.0,1.0356519246379823,-0.514078404049239,-0.8320877078435703,0.10533875066146661
2005-07-31,0.011729369684164305,0.011729369684164305,0.0352166377963834,0.8305437632237908,0.0,0.0024,-0.5445501480680853,0.5431030824875869,0.0,0.913107642503317,0.17950144149359906,-0.8968483284453485,-0.18258432028690472
2005-08-31,0.01621810557475771,0.01621810557475771,0.008109666139810345,1.1367992630516428,0.0,0.003,-0.9568516636716342,0.5891745263039105,0.0,0.19462483314387688,0.9702324896261819,-0.5896239250784978,-0.19133815474907964
2005-09-30,-0.05190459246427808,-0.05190459246427808,0.026295678599188133,0.3921791401002058,0.0,0.0029,-0.9657593654360015,0.9230715905580962,0.0,0.18593859920531494,0.557147566501642,-0.561160700822711,-0.19114228247061854
2005-10-31,-0.011194144566253731,-0.011194144566253731,-0.024075703741404775,0.766358725429721,0.0,0.0027,-0.9062096943062108,0.5537862212269372,0.0,-0.18350920376896918,0.8954431649590223,-0.5550065129599479,0.1843018802829145
2005-11-30,-0.0018360925722851083,-0.0018360925722851083,0.033961616946174056,1.481789878400727,0.0,0.0031,-0.5461100589831628,-0.9003329810840618,0.0,-0.18089129452294514,0.89239675981911,0.18014358786895843,0.5529578943298161
2005-12-31,0.016131931496418367,0.016131931496418367,0.0224252729944332,1.4239050014170798,0.0,0.0032,-0.8466486349151603,0.1063244127374764,0.0,-0.5341909814720942,1.0791778046367508,0.4244067190837429,-0.21293738857429714
2006-01-31,0.008650968503027781,0.008650968503027781,0.04483748566216139,2.1722860051291297,0.0,0.0034999999999999996,-0.669765522166206,-0.05095845133076098,0.0,0.2547341903449725,-0.9459042790369877,0.873377666265298,0.5471673644267113
2006-02-28,0.03829174114914952,0.03829174114914952,-0.000999797041999262,2.189275515731034,0.0,0.0034000000000000002,-0.05208837054475551,-0.9812520300271673,0.0,-0.6766321274348286,0.26814738204733357,0.5763259771108692,0.903790909997698
2006-03-31,-0.02055943673473552,-0.02055943673473552,0.02255414431463776,0.5154756865876775,0.0,0.0037,0.20087645141425428,-1.0425611583738994,0.0,-0.6330283797811941,-0.20356328843205568,0.6179451008197545,1.0397718376184049
2006-04-30,-0.05159539797393601,-0.05159539797393601,0.030871140190167345,0.4216579362402255,0.0,0.0036,-0.21991178094792377,-1.0879854006084948,0.0,-0.6473191650180825,0.21351101328067099,0.6535223463701425,1.0365875889497518
2006-05-31,0.010754443110914787,0.010754443110914787,-0.03322686002788433,1.4959958533589384,0.0,0.0043,-0.9415092013057655,-0.6413611023184428,0.0,-0.3204505345509308,0.9563297646103838,0.32423157035701605,0.633513946318654
2006-06-30,-0.0072864405016336165,-0.0072864405016336165,0.00016917642886471462,0.33843657456101534,0.0,0.004,-0.6444010296924505,-0.9726905687682962,0.0,-0.32527548491255015,0.9597613794849144,0.3225065468938257,0.6528127164929232
2006-07-31,-0.006657079094273811,-0.006657079094273811,0.006500453645624127,0.6760486912957742,0.0,0.004,-0.6840889865717953,-0.9831626471358114,0.0,-0.3296477023271488,0.3287401227475502,0.6684954292329274,0.9930067049600039
2006-08-31,-0.018254549399508845,-0.018254549399508845,0.026565280250777423,1.312972374898525,0.0,0.0042,-0.9898860294450894,-0.32994069949278965,0.0,-0.6627810302648557,0.9652242386922097,0.3372505810536156,0.6618783900574006
2006-09-30,0.02492568504923459,0.02492568504923459,0.012300178675419104,0.5827535540136375,0.0,0.0040999999999999995,-1.248718380600635,-0.5012343973214617,0.0,-0.1261404767809129,1.0111738622378703,0.251042193842413,0.6388028836719616
2006-10-31,-0.036621022390431544,-0.036621022390431544,0.036921223069855014,0.5690405729112079,0.0,0.0040999999999999995,-1.1846860366621728,-0.2287668924456615,0.0,-0.6884592091867572,1.147877928366168,0.23251063997650345,0.6849025475614882
2006-11-30,-0.02625053974228602,-0.02625053974228602,0.025043929226053807,1.8487373677433419,0.0,0.0042,-1.1479365883386474,0.6989535006584798,0.0,-0.23308086960395882,0.22628733975787768,-0.695569642729673,1.1250957205136358
2006-12-31,-0.01420562808350907,-0.01420562808350907,0.020609772745839194,0.9396444623197935,0.0,0.004,-0.23130719132280536,0.6790912330900662,0.0,-0.6903410513138578,0.22397289278165855,-1.1518377154423731,1.1562162041238024
2007-01-31,-0.008441382918057828,-0.008441382918057828,0.012002475847035843,0.5277290304928485,0.0,0.0044,-0.23605959632352344,0.23408664140473645,0.0,-0.7080692718149196,0.7054446520545969,-1.200731896638988,1.19688808840004
2007-02-28,0.01933353306220121,0.01933353306220121,-0.004733413109958895,2.40612258722506,0.0,0.0038,0.7395539375472099,1.2357401447805476,0.0,-0.24624792327745057,-0.7390759830168219,-1.2135367932499102,0.24290015027862602
2007-03-31,0.011549305965139993,0.011549305965139993,0.01883460937027248,0.5215826820762426,0.0,0.0043,0.7398699812512165,1.2013965996469496,0.0,-0.7261882805516323,-0.24064472566336428,-1.2030004121716278,0.24011614345359836
2007-04-30,0.006117138919025749,0.006117138919025749,0.044737551188138935,0.4747429298891308,0.0,0.0044,1.2377081978831033,0.725812057321283,0.0,-0.7377911557781626,-0.23644676208411974,-1.2240872387763262,0.2409220403532478
2007-05-31,0.009186764782414114,0.009186764782414114,0.029036232002326745,1.003352914019687,0.0,0.0040999999999999995,1.1997990049949856,0.7086040099506626,0.0,0.23665505772449905,-0.7051561280625911,-1.1903191673265636,-0.2403960124985786
2007-06-30,0.0293676789912374,0.0293676789912374,-0.0072830389662880135,0.1837092779355748,0.0,0.004,1.3257788403341033,0.7751211399144011,0.0,0.25964340783558154,-0.762595465093632,-1.3103386919753817,-0.25824155202383503
2007-07-31,-0.005492166911278058,-0.005492166911278058,-0.021967697461999003,0.5605311967674856,0.0,0.004,1.2770375413339405,0.7747096380990668,0.0,0.2569320765551938,-0.2632328680555599,-1.2873951549453462,-0.7635433998985733
2007-08-31,-0.07070269238285969,-0.07070269238285969,-0.0002279066250172601,2.0460254822502293,0.0,0.0042,1.2255274396151277,-0.25261516152907243,0.0,0.7604234071920657,-1.2995165378456954,-0.7592869272324284,0.2547650874171432
2007-09-30,0.10986752359810716,0.10986752359810716,0.04795587953595981,0.13609783572198034,0.0,0.0032,1.290597888767043,-0.24622693616175387,0.0,0.745817190968642,-1.1936753863749134,-0.7244196163446645,0.237774382743754
2007-10-31,0.05645522046608079,0.05645522046608079,0.030927915665916794,1.9342948767844275,0.0,0.0032,1.0483825526544577,-0.9977748194602434,0.0,-0.2019483731512879,-0.5916574409002082,0.20233181629471325,0.5971214850286496
2007-11-30,-0.013037733240448653,-0.013037733240448653,-0.03984876878122068,2.008645584923679,0.0,0.0034000000000000002,0.5378391948997682,-0.9649143561115766,0.0,0.1908465555702547,0.9773848067278429,-0.18708191079004033,-0.5671120235366975
2007-12-31,-0.01612627871571215,-0.01612627871571215,-0.012600712313260098,0.8121066933822311,0.0,0.0027,0.9653812678157087,-0.970687779827983,0.0,-0.19417310088222506,0.5797305489711913,0.18831420726368772,-0.5846914220560917
2008-01-31,-0.013774516831914212,-0.013774516831914212,-0.0761839057564242,0.3938371740819958,0.0,0.0021,0.9941512656694256,-1.0145724915611913,0.0,-0.1974606062379726,0.2029481232027466,0.5830287348362321,-0.5818695427411547
2008-02-29,-0.04808908034063919,-0.04808908034063919,-0.005224110405081528,2.328434285951654,0.0,0.0013,-1.0532214833842983,-0.7174589279806995,0.0,-0.054349223842084016,0.9255186881936963,0.266562059720572,0.584859806952174
2008-03-31,0.0024456127191402628,0.0024456127191402628,-0.008998766825300097,0.3765557918661926,0.0,0.0017000000000000001,-0.9815787112400953,-0.7150055175523666,0.0,-0.0546280431773734,0.5994308994368049,0.26218439552012496,0.8920425897320452
2008-04-30,-0.018337270753178852,-0.018337270753178852,0.05335303075147335,0.3541315351536365,0.0,0.0018,-1.038433208824506,-0.6571465882195975,0.0,-0.052178318396401815,0.25221739952071737,0.5816651161394337,0.8955383290271747
2008-05-31,-0.02780885622512312,-0.02780885622512312,0.016581378250427825,0.9867358898602081,0.0,0.0018,-1.0145672818765412,-0.6772211109366809,0.0,0.261708512960608,0.8772237872718287,-0.052490887945231136,0.5775381243008931
2008-06-30,-0.02151398234556043,-0.02151398234556043,-0.07935291512275178,0.5312282024087152,0.0,0.0017000000000000001,-0.928356698631536,-0.6273405113285814,0.0,0.3118118971433293,0.6097946010709608,-0.3096506456910659,0.9222273750913326
2008-07-31,0.01548695577500081,0.01548695577500081,-0.02414453452772447,0.19743714415090913,0.0,0.0015,-0.9549261183597747,-0.5657256069825366,0.0,0.19187291541948054,0.5702207394391049,-0.19310674071814685,0.9671517669768737
2008-08-31,0.08092129213597571,0.08092129213597571,-0.01350476264793432,1.1539195853042838,0.0,0.0013,-0.8824350102233771,-0.18350627872310224,0.0,0.9093351117927435,0.19116316879047907,-0.5328782613910629,0.5792425618902954
2008-09-30,0.048223533828726184,0.048223533828726184,-0.11846789781273004,0.0697338702840616,0.0,0.0015,-0.8084718775781942,-0.17110768117092898,0.0,0.838750495263096,0.17850620787539406,-0.5126357192677968,0.5231821087071562
2008-10-31,0.11914828899313926,0.11914828899313926,-0.18933973784097713,0.05610485375592768,0.0,0.0008,-0.734468727783066,-0.1676954718528213,0.0,0.783846614924446,0.18672737235504502,-0.471707647913261,0.5224461492627964
2008-11-30,0.04677604680246142,0.04677604680246142,-0.06394059877426561,0.5836638430693167,0.0,0.0003,-0.4262934684653995,-0.13806658503911948,0.0,0.43242904147038985,0.14865572616532102,-0.6918069083270124,0.7218582409982818
2008-12-31,0.06478367264745204,0.06478367264745204,0.03258936916813693,0.29780884501482047,0.0,0.0,-0.45196533656281684,-0.1584087440923867,0.0,0.7724173340291323,0.14745918506794,-0.665553357722287,0.4208345919278703
2009-01-31,0.017498624384570165,0.017498624384570165,-0.08730113673050555,0.32546752277629176,0.0,0.0,-0.6041725990078457,-0.12261370776878051,0.0,0.6094055063485064,0.13377807890017177,-0.3970634656090628,0.39816481152158095
2009-02-28,-0.03684689493974755,-0.03684689493974755,-0.10159760210629931,0.7767403978504308,0.0,0.0001,-0.39400017032626594,0.03536736467708608,0.0,0.6701053513628014,0.4271193177759077,-0.5971686756724137,-0.17827008275686318
2009-03-31,-0.021252502896838565,-0.021252502896838565,0.07615713944271807,0.3500197596285271,0.0,0.0002,-0.4206918072842612,0.1326309748578757,0.0,0.40587010025893816,0.6372229324735793,-0.6469548849688377,-0.12932981823413284
2009-04-30,-0.038542885472095625,-0.038542885472095625,0.11324564009729876,0.3397774585481589,0.0,0.0001,-0.40032141559684736,0.03454754786701956,0.0,0.656394129888814,0.45112589638061656,-0.607304109568597,-0.17298493444310148
2009-05-31,0.0013434261377528248,0.0013434261377528248,0.09185675718646058,0.6012811426976212,0.0,0.0,-0.14094397876451004,0.40827234963786896,0.0,0.6817064721404508,0.13173995943263594,-0.6972632997529309,-0.3821680765557619
2009-06-30,-0.023505319687604755,-0.023505319687604755,-0.0040197378708376474,0.17775864695079047,0.0,0.0001,-0.14838668344575173,0.2889371820961484,0.0,0.7291344659169628,0.07272763964463488,-0.5981879734223856,-0.3677299504772133
2009-07-31,0.0029436681895239417,0.0029436681895239417,0.08503109556755106,0.3781178375940768,0.0,0.0001,-0.17611493946199236,0.03444686389852471,0.0,0.6543257894750121,0.4483579012012003,-0.5851998969885733,-0.3728720499346474
2009-08-31,0.018227469673563083,0.018227469673563083,0.041814216867368525,0.7515286093321983,0.0,0.0001,-0.20170827496663685,0.603037603744749,0.0,0.40074062996705717,0.20256919897379522,-0.3885004616032383,-0.5979112264421631
2009-09-30,0.03698846285041855,0.03698846285041855,0.040222053001574665,0.34777270647842035,0.0,0.0001,-0.03559919851473226,0.5896861995524041,0.0,0.17338177950529385,0.3877218716557464,-0.4331143876155793,-0.6450878017327145
2009-10-31,-0.009037925886878583,-0.009037925886878583,-0.017553967719263652,0.03084097328887636,0.0,0.0,-0.034139493701762745,0.5734867323451587,0.0,0.16798932399810326,0.365832772510352,-0.44728401557413944,-0.6349232454645907
2009-11-30,0.006658406091927904,0.006658406091927904,0.04145071138963807,0.7313841528552263,0.0,0.0,0.07371999686572009,0.7368849738320151,0.0,0.2944594204814687,-0.3764282374332953,-0.14432587981168504,-0.5776518678422955
2009-12-31,0.0025359560472299906,0.0025359560472299906,0.018300893397894757,0.37505749117466314,0.0,0.0001,0.4333853331306001,0.6265043028146954,0.0,0.032366190216078436,-0.3464780415132181,-0.16679243228226476,-0.5764493963186612
2010-01-31,-0.03209212522082084,-0.03209212522082084,-0.04113383464488407,0.26330687592969526,0.0,0.0,0.36024989646565764,0.5686911005273136,0.0,0.1412494235088351,-0.3005926882358566,-0.07213857190902337,-0.7295512855777468
2010-02-28,-0.031223455993712082,-0.031223455993712082,0.014578066110316312,1.1763253470468653,0.0,0.0,0.1984851947671512,0.38593581296875634,0.0,-0.38416919245366354,-0.5948547691610524,0.558720273970349,-0.1953407760852526
2010-03-31,0.04310568507002938,0.04310568507002938,0.06259140646105377,0.14718282734209015,0.0,0.0001,0.1672971185244036,0.3645367647385222,0.0,-0.41936599798638713,-0.5882702097006914,0.5514542302404885,-0.03254622074630656
2010-04-30,0.011900270016942143,0.011900270016942143,0.0006613133264841142,0.31043770145720107,0.0,0.0001,0.377202198872401,0.18242751258227574,0.0,-0.36711423344184047,-0.5571339781003075,0.5630628667456163,-0.18654409664120283
2010-05-31,-0.0175222963917492,-0.0175222963917492,-0.09483964571368098,0.5653442050135976,0.0,0.0001,0.1712114739288449,-0.1738601718203014,0.0,-0.3451021455606985,-0.5750183611512015,0.5323969348476837,0.37284997336392367
2010-06-30,-0.013497679988956159,-0.013497679988956159,-0.033732754494871675,0.04745113272213103,0.0,0.0001,0.18431785843493445,-0.19796376478535327,0.0,-0.3674431736684279,-0.5719137571180127,0.5699005000612379,0.36960465708666534
2010-07-31,-0.0010336870836930995,-0.0010336870836930995,0.08137651794092315,0.02699034219018219,0.0,0.0001,0.19863996038448953,-0.19032893762024503,0.0,-0.3924929230931096,-0.5645234102604745,0.5796024536462935,0.3680691698593529
2010-08-31,-0.02279489925607637,-0.02279489925607637,-0.03682114156080951,0.04240250310486024,0.0,0.0001,0.18203905197722578,-0.18874054724382405,0.0,-0.35769108889642237,-0.5669236068500298,0.5403429145230895,0.3681783772338847
2010-09-30,-0.008892288807148527,-0.008892288807148527,0.09371618956713901,0.12074734962190274,0.0,0.0001,0.22215323798884246,-0.21047100587001097,0.0,-0.438249718560032,-0.616040864381042,0.6261476810203804,0.4075683809947136
2010-10-31,-0.016846765670182617,-0.016846765670182617,0.037526268351718794,0.03861039781261098,0.0,0.0001,0.2172603939611704,-0.2128395687084765,0.0,-0.4355553869733089,-0.6631467213994618,0.6517525936690627,0.42568192378083153
2010-11-30,0.03603401085230622,0.03603401085230622,-0.02102918749571281,0.0180603194439444,0.0,0.0001,0.21085393379389003,-0.210931274797483,0.0,-0.40137287346393163,-0.6210246288083037,0.6274845325861989,0.43102432154193565
2010-12-31,-0.017574098293130277,-0.017574098293130277,0.07386333423223213,0.23756604529686778,0.0,0.0001,0.22687230290557459,0.0,-0.21399309973013872,-0.43660228112891564,-0.6547211670410067,0.6373920309746958,0.4234781157266603
2011-01-31,0.011313931011440402,0.011313931011440402,0.022823856372704343,0.24221691576809568,0.0,0.0001,0.20636891317190703,-0.20880678630054597,0.0,-0.43151365610435855,-0.6254913690856733,0.6490317961359511,0.42172503319416005
2011-02-28,0.003605856493792085,0.003605856493792085,0.03555554140297201,1.2689656804845375,0.0,0.0001,0.21628096326056814,-0.21441542304145852,-0.42335485354080515,-0.6385483458680925,0.6350563293378327,0.4285871863457473,0.0
2011-03-31,-0.034270192440129105,-0.034270192440129105,-0.009306559794327374,0.22193105463683657,0.0,0.0001,0.2189973418628582,-0.4347224659193985,-0.2154556441087574,-0.662036518569068,0.634685717960306,0.42426137633393046,0.0
2011-04-30,-0.011328920683949618,-0.011328920683949618,0.04295455297512851,0.034661131361737776,0.0,0.0,0.22395489624292553,-0.4461587772051619,-0.21272294696466423,-0.6594667755883834,0.6449780053431625,0.4380866774881718,0.0
2011-05-31,0.01369730926063282,0.01369730926063282,-0.01963673228133167,1.0999610924515706,0.0,0.0,0.0,0.42566663438811736,-0.6276983835936079,-0.40883261704295853,0.6277326364936101,0.20690243681973502,-0.21007339780426318
2011-06-30,0.00617227415876686,0.00617227415876686,-0.015369907274990324,0.2146763933890833,0.0,0.0,0.0,0.4290899003191567,-0.6349542144659919,-0.21292097948630995,0.6411569845017673,0.20622071330958025,-0.42242013001943557
2011-07-31,0.06534229573357625,0.06534229573357625,-0.017841431825199483,0.21928555378923875,0.0,0.0,0.0,0.45414681619092173,-0.6402124186622671,-0.4219275936719459,0.6683197275253536,0.21732200479535682,-0.2123062404438429
2011-08-31,-0.009743659603837058,-0.009743659603837058,-0.06991438955532248,0.5060617648436723,0.0,0.0001,-0.39178608851365104,0.390243286448795,-0.607760404836057,-0.19999403044445965,0.6013718574134954,0.1981817203280402,0.0
2011-09-30,0.008383324808171033,0.008383324808171033,-0.08583053817391872,0.04374140769490205,0.0,0.0,-0.3740268269395571,0.3660173066769822,-0.6053636366241879,-0.1923703053410359,0.6161157938457898,0.19801099319017978,0.0
2011-10-31,-0.04594097108783572,-0.04594097108783572,0.10372466056979146,0.08060589080185755,0.0,0.0,-0.45837296880610934,0.4335029953777254,-0.6393087692143313,-0.21684525498597831,0.6188314121862784,0.21625161435457949,0.0
2011-11-30,0.00463041964721328,0.00463041964721328,-0.023792429260518166,1.1470175978692587,0.0,0.0,-0.44487224592738495,0.43568859555241546,0.0,0.2202679379224889,0.6853291356341669,-0.6648341290417826,-0.22694887449269036
2011-12-31,0.0028649376554869457,0.0028649376554869457,-0.000172542670917597,0.28805427937616307,0.0,0.0,-0.4672812293592726,0.4555504525313148,0.23629846040126,0.0,0.7091275065859131,-0.6963707857138718,-0.23445946678985646
2012-01-31,-0.015316976054811969,-0.015316976054811969,0.05047694702786787,0.7655546563313872,0.0,0.0,-0.7932162222446655,0.7749702725498766,0.25564926760025003,0.0,0.5104893667888456,-0.2568094509342211,-0.5064002098148978
2012-02-29,0.06565117735295911,0.06565117735295911,0.04954783716221334,1.8018091087490213,0.0,0.0,0.5168619354911321,0.7776993007450794,0.0,0.25960728063510113,-0.7185441677154778,-0.5150475894444436,-0.2549255823584321
2012-03-31,0.0047020089382253894,0.0047020089382253894,0.013473604552079799,0.560867484738604,0.0,0.0,0.23405559674455176,0.7271417736987039,0.4827653868061705,0.0,-0.7105954090349555,-0.48673406353549387,-0.24193127574075132
2012-04-30,-0.039291464545194554,-0.039291464545194554,-0.010814283325261131,0.25561494126096806,0.0,0.0,0.0,0.7273160262413867,0.4892279313588436,0.2419293749366031,-0.759197483691728,-0.49470546384084507,-0.24386184954945497
2012-05-31,-0.05605531399261872,-0.05605531399261872,-0.08529178665397297,0.7479573144244389,0.0,0.0001,0.6880308256705867,0.0,0.4854699553168664,0.228665692275235,-0.7485584040423434,-0.4648059777530536,-0.2448574054599099
2012-06-30,0.04927505053519382,0.04927505053519382,0.051469591691896355,0.04869163456012218,0.0,0.0,0.7377194032189741,0.0,0.4674571647906009,0.23879293927711576,-0.6860909637341136,-0.47547224817881634,-0.23313124483856706
2012-07-31,-0.007088793289159186,-0.007088793289159186,0.013132389373181175,0.27456950342498104,0.0,0.0,0.4645857961649873,0.0,0.6772348422537187,0.21924473113067977,-0.691649812329097,-0.45073591257494383,-0.225768437934504
2012-08-31,-0.005578173404703608,-0.005578173404703608,0.0259882933652551,0.46886068455383767,0.0,0.0001,0.4447828089176447,0.0,0.6799855170756052,0.23056360560989392,-0.22475640757964713,-0.6849426091621411,-0.45121108826605916
2012-09-30,0.0011934980130790147,0.0011934980130790147,0.02797679416740184,0.2355451797017743,0.0,0.0001,0.45763320221039255,0.0,0.6887930250838725,0.23194951733950048,-0.45639265753020825,-0.6938406941213026,-0.22694889496917572
2012-10-31,0.029716136713541147,0.029716136713541147,-0.006462394477743549,0.706967695138074,0.0,0.0001,0.23395517177751413,0.0,0.7086448791987073,0.4701220474902079,-0.6835777418823117,-0.232791822653774,-0.4666363972168025
2012-11-30,0.008200950034937962,0.008200950034937962,0.013671400231141106,0.9352333961134837,0.0,0.0001,0.23155191357990498,-0.691706928002279,0.6941379786570878,0.46047510343917997,0.0,-0.45641830629655467,-0.2298388113424012
2012-12-31,0.017900523173213355,0.017900523173213355,0.019349727620516344,0.4630084836436056,0.0,0.0001,0.22956412899906592,-0.6984826679040462,0.6901798475562099,0.46669487838481455,-0.43681055567042343,-0.23324510819240749,0.0
2013-01-31,0.02462938311324374,0.02462938311324374,0.051249936803956286,0.4588003283276338,0.0,0.0,0.22970593023095937,-0.6890885724050798,0.6881022188222266,0.470203568931458,0.0,-0.4458127101885062,-0.22848105227781415
2013-02-28,0.020547935260699535,0.020547935260699535,0.0022423719505926254,1.375697026428022,0.0,0.0,-0.679820555601888,-0.44823001721261335,0.46153128429607976,0.2218660809341687,0.6859090626747408,-0.2207079198297883,0.0
2013-03-31,-0.031625599811132166,-0.031625599811132166,0.024104585258702294,0.7306867811329463,0.0,0.0,-0.7194916302013667,-0.46271712780039176,-0.2357333956810884,0.4605077546300133,0.6912287930280818,0.0,0.23458000621361963
2013-04-30,-0.022713148509248833,-0.022713148509248833,0.032085630617879835,0.5043833894323824,0.0,0.0,-0.7150006995120151,-0.487969901327699,0.24087013164745397,0.4907174032774472,0.6928719164266474,-0.24420199902108325,0.0
2013-05-31,0.04641874741446976,0.04641874741446976,0.0013263058609005451,0.495412140949251,0.0,0.0,-0.6592330138013199,-0.23102676784063172,0.4764799014587692,0.23444560311960264,0.6907148164504461,-0.46496179197239645,0.0
2013-06-30,0.03811119165559037,0.03811119165559037,-0.02421388146936021,0.25957587491471346,0.0,0.0,-0.663298205231551,-0.23350395077892153,0.46388678787602866,0.0,0.7026392303327227,-0.46267243338545244,0.23105976284276408
2013-07-31,0.016136281302449876,0.016136281302449876,0.05309084726735125,0.6847979889955037,0.0,0.0,-0.4478316225396682,-0.2317996349589901,0.0,0.23235929547699444,0.6905694822531079,-0.6817347666122622,0.45457352768326803
2013-08-31,-0.008095422558718625,-0.008095422558718625,-0.020754631929659206,1.8121014668339919,0.0,0.0,0.6754640492353182,-0.45157644234779326,0.0,0.4506401558034416,-0.6781433524697471,-0.2311863909068958,0.2267065581269578
2013-09-30,0.0165537542624632,0.0165537542624632,0.05056020918098314,0.4651570830335438,0.0,0.0,0.48150875769858487,-0.47172024001416396,0.23002012511870387,0.7044766030207517,-0.6880252594778511,-0.2397062320835621,0.0
2013-10-31,0.014899098341854043,0.014899098341854043,0.039451676616607756,0.2601648159385379,0.0,0.0,0.46740724730248434,-0.45838249287180866,0.0,0.6921561161083665,-0.6882964911975206,-0.2277545476448775,0.22976926664520989
2013-11-30,0.04934761896699136,0.04934761896699136,0.01832016986560303,1.6216009605170199,0.0,0.0,-0.22347383493427359,0.0,-0.46408486639608704,0.23166104399770202,-0.6669005110898683,0.7090323323996718,0.46311345498984663
2013-12-31,0.03480906091400443,0.03480906091400443,0.021571458322364068,0.4887586758795828,0.0,0.0,-0.4481002475855628,-0.2316966827163288,0.0,0.23095123712731042,-0.6663829417508703,0.6932483135886448,0.45678938225081117
2014-01-31,-0.0137630779529646,-0.0137630779529646,-0.03671169826396692,0.4769391190698839,0.0,0.0,-0.44836051000470106,-0.22440365931561002,0.457596080296181,0.0,-0.7052105702151973,0.67877767538981,0.2278379058965529
2014-02-28,-0.0071583212460936355,-0.0071583212460936355,0.05067748013840356,0.690761118333332,0.0,0.0,-0.23105978761070764,0.0,0.2233625689877841,-0.4631679809634142,-0.6804895497391357,0.6916294299580422,0.45256699812133755
2014-03-31,-0.00790908308871001,-0.00790908308871001,0.002204508967721175,0.24538448272248875,0.0,0.0,-0.23468155364368395,0.0,0.444891244512044,-0.45012524284031447,-0.6671836383720743,0.6735923307603343,0.22559777649498444
2014-04-30,-0.004635358911861259,-0.004635358911861259,0.010789269863882511,0.27897810822859304,0.0,0.0,0.0,-0.2331087641942032,0.46152875962212986,-0.46744431043870033,-0.7028051933328597,0.7051387414490009,0.23205540798277113
2014-05-31,0.0002221644777947434,0.0002221644777947434,0.020720344334937302,0.4743476567107284,0.0,0.0,-0.2341311741925786,-0.4582096441446846,0.46724123855696226,0.0,-0.702188465797159,0.6944516131536873,0.23305859690156747
2014-06-30,0.007870199759591927,0.007870199759591927,0.018288139895402455,0.4750916764161401,0.0,0.0,-0.2366832654764574,-0.7058284466747604,0.4703566007461164,0.23410081061122814,-0.4682247214623229,0.7141492220157881,0.0
2014-07-31,0.01564870338604041,0.01564870338604041,-0.015615716084129705,0.016010066866004966,0.0,0.0,-0.23020781795205736,-0.6822170723795911,0.46906845937683783,0.22794063926010602,-0.45944613648458954,0.6905106315653344,0.0
2014-08-31,-0.018034504603268282,-0.018034504603268282,0.022555589966118283,1.466708607932338,0.0,0.0,-0.5073355386730463,-0.2492937341103314,0.2538421923022989,0.0,0.49745919186101994,0.7430921432221442,-0.7557987592053537
2014-09-30,-0.008585287771060716,-0.008585287771060716,-0.02661915559213912,0.2644555265852987,0.0,0.0,-0.2354758021404501,-0.4823456513071095,0.2502420087515441,0.0,0.47628261785967724,0.7353809873403688,-0.7526694482750913
2014-10-31,-0.016912645375230045,-0.016912645375230045,0.006777703785632694,0.5193204336007735,0.0,0.0,-0.2521602834446314,0.0,0.2529584345062825,-0.4959620573407909,0.4881400737086288,0.7405035618515049,-0.750392374656224
2014-11-30,-0.02854932127926241,-0.02854932127926241,0.02068095579833762,1.325169589054445,0.0,0.0,0.5132969921098272,-0.7919472224626318,0.264110429232509,-0.5266256716838048,0.0,0.7775232015246365,-0.2649070499997984
2014-12-31,0.019767119250208354,0.019767119250208354,-0.01564344976201837,0.5320919287874286,0.0,0.0,0.2500288069406211,-0.7560910705520866,0.0,-0.5043406517516149,0.5142472113115932,0.7755129764962343,-0.25959015319453876
2015-01-31,-0.0527681104335969,-0.0527681104335969,-0.017815065535336294,0.5068167448499168,0.0,0.0,0.24625257345222326,-0.5588781237942513,0.0,-0.24142318192414244,0.5268654281161314,0.750705651386002,-0.7762904576695597
2015-02-28,0.017399270664131168,0.017399270664131168,0.05915638243749055,1.7314380078792095,0.0,0.0,0.7455042944476568,-0.7126755816115695,0.4945801292426058,0.0,0.24223247958136526,-0.5056518017572948,-0.24659024923863226
2015-03-31,0.020409153177791423,0.020409153177791423,-0.014848645215165712,0.3314059785206106,0.0,0.0,0.7675537829058151,-0.7701242819703228,0.26662684446985163,0.0,0.5216844087170097,-0.5032429775010488,-0.2620886234435134
2015-04-30,-0.025553993152540432,-0.025553993152540432,0.023956317492407342,0.5358330964155461,0.0,0.0,0.8148059133804543,-0.5433479777505648,0.26188488053522163,-0.2727582365800378,0.5248400525093072,-0.8109786252469209,0.0
2015-05-31,-0.0042139997861519885,-0.0042139997861519885,0.004374360224432383,1.0796647258859937,0.0,0.0,0.7750940495313908,0.5285017441967936,0.2675925123465283,-0.5218861298643256,-0.2563741401236504,-0.7971420358728887,0.0
2015-06-30,-0.02113807653966515,-0.02113807653966515,-0.0228228248889496,0.41728007804217804,0.0,0.0,0.8755310303723699,0.5803825101144954,0.2894595623880222,-0.5863123785468067,0.0,-0.8911652602200264,-0.2890335406477194
2015-07-31,-0.051097380068764464,-0.051097380068764464,0.018305250697551623,0.05280848402556812,0.0,0.0,0.8590986506661421,0.583036475761861,0.30147293621497306,-0.5938602893799567,0.0,-0.8993867158034027,-0.30145843752838136
2015-08-31,-0.027916342804898846,-0.027916342804898846,-0.06568021561976112,0.6108017606967548,0.0,0.0,0.5610028097656891,0.8612031585449175,0.27857077187467577,-0.5869817082015248,-0.2938465356704231,-0.8478648391182333,0.0
2015-09-30,-0.0019061274723205426,-0.0019061274723205426,-0.036296212531534144,0.30586726270380943,0.0,0.0,0.5603257761966246,0.844565347347162,0.0,-0.5650742667984627,-0.28656858857313666,-0.8386746076084609,0.2835202119639532
2015-10-31,-0.00575221331956299,-0.00575221331956299,0.0795682585772115,0.29784140675698395,0.0,0.0,0.5775086243366929,0.8369248536743474,0.2865714763984466,-0.5579168876901965,-0.2815870229604388,-0.8672532570784146,0.0
2015-11-30,-0.008464586385765496,-0.008464586385765496,-0.004379764163474187,0.8891550416739389,0.0,0.0,-0.29295132712698924,0.8313429038691189,0.5705499581719629,-0.5544338723694562,0.28296817074665404,-0.8459404196770559,0.0
2015-12-31,0.01672987632999374,0.01672987632999374,-0.017156340725706043,0.048000468008866926,0.0,0.0001,-0.2916873173266991,0.8870959660677559,0.567177464963098,-0.5932417343888825,0.29530546560496346,-0.8479199685902419,0.0
2016-01-31,0.018872847496013104,0.018872847496013104,-0.059538973858199284,0.03621467696186881,0.0,0.0001,-0.28229029113603327,0.8510003152637413,0.5808454865444241,-0.5777112195799409,0.28762710666222885,-0.840598550258407,0.0
2016-02-29,0.07998355140555784,0.07998355140555784,-0.00676253110413727,1.195545832656905,0.0,0.0002,0.29571329396876045,0.899417257170095,-0.5920523218024293,-0.29388279679532814,0.6294265970125661,-0.8586384781481062,0.0
2016-03-31,0.002456088344485633,0.002456088344485633,0.06864433640322143,0.1741775918736609,0.0,0.0002,0.2882223296472687,0.8345408202862294,-0.5456777887071512,-0.2806416328378945,0.5367323789612146,-0.8307200190051814,0.0
2016-04-30,0.033608549342771875,0.033608549342771875,0.01641146814688077,0.5758573170541041,0.0,0.0001,0.27395123987583664,0.5517422102338763,-0.5498085811289545,0.0,0.8742300207048321,-0.8409877087880921,-0.27551863155472645
2016-05-31,-0.03615729870030096,-0.03615729870030096,0.006600259303734202,1.1335763105395342,0.0,0.0001,0.5251023837316635,-0.5313043050730242,-0.27164741878947435,0.2676769957850424,0.7934292298519002,-0.8194141842064087,0.0
2016-06-30,0.12908409225302153,0.12908409225302153,-0.010704717911692807,0.32246476003251956,0.0,0.0002,0.2890867211197081,-0.5701150379274236,-0.27732122789112307,0.5587069453442163,0.9014800999801614,-0.7727534083725175,0.0
2016-07-31,0.018105313054347837,0.018105313054347837,0.04254361725526312,0.4735920275778868,0.0,0.0002,0.4705337958396732,-0.46323871368867436,-0.2321537272802473,0.23166180780137913,0.6984525307491443,-0.687150380366927,0.0
2016-08-31,0.003625104976173273,0.003625104976173273,0.0014128280647713876,0.4663672118341509,0.0,0.0002,0.22817680554178602,-0.679657926776424,-0.22827908108989367,0.459450656114926,0.6811742424190294,-0.4572395912332505,0.0
2016-09-30,0.014633660845405874,0.014633660845405874,0.005790199333901125,0.7034752158507497,0.0,0.0002,0.0,-0.700322333285027,0.46332084867017886,0.23219104402474805,0.7059912565066909,-0.45563559013282506,-0.23091156493835976
2016-10-31,0.015968699437169144,0.015968699437169144,-0.019046579664470986,0.9385507286460899,0.0,0.0002,0.4592062696081351,-0.6795844393297505,-0.22822894026018337,0.0,0.6693911252856787,-0.43591212331801193,0.23109680745130123
2016-11-30,-0.06617140438070081,-0.06617140438070081,0.0150758408630991,0.2654338818124027,0.0,0.0001,0.4487712688629046,-0.6727409902130738,-0.22698373030687746,0.2224938438733155,0.6339971515522365,-0.47170894814920616,0.0
2016-12-31,-0.015765454610972608,-0.015765454610972608,0.02430890857393364,0.44633358117842925,0.0,0.0003,0.6494554256421531,-0.6622516727144663,-0.2204656565891236,0.0,0.43276155414670714,-0.43688666331497955,0.2216215582187366
2017-01-31,0.015390863287259077,0.015390863287259077,0.024399205081860664,0.45835337836363865,0.0,0.0004,0.4740044767133312,-0.6936047970077324,0.0,-0.230667944293541,0.6990156049234953,-0.45839486740965535,0.22503839036136125
2017-02-28,0.013528067903801268,0.013528067903801268,0.028305195232747327,1.3842611292107905,0.0,0.0004,-0.45417703783089197,0.0,0.22498027463361311,-0.6598653883483518,0.6741235163098405,-0.2211377203715428,0.44960442351113444
2017-03-31,-0.004201104213675155,-0.004201104213675155,0.011473333778207806,0.6847154054291823,0.0,0.0003,-0.22371106800615687,0.0,0.6729881709306103,-0.6769558358751872,0.4536371483279474,-0.4545368237308902,0.2243773041400014
2017-04-30,-0.015000723708826194,-0.015000723708826194,0.015329756057862465,0.23202663242862812,0.0,0.0005,-0.4410783664511659,0.0,0.6731985786038305,-0.6881584486067261,0.4480497747256736,-0.23158435524329143,0.2245720932628531
2017-05-31,0.010135253320210017,0.010135253320210017,0.022151706942694194,0.6885168078599055,0.0,0.0006,-0.44423400958288445,0.45901825811469676,0.6882271217033645,-0.691585565378297,-0.22501618567236892,0.0,0.223725634135699
2017-06-30,-0.0057855404940860495,-0.0057855404940860495,0.0042543191443555894,0.2473252487156447,0.0,0.0006,-0.23129214253800937,0.4502499893260451,0.6716272635230425,-0.6798835771829775,-0.43987756184859705,0.0,0.22339048822641042
2017-07-31,-0.04819006126512228,-0.04819006126512228,0.024266424105817697,0.44322789123207607,0.0,0.0007000000000000001,-0.4652517173093449,0.6628822229098715,0.45156454815637,-0.6934562219386516,-0.2273363380414581,0.0,0.2234074449580908
2017-08-31,0.015089634593133582,0.015089634593133582,0.0019895624207131313,0.4868027651180024,0.0,0.0009,0.0,0.6519804824870084,0.4409506974965763,-0.6503838286227892,-0.43234929578185255,-0.21104513548495363,0.2159367144991443
2017-09-30,0.003038356668548383,0.003038356668548383,0.02291483006535433,0.44199193142021165,0.0,0.0009,0.0,0.639809281743232,0.21429269203967125,-0.427442022985275,-0.6318514179110628,-0.22338205641922682,0.4316118802012098
2017-10-31,0.0008387740604442993,0.0008387740604442993,0.019166245507121316,0.4505931231099374,0.0,0.0009,-0.21113137595951462,0.6274767274657973,0.4341685608744149,-0.4250749549700891,-0.640558955778032,0.0,0.21595877242786793
2017-11-30,-0.008455200062561936,-0.008455200062561936,0.02224122131027695,0.6411580578430456,0.0,0.0008,-0.2142907657811591,0.21943924307602403,0.65367345372953,-0.6636127515922863,-0.43720241171938673,0.0,0.4335380322247161
2017-12-31,0.0026082443954660852,0.0026082443954660852,0.013865376518407357,0.009413765267016191,0.0,0.0009,-0.22567794028689184,0.2199986289510743,0.6668062243388106,-0.6599352012579198,-0.4358235670098643,0.0,0.437240099660257
2018-01-31,-0.00807260737477746,-0.00807260737477746,0.05305683494915692,0.2301016595468005,0.0,0.0011,-0.22648824635630624,0.22926436391930693,0.6821079858448792,-0.45324980163595946,-0.6788579182176722,0.0,0.43915100907097426
2018-02-28,-0.023412102888605305,-0.023412102888605305,-0.040948095978964316,1.5826373175340103,0.0,0.0011,0.21929256794096572,-0.6716283621950011,0.6807337537770395,0.0,-0.46508209236512205,0.44081844016759786,-0.22754641021408517
2018-03-31,0.00957282495148411,0.00957282495148411,-0.021035277324526147,1.3708547244320188,0.0,0.0012,0.22371297689109837,-0.4466548400684795,-0.686906091728736,0.4559578695435329,-0.22646241485675386,0.6899253251708223,0.0
2018-04-30,0.015452824785756835,0.015452824785756835,0.01211031563564724,0.6949521649409042,0.0,0.0014000000000000002,0.4451336391004262,-0.6538581488407762,-0.22530985717694468,0.22196833415101178,-0.4403046107219156,0.6678234682739554,0.0
2018-05-31,-0.03579272724584095,-0.03579272724584095,0.007227008176986072,0.9273069710402113,0.0,0.0014000000000000002,-0.22931666349401736,-0.6861130045254513,-0.45041234891235005,0.4408032123213643,0.22880072706549867,0.6604453502991149,0.0
2018-06-30,-0.006206255093446402,-0.006206255093446402,-8.148939079111184e-05,0.9045673087312811,0.0,0.0014000000000000002,-0.4366874966035561,-0.6645380159968609,0.43180668286311497,0.2224768392880668,0.0,0.6639275699635464,-0.22319183460775754
2018-07-31,-0.015825261227488965,-0.015825261227488965,0.03151734067650058,0.023314753561010496,0.0,0.0016,-0.4493099344931219,-0.6706452952838738,0.43734560458099486,0.22373796062089332,0.0,0.6671512322180289,-0.2241048288704103
2018-08-31,-0.016646404188279035,-0.016646404188279035,0.012918587757645428,1.133644561915911,0.0,0.0016,0.0,-0.7003804511131099,-0.45624258697585623,0.22671469734987892,0.6905907197316705,0.4516675214834944,-0.22899630466435675
2018-09-30,-0.003915773708333236,-0.003915773708333236,0.006062778861925189,0.24000711818598014,0.0,0.0015,0.0,-0.6789687758078368,-0.22864825056299576,0.22943932187789043,0.672305462831839,0.46177746590371604,-0.4598209979509462
2018-10-31,0.012077965893016735,0.012077965893016735,-0.07318309743114637,0.2456201243254611,0.0,0.0019,0.0,-0.6694412119974424,-0.45428436939226186,0.2235095912419018,0.6924225156819719,0.44970537300498425,-0.22983393264613697
2018-11-30,-0.005191635396456434,-0.005191635396456434,0.011937101716059662,0.47146811367747277,0.0,0.0018,0.2370355947635865,-0.6935796544238928,-0.46128364342885353,0.45821403129117155,0.6839744310648964,0.0,-0.2295523946633646
2018-12-31,0.006123191583516031,0.006123191583516031,-0.07562923425417822,0.23972540160347067,0.0,0.0019,0.2214503035533489,-0.6982095053668614,-0.23261014481714,0.4638822364973371,0.7109030693268725,0.0,-0.45929276761004106
2019-01-31,0.013616877533941881,0.013616877533941881,0.07821671452246504,0.022136408379420103,0.0,0.0021,0.2372553091610274,-0.6795138242833008,-0.23549706322506886,0.4582162757385845,0.69335253617136,0.0,-0.46019635602866027
2019-02-28,-0.0317565101616256,-0.0317565101616256,0.030656471488933912,1.6052294061578058,0.0,0.0018,0.4489497445316562,0.0,-0.23042676276135532,-0.45629532125999533,0.6736003754264273,-0.6978190626057745,0.2302345165074162
2019-03-31,0.021467166813121635,0.021467166813121635,0.013909444044370334,0.7537092428324434,0.0,0.0019,0.24249446906426783,-0.24249178775026412,0.48346433209033624,-0.4773288098305086,0.729330050675821,-0.7140010874365307,0.0
2019-04-30,0.005324529659414728,0.005324529659414728,0.03602883048752492,0.7266729388726064,0.0,0.0021,0.4775713391413173,-0.4684696725915398,0.0,-0.23987981718045745,0.7159528499340553,-0.720402676993863,0.2405525073499024
2019-05-31,0.05425985308319382,0.05425985308319382,-0.05681771129129787,1.203855940167498,0.0,0.0021,0.2402436222015934,0.7439882732192026,-0.2373112338566051,-0.4851769147849804,0.5013733585377378,-0.7088572522337545,0.0
2019-06-30,0.012634159260404502,0.012634159260404502,0.06635086234743204,0.7488817924947024,0.0,0.0018,0.0,0.7254452940279695,-0.47785381570969526,0.24026136711480003,0.47369459672066916,-0.7123383317252138,-0.2365749511681252
2019-07-31,0.009680261438634655,0.009680261438634655,0.005260894511322833,0.40355428843285324,0.0,0.0019,0.0,0.8992764780098087,-0.6084639745452363,0.29734681449652667,0.6057393290467017,-0.8781119744581513,-0.30610641111101494
2019-08-31,-0.003221152476328419,-0.003221152476328419,-0.019903497292386385,1.2678792737079283,0.0,0.0016,0.0,0.9279005876870738,-0.298154992863322,0.30561633413023936,-0.631238670579477,-0.9253812307863207,0.6180368199354781
2019-09-30,-0.024639158648964467,-0.024639158648964467,0.021827681482483374,0.6339041491384986,0.0,0.0018,-0.3097988083402171,0.9181798301992586,-0.6210623057944495,0.30623948051280725,0.0,-0.9368072874096894,0.6186099321833257
2019-10-31,-0.04196750471983007,-0.04196750471983007,0.025727575172623585,0.3219675884823137,0.0,0.0015,0.0,0.9370228521449078,-0.6282518335892527,0.31605093122487193,-0.3090959352852339,-0.9769895375307861,0.6192960183156629
2019-11-30,-0.01826322462190199,-0.01826322462190199,0.0283783863835374,1.877078696309487,0.0,0.0012,-0.5998600337839995,0.602324092200131,-0.9212715499401666,0.3017265794532556,0.9041197476873264,-0.3053020602384488,0.0
2019-12-31,-0.00961564658621761,-0.00961564658621761,0.030363063576867688,0.7834484435672275,0.0,0.0014000000000000002,-0.7234204039652864,1.0779511730557123,-1.0566520162781903,0.0,0.7009505926094418,-0.3571710290274721,0.34872603701957733
2020-01-31,0.045378117724681574,0.045378117724681574,-0.0057813886924513724,0.38043155402276874,0.0,0.0013,-0.6688966056941821,1.0559702007835587,-1.0490106267911332,-0.34673706443666535,0.7028884927000774,0.0,0.3511637211630262
2020-02-29,0.015800922918573185,0.015800922918573185,-0.08417582112531241,2.1019286177167302,0.0,0.0012,-0.9976049855246477,0.68073762800103,-0.34311879908216364,1.0172417608618078,0.3420371862891376,0.0,-0.6834918676265908
2020-03-31,0.06772007158948441,0.06772007158948441,-0.13168671410486532,0.025713744222639418,0.0,0.0012,-0.9675035433191729,0.6873282842197326,-0.3377171547760825,1.0273225776777886,0.3441743313204844,0.0,-0.6858844235332658
2020-04-30,-0.07446246926466396,-0.07446246926466396,0.11002046506587715,0.7550861207816475,0.0,0.0,-1.0114350225062503,0.6309764967444317,0.3179469669135212,0.9446793770377917,0.0,-0.3216907691333504,-0.634939518320808
2020-05-31,0.02495866212667073,0.02495866212667073,0.048963632894325704,2.490365169220802,0.0,0.0001,0.0,-0.589598823117079,-0.2919032813627683,0.8924366100855233,0.583840368579603,-0.8635568330673001,0.2937406210086918
2020-06-30,-0.013367428859555783,-0.013367428859555783,0.026916608715676915,0.3114420925835249,0.0,0.0001,-0.3015733172682869,-0.5906595063729922,0.0,0.8837406736929793,0.5816548999132642,-0.877799850304349,0.29126967147982885
2020-07-31,-0.02627084880353015,-0.02627084880353015,0.04822341719475376,0.018641078964194674,0.0,0.0001,-0.30084263784698073,-0.6026582288920976,0.0,0.9139650347381861,0.592760587311019,-0.9202802508722663,0.29078464675860927
2020-08-31,-0.01010996474130454,-0.01010996474130454,0.06728294477392005,2.1252501888376063,0.0,0.0001,-0.6354425532988506,0.932125938681621,0.0,0.6232947147189731,0.3074569710560288,-0.3143743356865649,-0.9231707002125119
2020-09-30,4.43443991468527e-05,4.43443991468527e-05,-0.03404712538396337,0.0168863139379771,0.0,0.0001,-0.6023555252566996,0.9124725116837227,0.0,0.6088315510556198,0.31142719152855,-0.2997034521809101,-0.930627932431136
2020-10-31,0.012218554472323883,0.012218554472323883,-0.030428818263848467,0.030774543793602754,0.0,0.0001,-0.6091713482591045,0.9344631222515815,0.0,0.6165096002442186,0.31266191304025936,-0.311010872204608,-0.9312338606000231
2020-11-30,0.024331280097984097,0.024331280097984097,0.12828403587751724,1.5504003685804864,0.0,0.0001,0.0,0.31180935733739457,0.9463211027344339,0.6332277532919214,-0.620562019151329,-0.3183110825400143,-0.9281538315744225
2020-12-31,0.022567674825954537,0.022567674825954537,0.04279291529869855,0.040149818694076744,0.0,0.0001,0.0,0.3144219336291167,0.9332700216785663,0.6271476627681302,-0.6184547908070134,-0.31429577513250473,-0.9195213773103406
2021-01-31,0.009835744536940092,0.009835744536940092,-0.0096726899958125,0.04070581211007826,0.0,0.0,0.0,0.301502182620087,0.9203798174151554,0.6031861998678205,-0.5992288087238925,-0.3045786623658514,-0.9114249842763789
2021-02-28,-0.0029615618132986478,-0.0029615618132986478,0.02599111334571913,2.7343851846140295,0.0,0.0,0.6127043200522374,0.8932233500622279,-0.30322988972010423,-0.9066721043464342,0.0,0.30888128193853615,-0.6078685197997618
2021-03-31,-0.017371117709368125,-0.017371117709368125,0.03398856251546967,0.03949547358422362,0.0,0.0,0.6098470781857491,0.8923572697623001,-0.30624153366385326,-0.900638499124517,0.0,0.3058996359789111,-0.6185950688479581
2021-04-30,0.008010495901661316,0.008010495901661316,0.046993376343310356,0.3110079493146266,0.0,0.0,0.9394854223976785,0.637052826932371,-0.3133927433588055,-0.9475541728416704,0.0,0.3092643162581004,-0.6168451534860127
2021-05-31,0.027241981743305856,0.027241981743305856,0.014975131276260267,1.5725330013792187,0.0,0.0,0.0,0.6302388770293569,0.31593179182490727,-0.9467776638847764,-0.6192403740314075,0.9575266505928935,-0.3104372997876681
2021-06-30,-0.009984691779071044,-0.009984691779071044,0.015271243816805447,0.0313635316816393,0.0,0.0,0.0,0.6218638260255226,0.3161412169588122,-0.9311885777464396,-0.6314883154848436,0.9349271351774014,-0.32023997670952403
2021-07-31,0.010770907067194937,0.010770907067194937,0.01818369056726321,0.04284028124879119,0.0,0.0,0.0,0.6535929620681815,0.32102818106766634,-0.9606774780390425,-0.6483674792762455,0.9652996869647427,-0.32010496571810776
2021-08-31,0.007637272195066291,0.007637272195066291,0.02524838777323457,2.2577299599544425,0.0,0.0,0.3219101986555257,-0.9583883795155791,0.0,-0.6426861971033846,-0.3221997319001185,0.6394176318962742,0.9695837501623485
2021-09-30,0.022834698791106965,0.022834698791106965,-0.0409716872030218,0.35769645681102485,0.0,0.0,0.0,-0.9635305698611804,0.32856851728894526,-0.641199963669353,-0.3233149308771765,0.6408720445238142,0.9814396013860572
2021-10-31,0.016187133698922943,0.016187133698922943,0.05690030631624787,0.3477705093624037,0.0,0.0,0.3388129378764693,-0.9936861321110042,0.0,-0.6498680768720253,-0.3178098162062539,0.6615130165210724,0.9772252044906644
2021-11-30,0.003185905971755096,0.003185905971755096,-0.021530962315698177,0.9940994477457554,0.0,0.0,0.0,-0.6490821046685669,-0.3287076738144536,-0.9584356826132183,0.3283277213901263,0.6334809400733173,0.9776027056045503
2021-12-31,-0.0005743711568726474,-0.0005743711568726474,0.04306379751648315,0.0258990287948363,0.0,0.0001,0.0,-0.6567880796821859,-0.3275056925797043,-0.981359718586674,0.32084632929243107,0.6642212546449808,0.9800115357542796
2022-01-31,0.018421163541322456,0.018421163541322456,-0.05269148175938354,0.011506757289929948,0.0,0.0,0.0,-0.6423267628050477,-0.3270771894628959,-0.967577782490675,0.3264485943899234,0.6491463726973575,0.9798079312126601
2022-02-28,-0.0026273704351656825,-0.0026273704351656825,-0.024875177160341932,1.3168307468148301,0.0,0.0,-0.33577683591199403,-0.6601705392729154,0.9909959239643052,-0.9783017237047186,0.3271300195045587,0.0,0.6534957849855983
2022-03-31,-0.01271622217089189,-0.01271622217089189,0.02814149013683509,0.07593357665952424,0.0,0.0,-0.3515844560142271,-0.6777316948583778,1.0204343305620394,-1.0091778273876848,0.3223870954168353,0.0,0.6829563301105231
2022-04-30,0.041344084054495446,0.041344084054495446,-0.082672372381836,0.03530718676898928,0.0,0.0,-0.3237477703665359,-0.6497808735058588,0.9869746777386893,-0.9800878727701697,0.3216424837865282,0.0,0.6863434391718424
2022-05-31,-0.003322772439825876,-0.003322772439825876,0.0015263861140393242,2.022341697403789,0.0,0.0003,-0.3411319457286266,-1.0205530944945358,0.6690855064450358,1.0241360229681873,0.3382618122376279,-0.6731210738675145,0.0
2022-06-30,-0.00322899702841678,-0.00322899702841678,-0.08625541764222988,0.4618545817669291,0.0,0.0006,-0.35349313816819716,-1.1065812066457925,1.1021217342022405,0.7171025727119357,0.3481971091078285,-0.7105760682364318,0.0
2022-07-31,-0.03428618643522711,-0.03428618643522711,0.07972424315970272,0.40940482653721944,0.0,0.0008,-0.373372601195538,-1.1079725094565254,0.7320332364358162,1.0771630089466413,0.37520009134172516,-0.7373374125073466,0.0
2022-08-31,0.017442430183832493,0.017442430183832493,-0.041374529605258226,2.541224582020796,0.0,0.0019,-1.0610374184347582,0.7022602889312818,1.0590641352246883,-0.3546464947872674,0.0,-0.6894708281777004,0.3612727474275885
2022-09-30,0.07128882959190341,0.07128882959190341,-0.09241023620387423,0.3866195641383874,0.0,0.0019,-1.0098686257837484,1.0670627343188241,0.696050560059501,-0.3503150362403823,0.0,-0.6916936820882085,0.3600528793259176
2022-10-31,-0.05478682611270504,-0.05478682611270504,0.0720743369670207,0.05685126473458166,0.0,0.0023,-1.0202645513813415,1.0035500082971345,0.6622509943967001,-0.34231382872674637,0.0,-0.698276738161772,0.3402672894633203
2022-11-30,-0.03445554617470534,-0.03445554617470534,0.07004994638709006,0.3667789929333142,0.0,0.0029,-1.0645652246744355,0.7066885061009163,1.0438610164904305,-0.35181685720829875,0.0,-0.703433559511149,0.33481057262783104
2022-12-31,0.008232495714261094,0.008232495714261094,-0.04208373050758829,0.45422028541824566,0.0,0.0033,-0.991234933365118,0.6714967810702749,1.003803084706692,0.0,-0.34562043868536535,-0.6598855145898795,0.329673516577657
2023-01-31,-0.02167523989482268,-0.02167523989482268,0.07105447097840578,0.020063169964838895,0.0,0.0034999999999999996,-1.0257422846209783,0.6648276469646923,1.0140795997466248,0.0,-0.3318300724839751,-0.6736340319522,0.3306239024510134
2023-02-28,0.040880710836787806,0.040880710836787806,-0.023612020263774847,1.7001050984601802,0.0,0.0034000000000000002,-0.31980320641973603,0.9762943317277825,0.0,0.3262126081585533,-0.9584624205321217,-0.6547059029311031,0.6713453008334129
2023-03-31,0.006171035370361289,0.006171035370361289,0.03175241986882016,0.6622656423985733,0.0,0.0036,-0.6521861196020724,1.0113798050142757,0.0,0.3361498116123598,-0.3353053645040246,-1.0111136347064393,0.6572465375562624
2023-04-30,0.039801268913567875,0.039801268913567875,0.018030878539369244,1.0307958202854877,0.0,0.0034999999999999996,-1.0460364703528273,0.7194429867958273,0.0,1.0740069403556298,-0.3421608012715636,-0.7181978661197255,0.35274647950622723
2023-05-31,0.000951900810301191,0.000951900810301191,-0.009198761977582182,1.5831578381261668,0.0,0.0036,0.0,1.1666520140381034,-0.38567416465452364,0.7694491149663863,-1.1606559611016432,-0.786171652342674,0.39735254990465246
2023-06-30,0.07329816283868633,0.07329816283868633,0.060874724261699154,0.44436799400231786,0.0,0.004,0.0,0.8158939410171749,-0.39329026399605255,1.2306650139807593,-1.1608819142467863,-0.8217620410334606,0.4026734271170515
2023-07-31,0.0020089122373786374,0.0020089122373786374,0.033889553950999796,0.1408697120212657,0.0,0.0045000000000000005,0.0,0.7753154546993284,-0.3839770437984468,1.1431719722664775,-1.146195746959468,-0.7649246554162418,0.3786189314457295
2023-08-31,0.008339258872716693,0.008339258872716693,-0.02343149987885884,0.799564755750742,0.0,0.0045000000000000005,0.37644270542278696,0.7679345680871169,-0.7644842121463735,1.152992693228218,-1.1391136819813095,-0.3854328137377222,0.0
2023-09-30,-0.02135431015919379,-0.02135431015919379,-0.042705386139554435,0.42044857091579174,0.0,0.0043,0.3902269764830987,0.7573308249400684,-1.1764611640746425,1.1498321353908132,-0.7634244224741451,-0.37885866042438626,0.0
2023-10-31,0.025404090981541193,0.025404090981541193,-0.02878366128566201,0.4228349104134205,0.0,0.004699999999999999,0.3817258554037321,0.777779112149315,-0.7702494314873671,1.1629502873944422,-1.1402679293105487,-0.38653380316803215,0.0
2023-11-30,0.036531420093450194,0.036531420093450194,0.09428480129885441,1.544294985334581,0.0,0.0044,0.8048947985241676,0.0,-1.1883829386384201,1.192345057796954,-0.7872309806663534,0.4014225458460641,-0.3865170627689616
2023-12-31,0.022767207891067315,0.022767207891067315,0.04944657113909945,0.45572848808538885,0.0,0.0043,0.7923481813380034,0.0,-1.154127734647267,1.1679131238469604,-0.40197057719143675,0.38767978517786217,-0.7690755706330551
2024-01-31,-0.024820907213835793,-0.024820907213835793,0.012261945729694856,0.02759316445759094,0.0,0.004699999999999999,0.7431013484133517,0.0,-1.1449268785981825,1.1326511848371053,-0.36851376518697876,0.3843892366796275,-0.7715220333587589
2024-02-29,-0.0006558817796737375,-0.0006558817796737375,0.04281991876882607,1.8943418767829092,0.0,0.0042,1.123006785018626,-0.7353171961317219,-0.3769847359687012,0.7557230543299442,0.3693292459901961,0.0,-1.1364130350180173
2024-03-31,0.015784657641085897,0.015784657641085897,0.03280241172908105,0.7522313286478609,0.0,0.0043,1.1406757941856525,-0.3708430678062667,-0.7519081706558378,0.7563803963940622,0.0,0.3790628531762035,-1.1375831476527278
2024-04-30,-0.013707040818890803,-0.013707040818890803,-0.03669620191916756,0.039522084479290925,0.0,0.004699999999999999,1.1443999070426618,-0.37581479647085886,-0.7684810809922036,0.7594928299233866,0.0,0.38057049938545623,-1.153874399707333
2024-05-31,0.0407167701725685,0.0407167701725685,0.0453197210152505,0.7754386309812483,0.0,0.0044,0.39162899031696885,-0.3873132351600412,-0.761174453470202,0.7748653305869097,0.0,1.166919014066495,-1.1442088761675617
2024-06-30,-0.007247344710781157,-0.007247344710781157,0.020679277486634673,0.4066189358077774,0.0,0.0040999999999999995,0.7586535272116138,-0.37886733256985056,-0.75168921830506,0.37347870179046133,0.0,1.1272822449815612,-1.1361052678195072
2024-07-31,-0.006354086895701064,-0.006354086895701064,0.01789025740302219,0.015564285235506792,0.0,0.0045000000000000005,0.7443312185415287,-0.387298157247606,-0.7654036551829507,0.3832144444344904,0.0,1.1581032783461034,-1.1393012157872668
2024-08-31,0.009973086767520024,0.009973086767520024,0.02680134836431547,0.7786687057019903,0.0,0.0048,0.7822042812314337,-1.1692345297991926,-0.7693441631708661,0.38571644565395197,0.0,1.159158956131041,-0.37852790327884794
2024-09-30,0.03508290606856759,0.03508290606856759,0.018771913381583127,0.4295350444521866,0.0,0.004,0.7729983719949295,-1.1368078236994896,-0.3817138207987742,0.38096577798422404,0.0,1.1566554965384943,-0.7570150959508161
2024-10-31,-0.05012317606008865,-0.05012317606008865,-0.01961238998172654,0.03718137476271391,0.0,0.0039000000000000003,0.7155882399261351,-1.099659981931192,-0.36891456347768553,0.3670023065827881,0.0,1.0878264290800825,-0.7519656062402167
2024-11-30,0.01704112329334353,0.01704112329334353,0.0462499625681414,0.766744700265267,0.0,0.004,0.7065484608402594,-1.0475896089398522,0.0,-0.3466855507221289,0.3611622925983691,1.057972461193588,-0.7143669316768916
2024-12-31,-0.004693815303048073,-0.004693815303048073,-0.025739893554061255,1.7769166050619616,0.0,0.0037,1.0159913473562074,-0.6896760854876418,0.35179081992814043,-1.045490394583848,-0.33804742952718897,0.7007379270112829,0.0
2025-01-31,-0.007892888216671601,-0.007892888216671601,0.03553918394779765,0.732459759191332,0.0,0.0037,1.0732919907622949,-0.3534259404710403,0.35673983648437285,-0.711781942966665,-1.0781269847655066,0.7054101527398723,0.0
2025-02-28,-0.019721247359452992,-0.019721247359452992,-0.006877922134427172,1.0778125659424957,0.0,0.0033,1.0668493331637534,0.3581222791977974,-0.7140818011519062,-0.3561595262592814,-1.097303581410081,0.7228520491002647,0.0
2025-03-31,-0.012691293404018866,-0.012691293404018866,-0.043895745161649846,1.4486953042989046,0.0,0.0034000000000000002,1.064712680557168,0.0,0.7068533358126065,-0.734498289105442,-1.059350061905477,0.3624204958204821,-0.35282945458335635
2025-04-30,-0.031888231580800966,-0.031888231580800966,0.00934537400269364,0.3663047846462031,0.0,0.0034999999999999996,1.084787239727602,0.0,0.35213030414139407,-0.7380691691026077,-1.106169456387166,0.7283586579873849,-0.3529258079474082
2025-05-31,0.012968850769769998,0.012968850769769998,0.05989076238836755,1.8290900135053871,0.0,0.0038,1.067245121021399,-0.3543641654789487,0.7131257421498464,0.0,-1.0519489378321658,-0.7153459165451828,0.3542570074548219
2025-06-30,0.004740095082030479,0.004740095082030479,0.043488264387247844,0.014430821865018567,0.0,0.0034000000000000002,1.0860610209200905,-0.3656662151901403,0.710688366193443,0.0,-1.0581654976303296,-0.7220988077256991,0.35392122851466595
2025-07-31,0.05535251162571705,0.05535251162571705,0.013121147840592817,0.027881420181362776,0.0,0.0034000000000000002,1.0366603769578109,-0.34436313564120036,0.7015132657745956,0.0,-1.0114718622221779,-0.6811523441237242,0.35416621088041295
2025-08-31,-0.018529727575294298,-0.018529727575294298,0.026408418382837917,2.0783047030364186,0.0,0.0038,-0.3534122991668264,1.053402654522037,0.7015997565108628,0.35491288423778083,-0.7097283477621221,-1.0653043759170264,0.0
2025-09-30,-0.00044074239621625516,-0.00044074239621625516,0.03257397590137967,0.7313405343218,0.0,0.0033,-0.6969502645139155,1.0358824574868628,0.6872016426067481,0.0,-0.34169434098351587,-1.0296893455156295,0.3448091085232338
