Date,ret_net,ret_gross,ret_bm,turnover,tcost,ret_rf,w_AU,w_CH,w_EM,w_EU,w_GB,w_JP,w_US
2000-10-31,-0.014489671213004736,-0.014489671213004736,-0.01708632889252326,0.516369852538832,0.0,0.0066208316393145,0.0,0.0,0.0,0.0,-0.6714228705490347,0.15476311565839765,0.1935379011823028
2000-11-30,0.01493767126908059,0.01493767126908059,-0.0606601940442153,0.5645913477643942,0.0,0.0042084106495823,0.0,0.0,0.0,0.0,-0.14054857970597343,-0.28192110623026434,0.025522730927226258
2000-12-31,0.013421741106095774,0.013421741106095774,0.01591946220662588,0.41140552946686326,0.0,0.0060171308192813,0.0,0.0,0.0,0.0,0.3136324032534774,0.024381363149939207,-0.04976342313793574
2001-01-31,-0.003767819491016015,-0.003767819491016015,0.019407621548701348,0.09133767896452716,0.0,0.0063189359585271,0.0,0.0,0.0,0.0,0.3334499864081073,0.1526972454440491,-0.018989350148637243
2001-02-28,-5.142903404888738e-05,-5.142903404888738e-05,-0.08428769373237754,0.2383687185195117,0.0,0.0038068477582051,0.0,0.0,0.0,0.0,0.3593630403629558,0.0030825183044228504,-0.2646648715549357
2001-03-31,-0.010994560811051988,-0.010994560811051988,-0.0655272686679571,0.28927898478732594,0.0,0.0044092523317122,0.0,0.0,0.0,0.0,0.46593193561289514,-0.31690232152582387,-0.14780482746840942
2001-04-30,-0.00392889801021642,-0.00392889801021642,0.07430005225069602,0.06833664144972065,0.0,0.0040076091277567,0.0,0.0,0.0,0.0,0.5815858639266738,-0.3938221137165743,-0.1425346048960184
2001-05-31,0.007876359743361653,0.007876359743361653,-0.012220869933740608,0.5517849554988321,0.0,0.0022023115407312,0.0,0.0,0.0,0.0,-0.17153601016023703,-0.21391403733241499,0.02072874409253925
2001-06-30,0.019135567731171546,0.019135567731171546,-0.030863021105020816,0.04248812639676708,0.0,0.0021021013305981,0.0,0.0,0.0,0.0,-0.20508000774720148,-0.1814724180041385,-0.002451557741854708
2001-07-31,0.01987909257332787,0.01987909257332787,-0.013128855292933617,0.0904822058960907,0.0,0.0021021013305981,0.0,0.0,0.0,0.0,-0.3325014718252258,-0.1823953492377368,0.029490965822313767
2001-08-31,0.0014002806544676323,0.0014002806544676323,-0.047819612566213254,0.09461664195870814,0.0,0.0023025317718852,0.0,0.0,0.0,0.0,-0.25349457901724515,-0.14571518604347428,0.10443747439195446
2001-09-30,0.0434114646784535,0.0434114646784535,-0.08808865963568435,0.14618770490562497,0.0,0.0030042036421848,0.0,0.0,0.0,0.0,-0.387462485808261,-0.1540371739596415,-0.002236576033658944
2001-10-31,0.0002554653916069954,0.0002554653916069954,0.019328349104505538,0.4016791871290822,0.0,0.0023025317718852,0.0,0.1959336014222358,0.0,0.0,-0.42938226567533655,0.36695897682815776,-0.06152922784994061
2001-11-30,-0.021130243556142448,-0.021130243556142448,0.05942339866912216,0.2760228003808479,0.0,0.0021021013305981,0.0,-0.11060368275242133,0.0,0.0,-0.3037343216735586,0.3338357779044357,-0.16344542157676956
2001-12-31,-0.04953705549488542,-0.04953705549488542,0.00642655739927922,0.555279741630949,0.0,0.0020019011404841,0.0,0.23948587503912883,0.0,0.0,-1.0459365766021738,0.30399264063844256,-0.20294768118129225
2002-01-31,-0.0030729690903152493,-0.0030729690903152493,-0.030179445422376716,0.607394305673834,0.0,0.0021021013305981,0.0,-0.026125235792195486,0.0,0.0,-0.39024868706546073,0.3463503606507307,-0.4336339939056285
2002-02-28,0.04019300557319577,0.04019300557319577,-0.008483058878764771,0.41283032987738766,0.0,0.0019017109693872,0.0,0.1034396368402334,0.0,0.14564848375206063,-0.6752039385664936,0.552765897530067,-0.3394516183831993
2002-03-31,0.02424349836552753,0.02424349836552753,0.04461351842869887,0.4899245502080516,0.0,0.0020019011404841,0.0,0.3775625734654288,0.0,0.015109762321511821,-0.5382040975327925,0.41549167865613645,-0.06456999163135832
2002-04-30,0.042991710668367954,0.042991710668367954,-0.0335688321381763,0.4585177555064734,0.0,0.0022023115407312,0.0,0.10263362509404454,0.0,0.014303586943020228,-0.2137642657197697,0.6613910735974158,-0.15302707637523744
2002-05-31,0.018025103837839788,0.018025103837839788,0.0023893474624039346,0.5275102778709735,0.0,0.0022023115407312,0.0,-0.11481884084792995,0.0,-0.0589831223090567,-0.10971706241071097,0.3118086764073888,0.14111703462754663
2002-06-30,-0.0169574192667776,-0.0169574192667776,-0.06034842407994079,0.9083230712720005,0.0,0.0020019011404841,0.0,-0.0913295742027883,0.0,0.043520948805399355,0.7869364569865616,-0.4235318573172138,0.12395291325454748
2002-07-31,-0.02991064721946099,-0.02991064721946099,-0.08406593142693564,0.5953817383581645,0.0,0.0022023115407312,0.0,0.15480805991765367,0.0,0.10393120879543134,-0.007987371982593751,-0.4058442408909035,0.15184087942394023
2002-08-31,0.006962371749498627,0.006962371749498627,0.002190545928051124,0.5905392335978854,0.0,0.0022023115407312,0.0,-0.2807733011173929,0.0,0.07635268609976616,0.539615547429102,-0.5000248184474292,0.09102852966646416
2002-09-30,-0.0624951609694479,-0.0624951609694479,-0.10964976491617318,0.24764879930974928,0.0,0.0020019011404841,0.0,-0.055195890508341845,0.0,0.08964327546475746,0.37543976715422017,-0.4396945120029719,0.16050698002297922
2002-10-31,0.12092664149851169,0.12092664149851169,0.07398839582541217,0.3657666899264294,0.0,0.0023025317718852,0.0,0.009045504382995381,0.0,0.014017054553669504,0.7850858765144666,-0.6016922852025527,0.21513853397130273
2002-11-30,0.0034627840914314943,0.0034627840914314943,0.05413744826486555,0.9479633546296318,0.0,0.0020019011404841,0.0,0.17843101957119273,0.0,0.06386895644418598,-0.30196314489983234,-0.09828875109024084,0.12113390643898483
2002-12-31,-0.020054952736878354,-0.020054952736878354,-0.04821259386869514,0.6025171310647508,0.0,0.0021021013305981,0.0,0.22413780206895875,0.0,-0.08093233988220348,-0.5462587075379046,0.3999796402085279,0.33627768744235814
2003-01-31,-0.0005151784086171538,-0.0005151784086171538,-0.030203629213024774,0.22789196896512953,0.0,0.0,0.0,0.14688523230119335,0.0,-0.047541046705273295,-0.2702162485317598,0.336580426792144,0.2811789353781689
2003-02-28,0.011921887306226496,0.011921887306226496,-0.017100825067233427,0.811069294755831,0.0,0.0,0.0,-0.17404644562986982,0.0,-0.12276160108711537,0.5997371451516212,0.47440610666478067,0.08026002517761521
2003-03-31,-0.013720244908920902,-0.013720244908920902,-0.0026226145839067794,0.9587559395785812,0.0,0.0,0.0,0.3421730528882006,0.0,-0.024644477586997462,-0.09172907828978404,0.19888480203742312,-0.2611508606891622
2003-04-30,-0.07482684990992057,-0.07482684990992057,0.08943709722386362,0.749109117735527,0.0,0.0,0.0,-0.03819790841830631,0.0,0.09712792509226174,-0.6381286470432589,0.642441785315548,-0.3709616987299134
2003-05-31,-0.002331218901021847,-0.002331218901021847,0.057688236985301566,1.0940791473567402,0.0,0.0,0.0,-0.5036852918181719,0.0,0.11305613005397551,0.5928644074996833,0.21368702991248498,-0.5074590694513297
2003-06-30,-0.002945352333657114,-0.002945352333657114,0.01776222084265333,0.31423170398369116,0.0,0.0,-0.000989084660822621,-0.45611569723657924,0.0,0.12246069175970598,0.47522372843097543,-0.02058430025155971,-0.28499378190382546
2003-07-31,-0.021129162196700524,-0.021129162196700524,0.020512262629590827,0.3866092080176955,0.0,0.0,0.17096181286369547,-0.5608404270341871,0.0,0.0678805041930154,0.6676540434179492,0.06033878895854719,-0.0929808356973023
2003-08-31,0.022279787378426633,0.022279787378426633,0.021888402965644538,0.28643511726995313,0.0,0.0,0.12143086614377589,-0.46456265357475673,0.0,0.01616271261884633,0.4968115410284525,0.20728079832035334,-0.008742868275062063
2003-09-30,-0.014331319450898548,-0.014331319450898548,0.006417857465833121,0.4235955538004275,0.0,0.0,-0.18094819377868146,-0.41783840424698576,0.0,-0.008286200074768466,0.4315512556601271,-0.10716891716091798,0.06689405373804932
2003-10-31,0.017153602675721157,0.017153602675721157,0.05954996555340464,0.4090118905544257,0.0,0.0,-0.020508239491758083,-0.13706589546877412,0.0,-0.11171816011682587,0.3315549896808391,-0.11324662709756148,0.23352062586809225
2003-11-30,0.020224365689906515,0.020224365689906515,0.015464238130071362,0.6246073916761693,0.0,0.0,-0.11698311903193828,0.3169702873620846,0.0,-0.0962577238127911,-0.12313238259990618,-0.29534646414576277,0.18513957468136355
2003-12-31,-0.026980661120932975,-0.026980661120932975,0.06307386184068275,0.37358848578824716,0.0,0.0,0.020947800353734117,0.1376496854290616,0.0,-0.2634067773790889,-0.1882103031932563,-0.16164158376858995,0.11116808056886765
2004-01-31,0.0025837693626823833,0.0025837693626823833,0.016268081395822698,0.49162032951351764,0.0,0.0,-0.11721709400025847,0.3191213584841533,0.0,-0.2017795783541708,-0.2954283407354106,0.04167513499418541,-0.19046648896821844
2004-02-29,-0.00965286369285118,-0.00965286369285118,0.017137692048866615,0.48360909749791603,0.0,0.0,0.08669143156724439,-0.06247211805498619,0.0,-0.005466520790416422,-0.2118604177633356,-0.019641130404608218,-0.2285263559905204
2004-03-31,0.0033747124726559736,0.0033747124726559736,-0.006169388154118716,0.3125038950832987,0.0,0.0,0.11215633238652614,0.010607595164588623,0.0,-0.06302804080612648,-0.15336601702961195,-0.017780963025465044,0.17649958591239417
2004-04-30,0.01610003214158867,0.01610003214158867,-0.01991522122902567,0.4166535867019207,0.0,0.0,-0.1908846256810889,0.010566236582028522,0.0,-0.061750716308982066,0.09294736003630372,-0.14222982922474167,0.3079339006903658
2004-05-31,0.015599955438477005,0.015599955438477005,0.009812273395206184,0.4460120762324903,0.0,0.0,-0.1659761139853187,-0.22732115201884753,0.0,-0.025704575902597233,0.3111546245852048,-0.31011684828928504,0.5186958808970943
2004-06-30,-0.007284230329827469,-0.007284230329827469,0.02104043991082194,0.38714176950317736,0.0,0.0,-0.3769676262288943,-0.16753252342800107,0.0,0.015510726755454236,0.6065471713021007,-0.3804547139504872,0.41804309186871247
2004-07-31,-0.0017252462791343647,-0.0017252462791343647,-0.03235879666863162,0.34103267647324115,0.0,0.0,-0.3795531618019744,0.05557145655952122,0.0,-0.04429577718458389,0.4245482439625514,-0.40609366698958554,0.5640984819866496
2004-08-31,-0.013852393353276373,-0.013852393353276373,0.004874635144669792,0.31963914781716624,0.0,0.0022023115407312,-0.5294911329438433,0.3443584580838523,0.0,-0.05636816439821381,0.2677402200942702,-0.4439466173163422,0.5641110438430866
2004-09-30,-0.0009829259354716023,-0.0009829259354716023,0.01940799002272464,0.5395925572720666,0.0,0.0021021013305981,-0.3622941905720667,0.2440072382916921,0.0,0.04832142178385226,0.16221235316237842,-0.27497017226316883,0.15431436579960098
2004-10-31,-0.020921666332254698,-0.020921666332254698,0.02462376888283191,0.4619096405597133,0.0,0.0021021013305981,-0.5687759853093289,-0.006718045777325942,0.0,-0.005093528037288882,0.3088785258420864,-0.033124866490272444,0.21707043056810787
2004-11-30,0.009337751722324518,0.009337751722324518,0.05302557940569641,0.8608523478774546,0.0,0.0021021013305981,-0.037320246240907906,0.06738262591611063,0.0,-0.12382745537492112,0.0405464348105474,0.4040177286688149,-0.10178645171059279
2004-12-31,0.014765275830513395,0.014765275830513395,0.03848580293450343,0.5117335430481669,0.0,0.0022023115407312,0.004517795022338719,0.19923202751964755,0.0,-0.16495605400829913,-0.5790417609465134,0.4693051958986891,0.07728324886538471
2005-01-31,0.006914997775987982,0.006914997775987982,-0.022300451066896376,0.9547939203369287,0.0,0.0020019011404841,-0.3631539856297104,-0.27418687270449354,0.0,0.02116581465965911,0.08810812625259593,0.48866644562075295,-0.0982944503896555
2005-02-28,-0.010241157189469099,-0.010241157189469099,0.032206314852564866,0.37954215960456306,0.0,0.0019017109693872,-0.5841299387123168,-0.4129898616544819,0.0,0.007555703289745194,0.4339294958816988,0.5639860511356481,-0.0613636857862088
2005-03-31,-0.001808953852323057,-0.001808953852323057,-0.01889191673221524,0.40300588666359244,0.0,0.0022023115407312,-0.3637445850440155,-0.19740577888092248,0.0,-0.21717384259221761,0.40839995059055434,0.6242859617699034,0.01113084647977156
2005-04-30,-0.0076576969345205715,-0.0076576969345205715,-0.021076162438751322,0.7648016581692598,0.0,0.0021021013305981,-0.04557858660561016,-0.057616981005532024,0.0,-0.11347728857272,0.13399800753273872,0.15768600159682053,0.2460207799573677
2005-05-31,-0.002712407988368751,-0.002712407988368751,0.01859648726212315,0.36087257885965124,0.0,0.0021021013305981,0.13683026456531122,-0.35659774806852956,0.0,-0.11315046084976645,0.17781611692690102,0.08654131188968359,0.12661857245168065
2005-06-30,0.009954490346605335,0.009954490346605335,0.009131850633003147,0.46155320186675447,0.0,0.0022023115407312,-0.054042116333674464,-0.4232412453442291,0.0,0.033256519279814184,0.5589967554106864,0.14292042982759356,0.040624380345843175
2005-07-31,-0.008657755582901444,-0.008657755582901444,0.0352166377963834,0.24728183184216215,0.0,0.0020019011404841,-0.13980434644462206,-0.34663741073098125,0.0,-0.09430155468598772,0.5863912643156045,0.15765999366508432,0.20698702866765764
2005-08-31,0.02207238659326518,0.02207238659326518,0.008109666139810345,0.587906974582669,0.0,0.0023025317718852,0.37526757519956255,-0.23548053002423974,0.0,-0.17683972535270492,0.3988816762627723,0.14448149066964538,-0.03798698179191357
2005-09-30,-0.011139198635757344,-0.011139198635757344,0.026295678599188133,0.6843662239019555,0.0,0.0021021013305981,-0.18703610736885914,0.04661638944917155,0.0,-0.14884182160344397,0.5815993889209645,-0.05393925526394301,0.09485526395536859
2005-10-31,-0.006962911816798751,-0.006962911816798751,-0.024075703741404775,1.1644672229544515,0.0,0.0021021013305981,0.2438996053523029,-0.08890774194989788,0.0,-0.039610188061950845,-0.6504544533751908,-0.04820733817178591,0.4701798423265856
2005-11-30,0.01173421083789919,0.01173421083789919,0.033961616946174056,0.5876376431685211,0.0,0.0021021013305981,0.2965297658556493,-0.19883571857211035,0.0,-0.193422439112622,-0.12865235864777702,-0.24126187562022436,0.6613083983825659
2005-12-31,-0.01704214873030575,-0.01704214873030575,0.0224252729944332,0.7813343322666841,0.0,0.0042084106495823,-0.11891429354156319,-0.5336456268378997,0.0,0.08143783637094425,0.2964818853161475,-0.14699312871278322,0.630786218470761
2006-01-31,-0.00780790338512832,-0.00780790338512832,0.04483748566216139,0.24177320207301434,0.0,0.0040076091277567,0.002847624807653161,-0.5508504921610841,0.0,0.17247248094090148,0.16617328290774583,-0.22216907376664352,0.7081462011090585
2006-02-28,0.005710738291849842,0.005710738291849842,-0.000999797041999262,0.8603021710853956,0.0,0.0038068477582051,-0.26223566139604015,-0.4225482127597327,0.0,0.06963459958377989,0.9440222697746359,-0.25252820195957965,0.30718925558318233
2006-03-31,-0.01303537237108542,-0.01303537237108542,0.02255414431463776,1.257895171137046,0.0,0.0046101341821787,0.03701736399517695,-0.5649105449960586,0.0,0.15192695689322225,-0.4028120196724176,-0.004871249704481643,0.7405381787930403
2006-04-30,-0.0016298005323302335,-0.0016298005323302335,0.030871140190167345,1.3105441986698674,0.0,0.0038068477582051,-0.41268275228082263,-0.2580956540897221,0.0,-0.16527506561348074,0.9431654315415066,-0.17597905139061976,0.6371788988366468
2006-05-31,0.008472281264003559,0.008472281264003559,-0.03322686002788433,0.8618454537317229,0.0,0.0044092523317122,-0.8270284100895013,0.06993735885153325,0.0,0.23400287612927143,1.1984645333028396,-0.12733253736972788,0.42076175419180833
2006-06-30,0.0006430838681724454,0.0006430838681724454,0.00016917642886471462,0.9834735582810916,0.0,0.0044092523317122,-0.5424979774711406,0.6334046243365287,0.0,-0.30163594085382206,1.367565418251734,-0.3791761889403826,0.2629776832754657
2006-07-31,0.05257500888966094,0.05257500888966094,0.006500453645624127,0.40950637470737006,0.0,0.0040076091277567,-0.6482247379353105,0.6441164113324788,0.0,-0.2917316193925717,1.4734822213215242,-0.15810327218830558,-0.149886357909299
2006-08-31,0.007323729824312457,0.007323729824312457,0.026565280250777423,1.4342087457314852,0.0,0.0046101341821787,-0.11982138790915861,0.5046699953927044,0.0,-0.42899448825070946,0.2016905085402089,-0.05774234421336719,0.5468577878164382
2006-09-30,-0.0025921379185580634,-0.0025921379185580634,0.012300178675419104,1.1831978934013128,0.0,0.0040076091277567,-0.16278700415420005,0.38528014195022936,0.0,-0.0429629405448563,0.6888855971640419,-0.3732650534496221,-0.45772783352963586
2006-10-31,0.016727216347213632,0.016727216347213632,0.036921223069855014,1.7343248970652252,0.0,0.0044092523317122,0.568767467710581,-0.2784295143942509,0.0,0.11487064037106669,-0.522829549904207,-0.2199064226606974,0.166791992912162
2006-11-30,0.0007942381865830433,0.0007942381865830433,0.025043929226053807,0.6078805013166559,0.0,0.0042084106495823,0.7053074362980358,-0.2862362012160476,0.0,-0.12278373700622608,-1.0952680667280918,-0.15402994404994544,0.42284796575044764
2006-12-31,-0.0052041272488635056,-0.0052041272488635056,0.020609772745839194,0.7122507781583673,0.0,0.0040076091277567,0.39018667613768726,-0.3855020904186612,0.0,-0.08685254517486478,-0.9561121398701697,0.3572368341981398,0.11791349088438086
2007-01-31,-0.0003664886308257665,-0.0003664886308257665,0.012002475847035843,0.4246327233538269,0.0,0.0040076091277567,0.3732719248872545,-0.5443723097683445,0.0,-0.09086308706645606,-0.8364983382642313,0.20689020794190602,0.5316911788225398
2007-02-28,0.011567070008970391,0.011567070008970391,-0.004733413109958895,0.4630934975853069,0.0,0.0038068477582051,0.34839056707879784,-0.6509411433931295,0.0,-0.07695882703773604,-0.35053191801358086,0.013750438528983389,0.5976711564148115
2007-03-31,0.0003262914256358619,0.0003262914256358619,0.01883460937027248,1.5241148993938674,0.0,0.0044092523317122,-0.03201525331541674,0.8922457341361811,0.0,-0.18599955923671832,-0.927726353068259,-0.16992750040038032,0.9162462784284539
2007-04-30,0.058354521564259645,0.058354521564259645,0.044737551188138935,1.2560965636125185,0.0,0.0040076091277567,-0.5293376585839379,0.816363992242166,0.0,-0.08823620275944065,0.35085199959380653,-0.2646533837562727,0.49320190979345824
2007-05-31,-5.930730008761251e-05,-5.930730008761251e-05,0.029036232002326745,0.5539259497064236,0.0,0.0044092523317122,-0.8542922150037692,0.5558288857763111,0.0,0.01470125153466287,0.5303883176195784,-0.1250986308253066,0.6384211843383035
2007-06-30,-0.010242351635817633,-0.010242351635817633,-0.0072830389662880135,0.8731041027674098,0.0,0.0042084106495823,-0.8337234908512662,0.12678299425907383,0.0,-0.012002111368246726,0.7526010757480915,0.2897887794370215,0.009557517503046153
2007-07-31,-0.012859047841056865,-0.012859047841056865,-0.021967697461999003,0.39527261312724726,0.0,0.0042084106495823,-0.8050164276043925,0.4899995096087114,0.0,-0.060741526446047786,0.5928429060290055,0.24507825516539403,-0.14684939634544777
2007-08-31,0.0040540793191440085,0.0040540793191440085,-0.0002279066250172601,0.436536180868477,0.0,0.0046101341821787,-0.6227463129705411,0.8148412942996992,0.0,-0.13248004307749353,0.5398869302232666,0.07485543548202638,-0.2451934375010072
2007-09-30,-0.05066253491173176,-0.05066253491173176,0.04795587953595981,1.0077851825703026,0.0,0.0038068477582051,-0.5936294888366828,0.47200819114571,0.0,0.1045457523851608,0.8157431719383357,0.280932944459671,-1.1583471881079497
2007-10-31,0.013130373907900046,0.013130373907900046,0.030927915665916794,0.6020500052814279,0.0,0.0023025317718852,-0.30140154392363,0.6728706416615174,0.0,-0.17326521942420106,0.9787530420252787,0.45246941623754083,-1.3111833286110788
2007-11-30,0.04925357032018974,0.04925357032018974,-0.03984876878122068,0.6400291871501258,0.0,0.0042084106495823,-0.5874550668168563,0.87304192515314,0.0,-0.07671406289508095,0.7835736572679873,0.34774861761423076,-0.8679189462790944
2007-12-31,-0.0504162996155648,-0.0504162996155648,-0.012600712313260098,0.40651931600106395,0.0,0.0020019011404841,-0.5204524576533718,1.056071371723155,0.0,0.04298741501827373,0.7518836008185802,0.050789955402443396,-0.978858365720585
2008-01-31,-0.01905503815423018,-0.01905503815423018,-0.0761839057564242,0.3204351249351805,0.0,0.0021021013305981,-0.2875902993102782,1.045995927350093,0.0,0.022830808330565007,0.5681706197805205,0.07237529506414912,-1.1104842666109886
2008-02-29,0.06710034672017931,0.06710034672017931,-0.005224110405081528,0.565151322937788,0.0,0.0020019011404841,0.07262991617746478,1.0611776161938766,0.0,0.0692516453603549,0.31557823220477443,-0.21558811161177388,-1.245753590326079
2008-03-31,-0.02804710188540712,-0.02804710188540712,-0.008998766825300097,1.5568257696198318,0.0,0.0020019011404841,0.4318304502813825,-0.3307468730043511,0.0,0.0459693136741019,-0.03582006102701528,0.009876163097381421,-0.5081091805060263
2008-04-30,-0.024110490132915708,-0.024110490132915708,0.05335303075147335,0.5748650276950649,0.0,0.0022023115407312,0.554337180148762,-0.3173358012041267,0.0,0.3115969144103204,-0.5636671426976742,-0.06127850890774285,-0.7805765204069549
2008-05-31,0.0020762163615526547,0.0020762163615526547,0.016581378250427825,0.5564830503026095,0.0,0.0021021013305981,0.4883226271304634,-0.5912461376500555,0.0,0.3377593134946206,-0.06369364157139815,-0.25153178264834986,-0.837896792606969
2008-06-30,0.0624825290205063,0.0624825290205063,-0.07935291512275178,0.4610086014650897,0.0,0.0021021013305981,0.2532602524553596,-0.3763190693858354,0.0,0.22836636596435744,0.17271153534692454,-0.3658060209752539,-0.8074194528447739
2008-07-31,-0.0011595353907945518,-0.0011595353907945518,-0.02414453452772447,0.31520435126711815,0.0,0.0022023115407312,0.15963129722865457,-0.4540062130699345,0.0,0.26127288748736316,0.21839600375299845,-0.5028610497647036,-0.5767964272611114
2008-08-31,0.023738535439425813,0.023738535439425813,-0.01350476264793432,1.18628053695839,0.0,0.0021021013305981,0.11011137740753353,-1.6055016602189414,0.0,0.33912103458402343,0.2550832230998662,0.040207832928213956,-0.16154746311656804
2008-09-30,0.07224144768293374,0.07224144768293374,-0.11846789781273004,0.6607775344094826,0.0,0.0021021013305981,0.2542821563720664,-1.1850749511266445,0.0,0.26417407367323625,-0.3018835669405362,0.10280167638571511,-0.047498928016979275
2008-10-31,0.036976373834449384,0.036976373834449384,-0.18933973784097713,0.31094565319743067,0.0,0.0,0.09771032150205171,-1.1158693694367856,0.0,0.19357952886242374,-0.04360795668904146,0.05302040503070095,0.06588297154376785
2008-11-30,0.07597734670045217,0.07597734670045217,-0.06394059877426561,0.1948229357029493,0.0,0.0,0.11921627829035157,-0.9454824797465382,0.0,0.13805273853171277,-0.14689625599135867,0.07381676543641645,0.15806566057119584
2008-12-31,-0.031024718443795816,-0.031024718443795816,0.03258936916813693,0.4915434899768565,0.0,0.0,0.22510447792550958,-0.8971854252230173,0.0,0.07013394226431088,-0.31518838417236633,0.055381604281157897,0.6610132247447785
2009-01-31,0.00847271316292663,0.00847271316292663,-0.08730113673050555,0.21434134134574745,0.0,0.0,0.1849942202490249,-0.6281610268227796,0.0,0.06568066956316361,-0.36645685620934443,0.13512540763813927,0.5457029073017325
2009-02-28,-0.023585119201444307,-0.023585119201444307,-0.10159760210629931,0.41957455963647255,0.0,0.0,0.08844878455244587,-0.07982522401570165,0.0,-0.043114785150771176,-0.3613436846460777,0.12013269306534216,0.42781734915951053
2009-03-31,0.02559743646128971,0.02559743646128971,0.07615713944271807,0.9372718942072765,0.0,0.0,-0.11441982562848022,0.4973463679017237,0.0,0.005516809591443498,-0.0333325085620219,-0.36152442131638385,0.1467631572323569
2009-04-30,0.0037830783113541808,0.0037830783113541808,0.11324564009729876,0.46641498342770793,0.0,0.0,0.1339635969129926,0.6356055815096071,0.0,-0.1473270267222513,-0.3141028740932622,-0.2247913368467121,0.23513908631693733
2009-05-31,0.018230027588185455,0.018230027588185455,0.09185675718646058,0.5076571491897806,0.0,0.0,0.22120596902117087,0.38633672060467295,0.0,-0.1178890402573065,-0.16299636936514342,-0.033902529680202124,-0.02449925795856187
2009-06-30,0.0025436999403119515,0.0025436999403119515,-0.0040197378708376474,0.36620145793941333,0.0,0.0,0.20430216106164226,0.25724601327372104,0.0,-0.0815843093717297,0.05933812961141424,-0.20972715937511194,-0.1758219430263526
2009-07-31,0.014094659096814089,0.014094659096814089,0.08503109556755106,0.260904922694985,0.0,0.0,0.12414348506749931,0.07909899553731846,0.0,-0.09636698439287078,0.23813445031376798,-0.19531443803385992,-0.1283381256544018
2009-08-31,0.003755824491634984,0.003755824491634984,0.041814216867368525,0.4750341984332213,0.0,0.0,0.04862869071361198,0.25003494483427025,0.0,-0.05433023726090069,-0.010229032733771378,0.053853938104391263,-0.31170947400088234
2009-09-30,-0.00040616911518977586,-0.00040616911518977586,0.040222053001574665,0.5713961191597371,0.0,0.0,0.15927066854121238,-0.044139870915145825,0.0,-0.0858762922263408,-0.17131015857130247,0.33382001623261776,-0.025972313048630246
2009-10-31,-0.008780588534857647,-0.008780588534857647,-0.017553967719263652,0.19132176778956697,0.0,0.0,0.08466602921884588,-0.010048616717097104,0.0,-0.009215648758811035,-0.2824896707741501,0.27275737069181155,0.008233105856417776
2009-11-30,-0.008527367089174256,-0.008527367089174256,0.04145071138963807,0.2834785675282258,0.0,0.0,-0.17209514347902596,0.06725483321770363,0.0,0.049735658253809614,-0.25755436674761834,0.23852842388567427,0.13448038553764843
2009-12-31,-0.003909292914148193,-0.003909292914148193,0.018300893397894757,0.23016219331070775,0.0,0.0,-0.24943658866468427,0.16400998243288786,0.0,0.012998752677663173,-0.2752899529399225,0.44530560416915627,0.09255089129027623
2010-01-31,0.025399195532863565,0.025399195532863565,-0.04113383464488407,0.07139881012561404,0.0,0.0,-0.1902532593962782,0.14788861622442745,0.0,-0.009514943888908846,-0.2876005476261459,0.45282612464380845,0.12380151869851215
2010-02-28,0.013758688686769233,0.013758688686769233,0.014578066110316312,0.22041052631094957,0.0,0.0,-0.2702765203031665,-0.004545458392719927,0.0,0.010400258690928057,-0.29121081433450324,0.5132166079658341,0.26399024330643817
2010-03-31,-0.010391312252077494,-0.010391312252077494,0.06259140646105377,0.5453686654713332,0.0,0.0,-0.43473579854335215,0.4064352168006171,0.0,-0.11687836502015392,-0.30835028389996005,0.11895713674765807,0.3333682131918056
2010-04-30,-0.01954304270122883,-0.01954304270122883,0.0006613133264841142,0.7359801721382636,0.0,0.0,-0.4273712769977428,0.30573362996681175,0.0,0.010797671417071055,0.26939124114632707,-0.2692943195487513,0.049140971261224846
2010-05-31,0.005624680978605749,0.005624680978605749,-0.09483964571368098,0.2684338215582474,0.0,0.0,-0.17529841881576205,0.3124439225838452,0.0,-0.01912524806202317,0.2542983386059786,-0.36611700807578546,-0.047503334159152005
2010-06-30,0.002052904379271525,0.002052904379271525,-0.033732754494871675,0.2898257761611199,0.0,0.0,-0.17661825468284004,0.22517750405941717,0.0,-0.0252813281066659,0.2118565435312663,-0.46322265258752765,0.26595257751526435
2010-07-31,0.023275173832404683,0.023275173832404683,0.08137651794092315,0.11182601185687689,0.0,0.0,-0.17806886336504643,0.2972605359649776,0.0,-0.09088989569595829,0.2946375121330427,-0.4566684528296157,0.30933428025072823
2010-08-31,0.007355764455819255,0.007355764455819255,-0.03682114156080951,0.4025988083391057,0.0,0.0,-0.1812092787454491,0.2069895498728834,0.0,-0.10066826998109055,0.402848373469714,-0.14957811189304038,0.04680302778701487
2010-09-30,0.039590508072049786,0.039590508072049786,0.09371618956713901,0.470064800100742,0.0,0.0,-0.13627543438778864,-0.05629855031914537,0.0,0.1365027615266651,0.5958688649933248,-0.023605806242111498,-0.08924843312636312
2010-10-31,-0.0009280929334047467,-0.0009280929334047467,0.037526268351718794,0.9903345970237911,0.0,0.0,-0.011737070942183146,0.41706046127117224,0.0,-0.12707586808063956,-0.17173659652889753,0.2668816231083282,-0.0007889195139947321
2010-11-30,0.0376273304624096,0.0376273304624096,-0.02102918749571281,0.5611845022527147,0.0,0.0,0.175431421062762,0.016710940687584844,0.0,-0.11027244493094601,-0.2933510448737418,0.5872966430161538,0.08535692163540427
2010-12-31,0.019798091392595335,0.019798091392595335,0.07386333423223213,0.3500952253180266,0.0,0.0,0.26715224712069024,-0.015388299729443927,0.0,-0.25102614330821016,-0.1527567809961772,0.524857773685521,-0.15470891385172364
2011-01-31,-0.02055241666520305,-0.02055241666520305,0.022823856372704343,0.3339124049672235,0.0,0.0,0.17473017059649268,0.1132864170886356,0.0,-0.12046362267017893,-0.28459537601253815,0.4778351995734506,-0.2929379571963203
2011-02-28,0.00934498881637701,0.00934498881637701,0.03555554140297201,0.2278922843590929,0.0,0.0,0.21089354085767975,-0.02425088061144136,0.0,-0.05092459388910021,-0.3887496126240245,0.5060579046936553,-0.17314669650113196
2011-03-31,-0.0018759123479007971,-0.0018759123479007971,-0.009306559794327374,0.43421488927186014,0.0,0.0,0.390842839772513,-0.04872371390810132,0.0,0.022509508317548818,-0.3259629926794891,0.16753131298465013,-0.39315843599143907
2011-04-30,-0.01927537932771029,-0.01927537932771029,0.04295455297512851,0.3302296451216023,0.0,0.0,0.3268552088261153,-0.19429495315012257,0.0,-0.04369531666704647,0.002532904054282539,0.20806064558272866,-0.428794722805163
2011-05-31,-0.010125838323123477,-0.010125838323123477,-0.01963673228133167,0.38885936370762414,0.0,0.0,-0.0038738110561646454,-0.23627553995851788,0.0,0.0035028604545357276,0.1395553973956156,0.3193036432105153,-0.32014051278572453
2011-06-30,-0.0012316735969438,-0.0012316735969438,-0.015369907274990324,0.47677846822352665,0.0,0.0,0.11056000814923836,-0.14198779581193158,0.0,0.09163194297864379,0.2143509870823283,-0.22453821224612583,-0.27217660264664617
2011-07-31,-0.021874990614761745,-0.021874990614761745,-0.017841431825199483,0.28071574912394676,0.0,0.0,0.13462661436132387,-0.0241414665977421,0.0,0.10206570810300336,0.1523052004383754,-0.43343260921004284,-0.12863830898378836
2011-08-31,0.0247387084134248,0.0247387084134248,-0.06991438955532248,0.25194810238299187,0.0,0.0,0.24428143025914884,0.038658295437125706,0.0,0.014617388634871326,0.08745875660097158,-0.53430054132951,-0.0931614294748546
2011-09-30,-0.0274942411598261,-0.0274942411598261,-0.08583053817391872,0.5497663818781728,0.0,0.0,0.003754675710655816,-0.10526461830307185,0.0,-0.021871923927665137,0.4490590063243532,-0.5747341903775088,0.10883457496646465
2011-10-31,0.09149024270320391,0.09149024270320391,0.10372466056979146,0.4608226142730231,0.0,0.0,0.24010620465121826,-0.27663657073193165,0.0,-0.03890644208351517,0.33966587867877807,-0.7293448491559701,0.397563799844994
2011-11-30,0.015139500359143944,0.015139500359143944,-0.023792429260518166,0.23257231744812867,0.0,0.0,0.21937567790868878,-0.11752986094139828,0.0,-0.0424404970105262,0.27755194912415915,-0.8416701958499923,0.29034335195813793
2011-12-31,-0.014009653513460209,-0.014009653513460209,-0.000172542670917597,0.20925207288197786,0.0,0.0,0.29228098486746135,-0.0700170094514162,0.0,0.0023435461040795347,0.2140395889753889,-0.779356407942873,0.1813181516197247
2012-01-31,0.014293622900635164,0.014293622900635164,0.05047694702786787,0.4961269655451461,0.0,0.0,0.36553023584815675,-0.5417364437103113,0.0,-0.03377855899942751,0.3314857631101545,-0.47344583562171544,0.17060870676443443
2012-02-29,-0.009653901006489895,-0.009653901006489895,0.04954783716221334,0.4098798606662616,0.0,0.0,0.1946597938040399,-0.6891110071448149,0.0,0.015082361776366036,0.5979949673711745,-0.3315666197271117,0.08279869183828084
2012-03-31,-0.0361211758315759,-0.0361211758315759,0.013473604552079799,0.7407230342045739,0.0,0.0,0.4232156861220559,-0.2875623489013188,0.0,0.010711640753004136,0.24878633769406577,-0.5976788794265137,-0.148306089886352
2012-04-30,0.02677481602986853,0.02677481602986853,-0.010814283325261131,0.4495500663799596,0.0,0.0,0.20733354885796115,-0.1231836489578725,0.0,0.018376582810434087,0.4213901522250016,-0.3938151844666237,-0.2989700719440186
2012-05-31,-0.003788039135814084,-0.003788039135814084,-0.08529178665397297,0.27095566511290753,0.0,0.0,0.11166774968366264,-0.16962434122639455,0.0,0.03784497931717125,0.3423491864747952,-0.47015913366849593,-0.07216327841544541
2012-06-30,-0.0010610165655614671,-0.0010610165655614671,0.051469591691896355,0.4594843618220141,0.0,0.0,0.2077398916304308,-0.4128038842357904,0.0,-0.09849523389179288,0.5532730985437158,-0.203916571722835,-0.11381986063463387
2012-07-31,0.018668245590433116,0.018668245590433116,0.013132389373181175,0.2506340532867737,0.0,0.0,0.18816535189189568,-0.18458344733171114,0.0,-0.04797874702844731,0.4546679872194594,-0.2634408264391057,-0.12973495322015066
2012-08-31,-0.013378635627759074,-0.013378635627759074,0.0259882933652551,0.848453577558324,0.0,0.0,0.11930443173483543,-0.438615517832836,0.0,-0.1138132054402102,0.02207373091958462,0.24483583215744678,0.25580049136131666
2012-09-30,0.012519526150004687,0.012519526150004687,0.02797679416740184,0.9253255627978473,0.0,0.0,-0.11526169760504601,-0.23564396667572454,0.0,-0.08681108366590128,-0.40320227147310767,1.1584572089774718,0.18009972833086432
2012-10-31,-0.0370266065719052,-0.0370266065719052,-0.006462394477743549,0.17859971880122016,0.0,0.0,-0.1689943869470718,-0.1505783458203801,-0.04418321100247398,-0.08228516312653862,-0.5041821383976719,1.1835898494328383,0.20285548757549557
2012-11-30,0.002101938759354807,0.002101938759354807,0.013671400231141106,0.3526149645394436,0.0,0.0,-0.17497545902452602,-0.3326359428623527,-0.07546689336668147,-0.0420681283681097,-0.41603020494229825,1.066558442595335,0.4330411089614198
2012-12-31,0.015796669943284707,0.015796669943284707,0.019349727620516344,0.7752860781703985,0.0,0.0,-0.18976974622313608,-0.16184616636577925,0.14561030395116106,0.1289529216000333,-0.37751753636299196,0.2127513283850562,0.3567310928952267
2013-01-31,0.0016640192823515927,0.0016640192823515927,0.051249936803956286,0.4273659795504237,0.0,0.0,-0.37428485404832823,0.028118192919158635,0.14802476781563062,0.16635285686351542,-0.28364422044639886,-0.06575140746476665,0.46881872405770736
2013-02-28,-0.027519449486909604,-0.027519449486909604,0.0022423719505926254,0.5105686071557811,0.0,0.0,-0.24233083795615504,-0.03155401136617032,0.26185430135382476,0.27840609199078603,-0.3431814445370332,-0.40406785314089483,0.29941153825036215
2013-03-31,0.014109502640522933,0.014109502640522933,0.024104585258702294,0.6537199364656597,0.0,0.0,-0.38434989822272153,-0.138115918956677,0.17025836210743103,0.17563608444176534,-0.1885923703086282,0.24823677023434176,0.23355638582332922
2013-04-30,0.002001133221284944,0.002001133221284944,0.032085630617879835,0.28019370500201984,0.0,0.0,-0.20086486639410142,-0.2808845080852125,0.20808999248547078,0.16319572045683944,-0.22763661451588116,0.11440927997607059,0.24262685618119045
2013-05-31,0.03328481746252924,0.03328481746252924,0.0013263058609005451,0.4999961381229978,0.0,0.0,-0.09385833034034638,-0.07400974346437483,0.21702792992177,0.18753682945742509,-0.1513827903225779,-0.3572732328576747,0.15858539499501065
2013-06-30,0.00838594604936244,0.00838594604936244,-0.02421388146936021,0.6930361207049209,0.0,0.0,-0.0057086036451314,0.05730816522781485,0.15861902926404212,0.13367776514908505,-0.34507232264535664,0.10409591982304013,-0.23298531407591397
2013-07-31,-0.025260456441543355,-0.025260456441543355,0.05309084726735125,0.13854949534670383,0.0,0.0,0.023546931577111553,0.07458207470467046,0.1834664560333185,0.14869576053397235,-0.35611668985260636,0.13245021880104693,-0.4219173811625389
2013-08-31,0.009128208031370481,0.009128208031370481,-0.020754631929659206,0.7184350048571528,0.0,0.0,-0.046208271153397665,0.47884197234182185,0.010429033244057882,0.0032887433270290694,-0.1675028578002063,0.3070924649488976,-0.6734790133050433
2013-09-30,0.022645402577792996,0.022645402577792996,0.05056020918098314,0.5557311542142714,0.0,0.0,0.04387686842447398,0.2444192988257061,-0.12166283098310064,-0.11252416234157628,-0.09069119191951776,0.3974714575930587,-0.2777401993015277
2013-10-31,-0.014251292436343821,-0.014251292436343821,0.039451676616607756,0.5581593074732871,0.0,0.0,-0.21647992532225743,0.4039389546936613,-0.26157962823314784,-0.13328577659468444,0.11272097838842997,0.29599984450062317,-0.0030118445991560087
2013-11-30,0.016984922212721236,0.016984922212721236,0.01832016986560303,0.4542686472876649,0.0,0.0,-0.2099266099590734,0.26756721602697636,-0.3083144409512783,-0.175220401300282,0.16017192210638048,0.7398745105732734,-0.20261505029393703
2013-12-31,0.014256498045383688,0.014256498045383688,0.021571458322364068,0.5936082375732851,0.0,0.0,-0.33903857282761335,0.06029386102907988,-0.2607356230482602,-0.1768994800767257,0.7085250506851767,0.6032738708177877,-0.33581462365637116
2014-01-31,0.007154907091929414,0.007154907091929414,-0.03671169826396692,0.20381597664235576,0.0,0.0,-0.2767549845544986,0.07996516508025718,-0.25023513052975055,-0.1937056498994732,0.5658320939023069,0.7000684799297567,-0.3753468659532412
2014-02-28,-0.028532883872184795,-0.028532883872184795,0.05067748013840356,0.7281822813011819,0.0,0.0,-0.15976433299071413,-0.042503152635916086,-0.25703236192171863,-0.21314075158872178,-0.001084161587147732,0.7896915083613636,0.17523976264303812
2014-03-31,-0.019946050971352536,-0.019946050971352536,0.002204508967721175,0.2829943110299006,0.0,0.0,-0.1729974319803723,-0.03402993351297352,-0.14082205667202,-0.10886662050905489,-0.017150733578790794,0.7661436553139966,-0.11587696581475604
2014-04-30,-0.03247536729983157,-0.03247536729983157,0.010789269863882511,0.24980945546842392,0.0,0.0,-0.1935411095992335,0.018511939233377843,-0.2122559928946243,-0.15454089798463486,0.10494847689127026,0.8814117069427905,-0.17365551198704499
2014-05-31,0.024794826628174248,0.024794826628174248,0.020720344334937302,0.31726947633006886,0.0,0.0,0.018147816192243434,-0.05595485822023072,-0.3262052136252627,-0.27190865233577693,0.10414020490744737,0.9530318106851792,-0.07756750872689519
2014-06-30,0.03353521882627607,0.03353521882627607,0.018288139895402455,0.44749207372981425,0.0,0.0,0.0430540650601958,-0.21582156971951305,-0.23808735761099473,-0.14080792114545254,0.20522161355424262,0.791311124218223,-0.26406421263971513
2014-07-31,0.025175336204296905,0.025175336204296905,-0.015615716084129705,0.21758197082488284,0.0,0.0,0.1328794580439648,-0.2575329762315249,-0.234432612737945,-0.13377544272690856,0.26583559727744704,0.6834181940241115,-0.36886603227267967
2014-08-31,-0.03604951725233754,-0.03604951725233754,0.022555589966118283,0.9105050056505095,0.0,0.0,-0.31540031102292343,0.08840252577395773,-0.019850640985816927,-0.04466823004606904,0.5045565038496356,0.39733934677580246,-0.6049664455707188
2014-09-30,-0.029729686734157698,-0.029729686734157698,-0.02661915559213912,1.0032887243834998,0.0,0.0,0.05857784330802607,-0.5533185718982012,0.10166599257741744,0.1450376523792967,0.6148642728251765,-0.039462242958769586,-0.6695896847184679
2014-10-31,0.015855721004879142,0.015855721004879142,0.006777703785632694,0.9574621854823158,0.0,0.0,0.5258277440390823,-0.8327785704195506,0.01618448930376312,0.003647573030862825,0.6473563748294325,-0.5084783714186273,-0.2440841498329367
2014-11-30,-0.014168892293605129,-0.014168892293605129,0.02068095579833762,1.2661416558466299,0.0,0.0,0.05133060413135149,-0.3119207674532274,0.19155496186511808,0.1860062804631507,1.0609853195894252,-0.8373405421850592,-0.7052807948916154
2014-12-31,-0.0041979940786664,-0.0041979940786664,-0.01564344976201837,0.8740504833345413,0.0,0.0,0.4281085546730074,-0.6538926878683576,0.18595824775270092,0.19504252514486595,0.5112335523137095,-0.8197030486111506,-0.2863829229632056
2015-01-31,-0.031800619023885396,-0.031800619023885396,-0.017815065535336294,0.49180556817041243,0.0,0.0,0.12837787797025768,-0.7715767345384744,0.3098326713030781,0.2814632588471005,0.6097075580198242,-0.7852257453899861,-0.07763684765370645
2015-02-28,0.013868886390833819,0.013868886390833819,0.05915638243749055,1.6827831211156346,0.0,0.0,0.36107319425353873,0.2739490848956969,-0.5798148968308976,-0.32803273055226656,0.6163972461783366,-0.4914840177303019,0.25294968100374926
2015-03-31,-0.017633765060080325,-0.017633765060080325,-0.014848645215165712,1.003976293031227,0.0,0.0,0.25469561977886346,1.0105747413654316,-0.3723785409427314,-0.3240574954657586,0.32264634378107687,-0.5425863495799366,-0.39694512310182317
2015-04-30,-0.0010742575943240888,-0.0010742575943240888,0.023956317492407342,1.1874316210869404,0.0,0.0,-0.11997009103020384,0.843925686390196,-0.23533566421879443,-0.1621306038414518,-0.17957757644816358,-0.06420728606747163,0.11760101787492089
2015-05-31,0.028861192347648595,0.028861192347648595,0.004374360224432383,0.6992517324283413,0.0,0.0,0.2827604214533485,0.6531990294005652,-0.3439933715637334,-0.2735862106237318,-0.23121778040674376,-0.29010264226692545,0.39023364707591385
2015-06-30,-0.03197048693483984,-0.03197048693483984,-0.0228228248889496,0.8688827613586767,0.0,0.0,-0.027648188356966526,1.0925782464223046,-0.12328671733430246,-0.11647969922051224,-0.19664987355039845,-0.5397163052581999,0.10348059327796114
2015-07-31,0.04044670332493535,0.04044670332493535,0.018305250697551623,0.37210624738304443,0.0,0.0,0.25156419324501805,1.1231973387114034,-0.2283102996355282,-0.1301480844150408,-0.2467133124072092,-0.6133032763546143,-0.10600985264208128
2015-08-31,0.0008421079968070413,0.0008421079968070413,-0.06568021561976112,1.6502848560801706,0.0,0.0,0.3192384702887315,-0.39425255122022046,0.21316754543852875,0.2900054708527005,-0.09052360974563595,-0.34240320612155595,-0.41952608060079405
2015-09-30,0.008652804472114833,0.008652804472114833,-0.036296212531534144,1.0342279814823172,0.0,0.0,0.5148331718523182,-0.47077371105496935,0.3130251223791374,0.2419407261663405,-0.9164434565590028,0.058131649489348104,-0.0753919279122976
2015-10-31,-0.026621461627399978,-0.026621461627399978,0.0795682585772115,0.6207564533593132,0.0,0.0,0.4259821620934107,-0.0949310392254914,0.4104685602802494,0.29211978663886323,-1.0853628139507223,0.2094818191241593,-0.5368433960911863
2015-11-30,0.007895590889298271,0.007895590889298271,-0.004379764163474187,0.4642561774581984,0.0,0.0,0.27395517147326487,-0.2324156072862757,0.3537795590357982,0.30484315319966204,-0.7981554857767218,0.40351858793135265,-0.6404589052352373
2015-12-31,0.05082212955499278,0.05082212955499278,-0.017156340725706043,0.9366765829182868,0.0,0.0,0.3994538447203882,0.11341368205363163,0.024157841506701704,-0.2107576927676697,-0.6396473851960598,0.6271403554950794,-0.42587741603836476
2016-01-31,0.0034877403865640113,0.0034877403865640113,-0.059538973858199284,0.9071826567048227,0.0,0.0,0.030669853115227692,-0.1792370519732565,0.32332696942230726,-0.010475253407716665,-0.784091851793759,0.7700112853790929,-0.19508842908993007
2016-02-29,-0.01573953638847686,-0.01573953638847686,-0.00676253110413727,0.9184467244928893,0.0,0.0,0.19245520952713616,0.43361297573882546,0.2402907824688047,0.002314159317307111,-1.2812740747403055,0.44257532997928994,-0.061952682254831824
2016-03-31,0.0016386502590110853,0.0016386502590110853,0.06864433640322143,0.812231151385376,0.0,0.0,-0.20411318119899607,0.3355144851281814,0.27276653419521085,0.0837464179076695,-0.7867202914882275,0.6900246858512431,-0.40577421289816257
2016-04-30,-0.005349341420521364,-0.005349341420521364,0.01641146814688077,0.25179169972104337,0.0,0.0,-0.10602654753826807,0.30384315792125416,0.3813233127884351,0.07165246137966931,-0.800677806658313,0.5425803901859328,-0.47953618582420804
2016-05-31,0.008631977863785157,0.008631977863785157,0.006600259303734202,0.6812357196128926,0.0,0.0,-0.5530349267236775,0.2157981226227646,0.3951559380509269,0.1446386935544632,-0.5989258632387965,0.6725950903439428,-0.08583456494462413
2016-06-30,0.01611871345533447,0.01611871345533447,-0.010704717911692807,0.6448350222704368,0.0,0.0,-0.558700477418559,-0.43236448395575244,0.5890331193621493,0.2264539145855167,-0.4567249415566473,0.6137664748341234,0.12004773656800102
2016-07-31,0.033990685705224705,0.033990685705224705,0.04254361725526312,0.5616488087266784,0.0,0.0,-0.29502399127004186,-0.42931089087207047,0.5098467813102908,0.16483443276315285,-0.7778821939592845,0.8798314977191987,-0.028539106943930175
2016-08-31,0.007886744171043321,0.007886744171043321,0.0014128280647713876,0.27088015385298037,0.0,0.0,-0.3530102039443469,-0.3958676799050062,0.5205606706144182,0.20194881276970134,-0.6345634671807423,0.7750587658982878,-0.1822351609152181
2016-09-30,0.010251543637255181,0.010251543637255181,0.005790199333901125,0.6499591255559831,0.0,0.0,-0.27760985818163764,-0.764693217326434,0.5590281892517904,0.2048727826340072,-0.40782314311859,0.48573491294505433,0.11404265024433276
2016-10-31,0.07461664991394172,0.07461664991394172,-0.019046579664470986,0.5549505119752365,0.0,0.0,-0.3454879130907199,-0.9120741446285046,0.47232580296268856,0.11196068578654668,-0.42169443401538087,0.54358429415458,0.6767971056888371
2016-11-30,0.033791192873458116,0.033791192873458116,0.0150758408630991,1.3534863766064793,0.0,0.0,0.32006531002530286,-0.419695527792045,0.2013870673652502,0.03245391109370894,-0.7607032250445431,-0.2056940581935195,0.8307176115123772
2016-12-31,0.019450740974669162,0.019450740974669162,0.02430890857393364,1.4443828486216386,0.0,0.0,-0.05243841386269423,0.5515880963250316,0.347340875016681,0.41117233017047927,-0.8821238087779258,-0.5698877423396848,0.20928896298844574
2017-01-31,-0.0025973249830896807,-0.0025973249830896807,0.024399205081860664,1.0041971507321463,0.0,0.0,-0.15410264664156018,0.2873825317562739,0.09365294783524365,0.1774992941671626,-0.29570436564875163,-0.6669792343335624,0.696758331596626
2017-02-28,0.009386083815660824,0.009386083815660824,0.028305195232747327,0.7486751527637966,0.0,0.0,-0.0739962722119725,-0.2123533267576221,0.19118108193574956,0.14801138670579775,0.2309409582418124,-0.872779585142338,0.6385749182571052
2017-03-31,0.032132898072103525,0.032132898072103525,0.011473333778207806,2.1400102853824237,0.0,0.0,-0.727846567277963,0.6780582087782766,-0.06736200701636472,0.17287340992013628,1.0481446068538853,-0.3524264981959123,-0.5513595716659645
2017-04-30,0.03500125505102375,0.03500125505102375,0.015329756057862465,0.5718345386432048,0.0,0.0,-0.704309983042072,0.44718695952759197,-0.268553906603684,0.06842367299999205,1.2669962413738858,-0.27233443719668843,-0.25450727159852504
2017-05-31,0.008751777605944165,0.008751777605944165,0.022151706942694194,1.108213030210512,0.0,0.0,0.12549751872381482,-0.22714588218959192,-0.3667425963165139,-0.1248702028211757,1.2867947467998224,-0.17765999111705086,-0.5712045461305871
2017-06-30,-0.006017971989128116,-0.006017971989128116,0.0042543191443555894,0.9043026896848121,0.0,0.0,0.3136843821188901,-0.3516501829952497,-0.601540230775489,-0.21786068947936338,0.8401843518151626,0.34196414474064735,-0.34314042418971097
2017-07-31,-0.011482504321743298,-0.011482504321743298,0.024266424105817697,0.5531378208695564,0.0,0.0,0.34451206820060226,-0.17951557611269878,-0.5955861363750454,-0.10393228203404142,1.0227694752717535,0.004820531461988553,-0.6187119281752744
2017-08-31,-0.016553681707664566,-0.016553681707664566,0.0019895624207131313,0.2458624244830369,0.0,0.0,0.2980162366779022,-0.0944853825626601,-0.545540353959486,-0.05411132557558523,0.9071895433343286,0.053584699797085536,-0.7114210174208847
2017-09-30,-0.005990774285001051,-0.005990774285001051,0.02291483006535433,1.0151766866745535,0.0,0.0,0.5529498475333594,-0.9043010340211406,-0.39515963161051776,-0.003140477198470676,0.6746093721767242,0.10467920634363365,-0.2435973486383922
2017-10-31,0.006883983357304604,0.006883983357304604,0.019166245507121316,0.5688083903888121,0.0,0.0,0.9272652920119997,-0.882185937773027,-0.267388068632558,-0.0565063761149281,0.6341724276983046,-0.12226584868310074,-0.5678959945894094
2017-11-30,-0.04542500452191125,-0.04542500452191125,0.02224122131027695,0.3784221581859601,0.0,0.0,0.7835500311639005,-0.8729846000288051,-0.16918249363816576,0.1119694325852187,0.7020962403587624,-0.26726589653297167,-0.6964068865298678
2017-12-31,0.04455815288873495,0.04455815288873495,0.013865376518407357,1.4611636541730553,0.0,0.0,0.1340832385171309,-0.22360913968547422,0.19574058972914837,0.21969919362074983,1.1165651430903407,-0.6829006001754149,-1.0861222297585407
2018-01-31,-0.029441856963176583,-0.029441856963176583,0.05305683494915692,0.680065014426363,0.0,0.0021021013305981,0.1371398913404816,-0.2598316849650535,0.5166582153743555,0.16148576758270555,0.7004388205279721,-0.36544290480967506,-1.3775301592594265
2018-02-28,-0.0030165533779883333,-0.0030165533779883333,-0.040948095978964316,0.731037686503503,0.0,0.0019017109693872,0.38473309039662185,-0.14130958171201272,-0.0019889051431846516,0.04227476189102727,0.9168324171945121,-0.24119999201694114,-1.3837805786627304
2018-03-31,0.039592907828377356,0.039592907828377356,-0.021035277324526147,0.5696026853220002,0.0,0.0021021013305981,-0.11990363171233709,-0.13700492217972238,0.1693643626875071,0.0797238106782299,0.9699995649824509,-0.1018392235183703,-1.1296530804481335
2018-04-30,0.0306342506948264,0.0306342506948264,0.01211031563564724,0.31045296463685396,0.0,0.0021021013305981,-0.15052916619089654,-0.14864080148443018,0.23782196415138074,0.19412010655774767,0.7817830860548853,-0.1474345160234964,-1.0002157520714845
2018-05-31,-0.037397696970367426,-0.037397696970367426,0.007227008176986072,0.9004068660992843,0.0,0.0022023115407312,-0.4840366657582926,0.06272297060145908,0.2088993051896352,0.11170529194500821,0.3933255175492663,0.1652096681291801,-0.5538775970134879
2018-06-30,-0.012785864289423689,-0.012785864289423689,-8.148939079111184e-05,0.6805660371408361,0.0,0.0021021013305981,-0.3458349746095162,0.21742944728924754,0.047976163574481624,-0.07058754876688056,0.12407776437136718,0.3111417862376196,-0.2505816890775315
2018-07-31,-0.009288445759365542,-0.009288445759365542,0.03151734067650058,0.48418293045334015,0.0,0.0021021013305981,-0.6299731436725966,0.10515072628461701,0.003802602573924074,-0.019162716210809397,0.5021439584413904,0.39659487667480914,-0.2800418193303431
2018-08-31,0.006777986169611709,0.006777986169611709,0.012918587757645428,0.6679778417884563,0.0,0.0023025317718852,-0.7627799395902973,-0.12311034419066003,0.07547108998988473,-0.011011385047673097,0.25327474332189204,0.5309431522612192,0.23180046365687607
2018-09-30,0.0344820084716742,0.0344820084716742,0.006062778861925189,0.6923006052316791,0.0,0.0019017109693872,-0.5616736961919773,0.12567619917629214,-0.14185936097755666,-0.08836086293316253,-0.01619001364281579,0.7851897807275873,0.08250269356428033
2018-10-31,0.005181740325173789,0.005181740325173789,-0.07318309743114637,0.6355784824698547,0.0,0.0023025317718852,-0.6071530270817019,0.5004954364648714,-0.012012052078667563,-0.014424641211543618,-0.2788165646655823,0.5136640771141335,0.012097118748301746
2018-11-30,-0.005903821848236681,-0.005903821848236681,0.011937101716059662,1.0575618031148812,0.0,0.0021021013305981,-0.2041846730912313,-0.3622979312684539,-0.06953818298965818,-0.14610970759568784,0.24892930893183932,0.521161398438424,0.1453203573414322
2018-12-31,-0.03067163645231273,-0.03067163645231273,-0.07562923425417822,1.0341691061214893,0.0,0.0019017109693872,0.007086942639072988,-0.7175893946729994,-0.10678657505830053,0.014023682377034663,0.33760184014236383,-0.053825818631415626,0.6570820135784656
2019-01-31,0.02997299930903348,0.02997299930903348,0.07821671452246504,1.198114824098937,0.0,0.0021021013305981,-0.22845117327644204,-0.31834134240089407,-0.4016939979761338,-0.23226214557101194,-0.05317065184265679,-0.07596159299030314,1.6432652163778783
2019-02-28,-0.0016844019110726638,-0.0016844019110726638,0.030656471488933912,0.9639794235266905,0.0,0.0019017109693872,-0.03479848613558767,-0.9850851582965425,-0.23009455592382086,-0.1417610517370637,0.2853219047936932,-0.004147843167805776,1.2318059246817843
2019-03-31,0.005197375914321026,0.005197375914321026,0.013909444044370334,1.3601546618216627,0.0,0.0021021013305981,0.3822637216853219,-0.20286936499161348,-0.11629865562722745,-0.16735939058061175,-0.31383604968181467,-0.47223778351600276,0.9285765927750395
2019-04-30,0.00432451826829381,0.00432451826829381,0.03602883048752492,0.5476066907984671,0.0,0.0021021013305981,0.3127583692043741,-0.2785425058635707,-0.17584748586322108,-0.2820416205219354,-0.5341773710109585,0.11589367404746836,0.9657642800772666
2019-05-31,0.007949247185241166,0.007949247185241166,-0.05681771129129787,1.1837352262245222,0.0,0.0022023115407312,0.02127128739784418,0.06337560981145698,-0.12887553082275746,-0.08747230982761355,-0.1087967335814462,0.26953038241848537,0.03872536729767765
2019-06-30,0.012563640756392807,0.012563640756392807,0.06635086234743204,0.7758092611998557,0.0,0.0020019011404841,-0.41453507669078804,0.040905322983904605,-0.0002772128701883401,0.01581392896547599,-0.30536534454880115,0.09042168926774576,0.5894605772202834
2019-07-31,-0.0052189347437208555,-0.0052189347437208555,0.005260894511322833,0.9820552075627177,0.0,0.0022023115407312,0.0736265295416014,-0.11595508559132811,0.058608635227754516,0.10959642830838451,-0.009513559190619365,0.10933709371961756,-0.2619135330781989
2019-08-31,0.021709564930760327,0.021709564930760327,-0.019903497292386385,0.747185285390775,0.0,0.0022023115407312,-0.280350180692382,0.14165547113766025,0.15079659382113209,0.2070470075586601,-0.39272758821650233,0.16335791234889976,-0.05501289615157531
2019-09-30,0.010641116476989086,0.010641116476989086,0.021827681482483374,0.8086292674008738,0.0,0.0020019011404841,-0.5814775923190397,-0.3314838783740275,0.1839686775022132,0.1980605740358022,-0.4403723541950184,0.7537426832600346,0.1752893142788905
2019-10-31,0.005398724380957949,0.005398724380957949,0.025727575172623585,1.163181130781909,0.0,0.0023025317718852,-0.7445599858090444,-0.25867562398033095,0.005807511095765641,0.1646654211944442,0.3707821112267228,-0.07376174338245102,0.43665989711154507
2019-11-30,0.015446490929192825,0.015446490929192825,0.0283783863835374,0.9000614696388283,0.0,0.0020019011404841,-0.6881103945444087,-0.1793306357969569,-0.020034276268892575,0.04753115213928433,1.1358500428016793,-0.7323180706752781,0.3428048829863355
2019-12-31,0.04075626771388532,0.04075626771388532,0.030363063576867688,1.6051454896786121,0.0,0.0021021013305981,0.08609340703650971,0.37968938514705347,0.08764533301090854,-0.042036538489877796,1.2046387408307322,-0.5143665079330187,-1.152149841433031
2020-01-31,-0.013886067197543947,-0.013886067197543947,-0.0057813886924513724,0.6919119462036062,0.0,0.0021021013305981,0.5509279407930249,0.4459502004369922,0.03335310973946556,-0.17316415642633468,0.9361698052564942,-0.7743569280593895,-0.984383477552967
2020-02-29,-0.005888477418736826,-0.005888477418736826,-0.08417582112531241,0.924651975984374,0.0,0.0019017109693872,0.2742572176726234,0.20093494897351208,0.14338683144372494,-0.0077916082822022436,0.3901583606191294,-0.4674000568011207,-0.5737826815635428
2020-03-31,0.08411989447028118,0.08411989447028118,-0.13168671410486532,1.6819636062294239,0.0,0.0022023115407312,-0.1920139270357901,1.3023978551088895,-0.06275174720956513,0.05900872789664933,-0.19020812357048986,-0.6745208313515508,-0.03866873799574874
2020-04-30,0.06150567196479508,0.06150567196479508,0.11002046506587715,1.1679570640334394,0.0,0.0,0.39493598783619943,0.3938403010615761,0.08096678210726306,0.06165394326519532,-0.45414947188625243,-0.8578494314828815,0.35255348650843316
2020-05-31,-0.004310733374921315,-0.004310733374921315,0.048963632894325704,0.6124024309452694,0.0,0.0,0.3392940130423308,0.35744698603056013,0.24248110935911163,0.19283759652521207,-0.41812659036263977,-0.6475245963905033,-0.20092476177036442
2020-06-30,0.05471852672903456,0.05471852672903456,0.026916608715676915,0.5711408334143505,0.0,0.0,0.42090497375573915,0.6529645943842439,0.17620052904839725,0.10323142144275482,-0.1464686211995394,-0.6400600459498075,-0.5699796102827444
2020-07-31,0.032176014596207426,0.032176014596207426,0.04822341719475376,0.20987506777874484,0.0,0.0,0.285229718102593,0.7015393088980769,0.1413720299129591,0.13527263912045895,-0.004599094054896691,-0.6508756941213673,-0.6130466601137393
2020-08-31,-0.0346867140772137,-0.0346867140772137,0.06728294477392005,0.6150738059504353,0.0,0.0,0.4619263204446553,0.12951727649375802,0.1761556791512513,0.17861975436163596,-0.10961656637155447,-0.36289187812516305,-0.680645567870092
2020-09-30,0.006104049828556477,0.006104049828556477,-0.03404712538396337,0.44898723149365927,0.0,0.0,0.16777357975245383,0.27673608745436007,0.18407977215675608,0.1339854434674077,-0.03319862590073164,-0.0417848209722638,-0.6718852969776135
2020-10-31,-0.018597453759757264,-0.018597453759757264,-0.030428818263848467,0.3110868113880745,0.0,0.0,0.01656827288294128,0.3688306837315076,0.13507127875928793,0.12687244722205165,0.03459405367205148,0.13313899865190296,-0.7067031347944085
2020-11-30,0.029089787354269495,0.029089787354269495,0.12828403587751724,0.22774199096166747,0.0,0.0,-0.1231635122840194,0.5464987336590188,0.1629053123540534,0.14742808294439452,0.08231769779473441,0.06526096098143334,-0.6944196426479092
2020-12-31,0.008760380061057678,0.008760380061057678,0.04279291529869855,0.5576744169566745,0.0,0.0,-0.1946756408867883,0.4333271171874274,-0.022723891569194726,0.07234253522250636,-0.0227963684321702,0.27709846225018625,-0.3538112649150082
2021-01-31,-0.006641816855616206,-0.006641816855616206,-0.0096726899958125,0.16820691176217278,0.0,0.0,-0.12232430669924892,0.3809348314169944,0.03428750828613596,0.08340462293137726,-0.04946156549293269,0.18002438653038877,-0.3780957108516626
2021-02-28,-0.04766972276440807,-0.04766972276440807,0.02599111334571913,0.6253817057063582,0.0,0.0,-0.2917201333715289,0.9746882106049077,-0.0037638734627403704,0.017392127829312067,-0.20617379759897211,0.0746937379704075,-0.2828522898878292
2021-03-31,0.013064820007212081,0.013064820007212081,0.03398856251546967,0.4414255945348811,0.0,0.0,-0.39676255849618014,1.1875817123732209,-0.14661416402812555,-0.10223400736271188,-0.038988775513378524,0.1991995769490115,-0.2419012068131287
2021-04-30,-0.011415777878762752,-0.011415777878762752,0.046993376343310356,0.5766473475035983,0.0,0.0,-0.33012525665125153,0.8503130798904912,-0.09256469213790956,-0.0276045949771497,0.1320224063501179,0.32914486161288703,-0.5390092566927228
2021-05-31,0.025010323082761333,0.025010323082761333,0.014975131276260267,0.6338905921848602,0.0,0.0,-0.14876563993473788,0.3727741012930606,-0.18243987418307708,-0.01672857623507891,0.35595480959240555,0.49298175130613875,-0.6647445520466013
2021-06-30,-9.81761636621593e-05,-9.81761636621593e-05,0.015271243816805447,1.148053736901209,0.0,0.0,-0.40279764447276084,-0.13658288076530592,0.04019172126936585,0.012538290446532506,-0.03952008013075546,0.6637902065159467,0.04468702066781978
2021-07-31,-0.014525993385118386,-0.014525993385118386,0.01818369056726321,0.1906837116899609,0.0,0.0,-0.41022531364609605,-0.3505431583880039,0.048653094056813846,0.022033015886922133,0.018233912488301272,0.6984368419754284,0.09599915665223813
2021-08-31,0.005267783130633828,0.005267783130633828,0.02524838777323457,0.3980539438494292,0.0,0.0,-0.3512642055136146,-0.3555307907081338,-0.026696314905047862,-0.05399420480847532,0.3296624872282309,0.7313135367715727,-0.1683092993275095
2021-09-30,0.08058883724069067,0.08058883724069067,-0.0409716872030218,0.773967741131957,0.0,0.0,-0.018189220770427207,-0.8282388577612121,0.08878658785240878,0.029921129773374223,0.23732523795542992,0.4529179213571982,-0.07777371654020687
2021-10-31,-0.033814302191885304,-0.033814302191885304,0.05690030631624787,0.42818104153605285,0.0,0.0,-0.16615803707571694,-0.5951476374613889,0.08770896802553227,0.007671671042806021,0.29681631509684325,0.2076551500237838,0.06330923396258764
2021-11-30,-0.03044960507904966,-0.03044960507904966,-0.021530962315698177,0.4493154669349574,0.0,0.0,0.05187560027742621,-0.8340327286398117,0.096151273429513,-0.15058836529294098,0.23572220002363306,0.3624749524571099,0.10646489079665813
2021-12-31,-0.02869882138532747,-0.02869882138532747,0.04306379751648315,0.6132025202053832,0.0,0.0,0.28115797715302915,-0.8976244739919739,0.24519132910529853,0.004469893535221802,0.2721728719832668,-0.11014372551465007,-0.11283592276354239
2022-01-31,0.028371059176224185,0.028371059176224185,-0.05269148175938354,0.30528383500892137,0.0,0.0,0.30935320740560046,-0.7394435680276404,0.1514286937710689,-0.0856441268721528,0.17843450726419388,0.01450428536829226,-0.07057725542846524
2022-02-28,0.02658750731435848,0.02658750731435848,-0.024875177160341932,0.884213082560211,0.0,0.0,0.4934656966419991,-0.5265994401891062,-0.03699455547797013,-0.13081440374576145,-0.10026636419008987,-0.3660516904675838,0.41435464860986987
2022-03-31,0.06894741124835109,0.06894741124835109,0.02814149013683509,1.017792411944074,0.0,0.0,0.20497387802392367,0.09599563722889357,-0.14854765685390306,-0.05192178765407123,-0.5544999600999156,-0.40407677314153084,0.8583911999148921
2022-04-30,-0.004151533637168282,-0.004151533637168282,-0.082672372381836,1.4655150251418418,0.0,0.0,-0.16134072312892433,-0.37809050719947185,0.20319559527047326,0.09356315875658831,0.07352334696310152,-0.10214804943367445,0.2161566246803574
2022-05-31,0.000614529774934911,0.000614529774934911,0.0015263861140393242,0.7468182497437035,0.0,0.0,-0.2071773443598812,-0.2534700498182161,-0.021608387275774063,-0.01855914777526288,0.05612023054034167,-0.45535530387212364,0.8467258274001872
2022-06-30,-0.0005235581980778253,-0.0005235581980778253,-0.08625541764222988,0.5078779751877773,0.0,0.0,-0.10080370692139262,0.12986640049502673,-0.03680178302064956,-0.03268077101255064,0.07743475685594418,-0.6301026494112403,0.5522991225684494
2022-07-31,0.019220550317402246,0.019220550317402246,0.07972424315970272,0.26676073264029876,0.0,0.0,-0.06481510756841283,0.34572394483245317,-0.0867562389104284,-0.06182858344549895,0.058997702212133005,-0.8466277156715594,0.6268572100655005
2022-08-31,-0.0076498492564629345,-0.0076498492564629345,-0.041374529605258226,0.335360005543042,0.0,0.0023025317718852,-0.0005520587108208907,0.20308985509294702,0.043891877580213165,0.0058020015710116704,-0.12253039735914142,-0.7857225934020602,0.5551050255917491
2022-09-30,0.00584519096677346,0.00584519096677346,-0.09241023620387423,0.6588996484781808,0.0,0.0021021013305981,0.1461803611119189,-0.09935453373363132,0.14752999543754355,-0.04332413200298955,0.17926766106267425,-0.7078194052995234,0.19411674005215496
2022-10-31,0.011107005953945072,0.011107005953945072,0.0720743369670207,0.8912830929053462,0.0,0.0021021013305981,0.310125418209987,0.12168579978456198,-0.014474808562543956,-0.08697285582724018,-0.5246688085106096,-0.45570179766401836,0.515202855458661
2022-11-30,-0.03280929702803893,-0.03280929702803893,0.07004994638709006,0.6816619759787097,0.0,0.0021021013305981,0.5304052105906226,0.35113449391706636,-0.06525696890231442,-0.03859699122088206,-0.34877329334060847,-0.7715651468259279,0.07269684293525729
2022-12-31,-0.007428620549565434,-0.007428620549565434,-0.04208373050758829,1.0521647726942154,0.0,0.0042084106495823,0.44831997839686116,-0.5408041214935462,0.0034025308112788726,0.10092827584154902,-0.11673075342670607,-0.17723246974919232,-0.02439412076569153
2023-01-31,0.003972400914666007,0.003972400914666007,0.07105447097840578,0.4297071208492428,0.0,0.0040076091277567,0.356527420486463,-0.6834019385345579,-0.05834935568530414,0.09306490101016787,-0.1995035009713021,0.28845208237526937,0.007353613620937894
2023-02-28,0.03325173478038784,0.03325173478038784,-0.023612020263774847,0.9080460462973645,0.0,0.0038068477582051,0.0686625245741335,-0.5432270006811665,-0.2490880211240825,-0.011219833351166527,0.6188369473359481,0.06218817828239986,-0.04403314335577529
2023-03-31,-0.020552802886519124,-0.020552802886519124,0.03175241986882016,0.445680365255395,0.0,0.0046101341821787,0.014230674219183287,-0.7240138271447276,-0.2793092846301583,-0.07431955812092116,0.4994552246599887,0.4325458545824298,0.08763244312307074
2023-04-30,-0.020906915431412768,-0.020906915431412768,0.018030878539369244,0.6742087564270591,0.0,0.0038068477582051,0.08171385225651642,-0.9164745713290603,-0.07927212056511825,0.03135713150489604,0.7818903835613984,0.5059255763467079,-0.4387673468962585
2023-05-31,0.009665399570231884,0.009665399570231884,-0.009198761977582182,0.49486917147507464,0.0,0.0044092523317122,0.12166526523366847,-1.0501339589582126,-0.007142466117405476,0.03866446524238574,0.42508938113523986,0.5966023775852461,-0.1699732342608809
2023-06-30,-0.009226945601391326,-0.009226945601391326,0.060874724261699154,1.099824679509647,0.0,0.0042084106495823,0.06713649640392633,-0.018151263436869593,-0.10620651409414114,-0.0012424730698953849,0.5123455266359039,-0.17892745005057392,-0.326217586669674
2023-07-31,0.0005077080496738891,0.0005077080496738891,0.033889553950999796,0.46576240867320784,0.0,0.0040076091277567,0.048207407992625836,0.021799380696605645,0.04669596282075835,0.1218929360159364,0.6268923066928105,-0.1288861831773609,-0.7991079758862281
2023-08-31,-0.020195238157613156,-0.020195238157613156,-0.02343149987885884,0.3908870462070079,0.0,0.0046101341821787,0.1854488575687141,0.1260036519963013,0.04080315181265959,0.03923671767422089,0.49527864835715607,-0.33814546721137667,-0.6668114958451952
2023-09-30,0.006482398110913987,0.006482398110913987,-0.042705386139554435,0.5960687402725617,0.0,0.0040076091277567,-0.09854255337837302,0.36524516430270354,0.08281546850730447,0.05569866521379561,0.23927190633909692,-0.11207081119924496,-0.5311723702861553
2023-10-31,-0.00430207278977863,-0.00430207278977863,-0.02878366128566201,0.3964104953101597,0.0,0.0044092523317122,-0.05825699530926008,0.37534052506644366,0.10165651846129008,0.030504522975994923,0.04588468993441059,-0.29256369219546885,-0.23068866892137188
2023-11-30,0.001902736738001249,0.001902736738001249,0.09428480129885441,0.2582248408942421,0.0,0.0042084106495823,-0.06270991393731327,0.6785301756542903,0.010837068870840518,0.013281598210119771,0.04518397477392245,-0.46556329644884065,-0.23483565482486565
2023-12-31,0.0031436168679731848,0.0031436168679731848,0.04944657113909945,0.6931829044324264,0.0,0.0040076091277567,-0.06230855810024556,0.2727407748166995,0.09683734102693257,0.04252989714713609,0.36032871221077006,-0.1814203461427424,-0.5105551067809794
2024-01-31,0.001073745585738222,0.001073745585738222,0.012261945729694856,0.509163617454998,0.0,0.0042084106495823,-0.23328851715785318,0.11350974897887973,0.07636337585007054,-0.023609501161617544,0.32053749470990256,0.2648236121719523,-0.38447725220090306
2024-02-29,-0.002881711477263098,-0.002881711477263098,0.04281991876882607,0.7151129796674307,0.0,0.0040076091277567,-0.15729560509549284,0.24263218190987457,0.18997640396627652,0.06469958958715522,-0.04876929275456354,-0.14416048949057805,-0.13636581306326181
2024-03-31,-0.01252301388715545,-0.01252301388715545,0.03280241172908105,0.38661308421640905,0.0,0.0040076091277567,-0.1349534496391844,0.6036553910891417,0.12477583477463886,0.07094802815008776,-0.10082988568960494,-0.21962831562164634,-0.35033042052900576
2024-04-30,0.0002867439900605985,0.0002867439900605985,-0.03669620191916756,0.3985193781833125,0.0,0.0044092523317122,-0.09035157623122897,0.3191069860970356,0.11655697335912497,0.09009360257611225,-0.03192734009204545,0.056965059070501964,-0.4383802613890979
2024-05-31,0.0043044363787139335,0.0043044363787139335,0.0453197210152505,0.1683257296169628,0.0,0.0044092523317122,-0.033530224504143245,0.29937896266778036,0.21153665436647517,0.09417970386525736,-0.11290262270214074,0.00704698553872943,-0.4743360259172465
2024-06-30,-0.005271225258782181,-0.005271225258782181,0.020679277486634673,0.5336429038430125,0.0,0.0038068477582051,0.004982696384258448,0.3904820795928681,0.1419417195981339,-0.06315765864635094,-0.36451638240391127,0.42785318575400394,-0.510894050773108
2024-07-31,0.006635718697885684,0.006635718697885684,0.01789025740302219,0.4354599119591268,0.0,0.0044092523317122,0.16669083009203337,0.431657619072447,0.24426980633227002,0.019443731688884143,-0.35657209788723987,-0.03582168553235822,-0.5403742731647337
2024-08-31,-0.014401853661031043,-0.014401853661031043,0.02680134836431547,0.7482622179353717,0.0,0.0044092523317122,0.11842412170572884,0.15449842302859093,0.29843994064350127,0.04112439363081076,-0.7799110165298007,0.5102866194284768,-0.41063875250181436
2024-09-30,0.031296584254248486,0.031296584254248486,0.018771913381583127,0.7118424814327602,0.0,0.0040076091277567,0.23043595002170236,-0.448877475598567,0.2792299329199222,-0.007528609173045132,-0.5902401708594152,0.7677083046828146,-0.22808335556013645
2024-10-31,-0.00027586699315903726,-0.00027586699315903726,-0.01961238998172654,0.3817533173896087,0.0,0.0046101341821787,0.049987850143094675,-0.22750250215787868,0.19611635024821725,0.01307919411287257,-0.4112101160344748,0.7021161535151246,-0.3189859373377392
2024-11-30,-0.03015181819118743,-0.03015181819118743,0.0462499625681414,0.3754952788484813,0.0,0.0040076091277567,-0.0033892835909138004,-0.25100755835649846,0.26767031002499886,0.12324735054031843,-0.24150904112474694,0.5745477770208526,-0.5133792028920154
2024-12-31,0.028078286780185754,0.028078286780185754,-0.025739893554061255,0.17101490874786565,0.0,0.0042084106495823,-0.11338275541318704,-0.2076421638120833,0.2729028822154343,0.21412655846296016,-0.24137089732815678,0.5557421669213656,-0.43940632755359227
2025-01-31,-0.009949841746464924,-0.009949841746464924,0.03553918394779765,0.30388187411390455,0.0,0.0040076091277567,-0.090884887709728,-0.09850563971736614,0.08622681753844101,0.23065013110718674,-0.3946573940984517,0.5896203728788032,-0.330078407123854
2025-02-28,-0.01337206619370339,-0.01337206619370339,-0.006877922134427172,0.8433958129520631,0.0,0.0038068477582051,0.01877935003598006,-0.4861317067776014,-0.13265629491934988,0.06888017915948165,0.2771066290774186,0.6863965228911697,-0.3773924840574952
2025-03-31,-0.008251539229864222,-0.008251539229864222,-0.043895745161649846,1.118505421332594,0.0,0.0042084106495823,0.2009413592437727,-0.03978626459682782,-0.6773224582092896,-0.17291388552535253,0.4135139848247359,0.35297974198466514,-0.025645377811394275
2025-04-30,-0.01689159562714136,-0.01689159562714136,0.00934537400269364,1.1412642306659397,0.0,0.0042084106495823,0.33425100790313594,-0.4122750909177891,-0.5129337856810319,-0.19510411062625244,0.0625500469280797,-0.11331652629244421,0.7836247108895988
2025-05-31,0.027931491262053115,0.027931491262053115,0.05989076238836755,0.42994224627405797,0.0,0.0042084106495823,0.09124169953358258,-0.25979761879551394,-0.613976654483882,-0.24041907229430187,0.19203233147077245,0.06246741831803745,0.8818392711335911
2025-06-30,0.004282378077043687,0.004282378077043687,0.043488264387247844,0.43402796463824134,0.0,0.0040076091277567,0.2579279547093887,-0.22988540070047309,-0.5547238895575192,-0.3522111668634056,0.2446772688193455,-0.3313473851305082,0.9691757153272667
2025-07-31,0.002352960685079864,0.002352960685079864,0.013121147840592817,1.0242811161549197,0.0,0.0044092523317122,0.13994960783380325,0.0866045909462845,-0.3829559372204598,-0.2143975397073458,0.24996463936138782,0.09700905530723813,0.09901791979399717
2025-08-31,-0.008566112102095869,-0.008566112102095869,0.026408418382837917,1.2952100545564709,0.0,0.0,-0.15767025392739084,0.6234614644600027,-0.042111741290702095,0.07692496162146181,-0.3889343839158554,-0.36404520333122425,0.19889307042559615
2025-09-30,0.021531732002935358,0.021531732002935358,0.03257397590137967,0.6564861556696033,0.0,0.0,-0.5044983310808473,0.6019343123319657,0.4351653296693325,0.293562359183429,-0.46297113802567536,-0.37586051452077646,-0.01870138342061454
2025-10-31,-0.01046940515228446,-0.01046940515228446,0.020226026495081317,0.9801751271269501,0.0,0.0,-0.2587504028505406,0.8458385253769202,0.10120007973178576,0.10521168945291902,-0.1980670244137222,-0.18759346764511936,-0.5162788878095276
