Date,ret_net,ret_gross,ret_bm,turnover,tcost,ret_rf,w_US,w_EU,w_JP,w_UK,w_AU,w_CH,w_EM
2000-02-29,0.022547478208786796,0.022547478208786796,-0.001212828824101564,0.0,0.0,0.0043,-4.919512031705788,0.7569278183945469,6.435856321197121,0.0,4.166201800513446,-7.1753830705263875,0.7584566403358454
2000-03-31,0.024134307823241746,0.024134307823241746,0.05442926311149998,8.55806475018358,0.0,0.004699999999999999,-2.1990059433939004,3.3032288905834895,6.60371787251414,0.0,-4.402638499046209,-6.593768937797972,3.3126009249636947
2000-04-30,-0.0033583163924852683,-0.0033583163924852683,-0.038301109449248694,0.03837918848915378,0.0,0.0046,-2.2078585114794933,3.305393853973282,6.625490099345639,0.0,-4.409604390124782,-6.613288029068105,3.296508660960974
2000-05-31,-0.03382580784938321,-0.03382580784938321,-0.011619824387154143,2.2225270927067156,0.0,0.005,-2.213087946863407,3.3039726130365334,6.630720626797077,0.0,-6.635833195525717,-4.423269130338553,3.3036712250446847
2000-06-30,0.004572423648149051,0.004572423648149051,0.030136117069895274,0.27597901557295357,0.0,0.004,-2.2537785782795283,3.3834995115955238,6.760882682912072,0.0,-6.777182660088208,-4.51275451503616,3.4039059825444506
2000-07-31,0.048798862766447446,0.048798862766447446,-0.023792266927673333,1.9724271205793007,0.0,0.0048,-0.40474214455812296,3.2350659334446776,6.889322162143297,0.0,-7.672847908850986,-5.255145742388635,3.2571465629762124
2000-08-31,-0.004784015957428242,-0.004784015957428242,0.01687493416937813,4.181034936532597,0.0,0.005,-4.5611857588366505,3.419083375236724,6.826813844657624,0.0,-6.826455037036677,-2.2845943444968806,3.4215539045184324
2000-09-30,-0.007222270500856661,-0.007222270500856661,-0.03315693836523392,9.418504069105497,0.0,0.0051,4.595019111918445,0.835544614891873,7.095038364796085,0.0,-7.932758307753106,-5.433730735291328,0.8336646809371717
2000-10-31,-0.023820256575904548,-0.023820256575904548,-0.015321869419774314,1.9272753832077998,0.0,0.005600000000000001,5.250435940169081,0.9549722758325698,8.123706542072641,0.0,-9.094064486901738,-6.2174504023073265,0.9585798745588635
2000-11-30,-0.0031548624357937796,-0.0031548624357937796,-0.02818826191734969,3.002481810819801,0.0,0.0051,8.003142020286301,0.9415431867095508,5.1660145319739526,0.0,-8.94298109495846,-6.113429655936067,0.9425561494889251
2000-12-31,0.008147316094753805,0.008147316094753805,0.02434948321520647,6.104104854623458,0.0,0.005,8.270088466912169,3.8831818594414496,-0.48419517213917235,0.0,-9.234435099345399,-6.312699481119738,3.886206742345439
2001-01-31,0.04601040231590285,0.04601040231590285,0.010555943009654012,5.837850481577882,0.0,0.0054,8.326827899429906,3.8947792763406297,-6.322532913311031,0.0,-9.272801641051325,-0.48633205203789026,3.906069832945607
2001-02-28,-0.012167676088112669,-0.012167676088112669,-0.048795867360239,6.209461829114309,0.0,0.0038,8.014587566506362,0.9409207446475725,-6.136988367316144,0.0,-8.948151766613496,5.174070963257946,0.9433931834296437
2001-03-31,-9.064190338999587e-06,-9.064190338999587e-06,-0.04922215763514304,3.74199217389436,0.0,0.0042,8.560930791722633,2.1364592344778295,-4.269759926344076,0.0,-10.702525437220695,5.341097039733027,-1.066210766559052
2001-04-30,0.0014020548755883048,0.0014020548755883048,0.038953114457780824,0.029181948451341255,0.0,0.0039000000000000003,8.560232062870043,2.124684818256938,-4.27052515502373,0.0,-10.663539381482494,5.324157272560063,-1.0736075623052252
2001-05-31,0.035755192657326344,0.035755192657326344,-0.008216110784206476,7.9237815651133925,0.0,0.0032,8.564285182703346,-0.5046580855003037,-9.565346277249224,0.0,-6.528661510056589,5.540438032902936,2.5296978498571545
2001-06-30,-0.011404432165657336,-0.011404432165657336,-0.021359090411263826,4.92437806053509,0.0,0.0028000000000000004,8.574388858446177,2.145365245433624,-10.728027975562249,0.0,-4.288488961377551,5.357896957124339,-1.0725385562299914
2001-07-31,0.01825943053670294,0.01825943053670294,0.003869245207709149,12.173355529173048,0.0,0.003,11.671870230921925,-9.327888431250285,-5.830200715637893,0.0,-2.3304797418499006,4.667780465573243,1.1671776227796171
2001-08-31,0.0010781307990822978,0.0010781307990822978,-0.00915581979293889,3.9512935066464085,0.0,0.0031,12.133672223242668,-6.064294235462908,-9.700766196186168,0.0,-2.431360056403795,4.8479312491407125,1.2158951464685765
2001-09-30,0.0962078075033462,0.0962078075033462,-0.042868814854046255,6.664642125046257,0.0,0.0028000000000000004,10.073105508602707,-3.342913624280733,-9.994444966511868,0.0,-6.693732694353595,6.698560814845054,3.3556327692017804
2001-10-31,0.02606549691186498,0.02606549691186498,0.013630637349292485,11.439826385228466,0.0,0.0022,2.4329920273099908,5.343334717922069,-9.217917594253102,0.0,-6.317485230440585,8.272009789229319,-0.48686821285583304
2001-11-30,0.011675606289542085,0.011675606289542085,0.022979445001815035,0.2321600699820773,0.0,0.0017000000000000001,2.469314325880689,5.42300489362633,-9.366587851084669,0.0,-6.396380492038426,8.376009231290835,-0.4936845013852237
2001-12-31,-0.027715182268518157,-0.027715182268518157,-0.008954777577066197,8.736995133605184,0.0,0.0015,-1.0721743395615335,5.352103167822344,-10.711315345202909,0.0,2.1392428031045543,8.546790885446695,-4.282362353877663
2002-01-31,-0.012035967537942947,-0.012035967537942947,-0.02468739554286603,3.5559146671891364,0.0,0.0014000000000000002,-1.035789541737534,2.0669769052927793,-10.361505479341243,0.0,5.168152101135895,8.29475326411333,-4.1446232170011665
2002-02-28,0.0020850992295154214,0.0020850992295154214,-0.0020207261760197825,18.689282697230325,0.0,0.0013,10.512348923241257,-5.254855955545106,-8.406917792009724,0.0,-2.1031330073950714,4.204114110109125,1.0505288208290386
2002-03-31,0.0001132404307132677,0.0001132404307132677,0.02205047615427369,3.336665872175586,0.0,0.0013,10.620685122107133,-5.31163071767215,-8.507386282123779,0.0,1.057471122345822,4.263865605524512,-2.1228916097508215
2002-04-30,0.043027478395663905,0.043027478395663905,-0.001331088822003279,4.861053424863768,0.0,0.0015,8.91856692578923,-5.929164711467855,-8.8790353423552,0.0,5.938404201674083,2.9649772908189003,-2.970720886063494
2002-05-31,-0.0077857556653206286,-0.0077857556653206286,0.01487175660052431,8.407769514355437,0.0,0.0014000000000000002,0.4894331326795733,-5.379093201759826,-8.319071597024902,0.0,9.269069491108215,6.381355237917657,-2.449478818586041
2002-06-30,0.026691442539087652,0.026691442539087652,-0.007288949609461026,9.500842999131098,0.0,0.0013,-5.784142993062759,0.526387464070788,-8.930948226153353,0.0,6.851216215035763,9.99480712326635,-2.6306281406177043
2002-07-31,0.04683798584166497,0.04683798584166497,-0.03563502705165478,10.00752398693514,0.0,0.0015,-4.483515428881649,5.608276416708228,-11.197944714138682,0.0,8.989176039007177,2.2517418740866324,-1.1208962009400338
2002-08-31,0.0008240151405345737,0.0008240151405345737,0.010433158987546376,13.854246128201426,0.0,0.0014000000000000002,-11.657594215042849,9.327516170838386,-4.663981330194563,0.0,2.3300253795551056,5.831132109482235,-1.1662740994977732
2002-09-30,0.025889270132342608,0.025889270132342608,-0.04407630862954959,8.16083006377034,0.0,0.0014000000000000002,-9.643778473862449,6.431979642112494,-3.2101910737833226,0.0,3.2164599793815367,9.642671883957643,-6.411252687673559
2002-10-31,-0.006478430220058538,-0.006478430220058538,0.029076025631141977,3.29040383330368,0.0,0.0014000000000000002,-9.698325221463922,6.462585992784667,-6.463252797303022,0.0,3.2328088569699305,9.68860281571409,-3.2288980769218014
2002-11-30,-0.019874785534623955,-0.019874785534623955,0.02470264732376548,7.02402130905039,0.0,0.0012,-10.041734070778503,6.6949247911543255,-6.689062149566006,0.0,10.029417991702468,3.342498595322187,-3.355919943369097
2002-12-31,-0.0007168028254818486,-0.0007168028254818486,0.005356192545459937,0.4223690878969497,0.0,0.0011,-9.839155232495314,6.55513329289594,-6.553106867428802,0.0,9.830298075657982,3.2833311087273738,-3.277217180182662
2003-01-31,-0.007595799568019182,-0.007595799568019182,-0.0052626591732434225,3.3300349528715296,0.0,0.001,-9.776030404073996,9.781476623149793,-6.523285519095229,0.0,6.5136970698093375,3.2593390168072442,-3.2627925861651694
2003-02-28,0.029389305188987504,0.029389305188987504,0.0009199299894242507,12.032551164825923,0.0,0.0009,-12.366746863898305,9.92076381878534,2.474099714872782,0.0,-1.2369252790314484,6.185899030586422,-4.947701116125797
2003-03-31,-0.004832088027190159,-0.004832088027190159,0.0007118765660765192,0.1645144432312201,0.0,0.001,-12.498441275506385,9.981446644964471,2.497410980650837,0.0,-1.2464843397119272,6.261703005238818,-5.000467103662997
2003-04-30,0.013577253978185575,0.013577253978185575,0.04390266004896226,0.08076954775247835,0.0,0.001,-12.433915103823514,9.94657500805748,2.48816899047095,0.0,-1.243108325564318,6.219523425804348,-4.963666740966753
2003-05-31,0.0175414720311049,0.0175414720311049,0.04952453470403406,0.0692556773516968,0.0,0.0009,-12.474031484198884,10.002766850854753,2.495690262180362,0.0,-1.2469938986789268,6.241407619390596,-5.00129787751679
2003-06-30,-0.035088887441766824,-0.035088887441766824,-0.0014577828712760699,7.8355152436392626,0.0,0.001,-12.772583590928125,10.199905192606332,-1.275386863049715,0.0,6.371257449596819,2.5503716978790725,-5.108652773546144
2003-07-31,-0.022252170790723887,-0.022252170790723887,-0.007534471300557399,4.363311925442723,0.0,0.0007000000000000001,-12.266863539197587,9.80544470625208,-4.90947137620417,0.0,6.120500007525292,2.4546145446019403,-1.2264765137682736
2003-08-31,-0.015906020999425678,-0.015906020999425678,0.006985041585706675,9.038379047404277,0.0,0.0007000000000000001,-10.616728880758746,6.144339973634564,-7.265914591091892,0.0,9.486126932617164,-0.5591176805620849,2.795388225161564
2003-09-30,0.006298234373359744,0.006298234373359744,0.03352236095528882,2.244587344852908,0.0,0.0008,-10.243070865491918,6.152134826875275,-6.14520752967409,0.0,10.23891061396496,-2.0502389790759583,2.0537701677750904
2003-10-31,-0.02551690239827393,-0.02551690239827393,0.023960523498449016,5.352254350006744,0.0,0.0007000000000000001,-13.21884491190855,7.919119320168714,-7.932496877180154,0.0,13.19512899610219,-2.6434981987425696,2.655074769162095
2003-11-30,-0.038160920735218734,-0.038160920735218734,0.016213877431540347,10.996617725101752,0.0,0.0007000000000000001,-15.38439649560369,7.692198247801848,3.0771890665191983,0.0,12.272503462225705,-6.1525609274498,-1.5430942742284688
2003-12-31,0.013017247588867402,0.013017247588867402,0.05063331442830643,0.7505635822286764,0.0,0.0008,-14.873605103123785,7.445582534756873,2.9748677522912796,0.0,11.910281715825557,-5.95242880073951,-1.4916808514215407
2004-01-31,-0.019593798529941697,-0.019593798529941697,0.009052709710837714,0.889524346151787,0.0,0.0007000000000000001,-15.475831816820705,7.739463850062735,3.095322144227901,0.0,12.366269775238765,-6.196544992556812,-1.5482727586818161
2004-02-29,0.009693704506998831,0.009693704506998831,0.008914564156645488,0.038686609242207126,0.0,0.0006,-15.448110706368105,7.729177783231852,3.08977763526857,0.0,12.36370848918194,-6.179876417366227,-1.5449830794410222
2004-03-31,0.012594572831406508,0.012594572831406508,0.004575978160007654,3.3015499198620706,0.0,0.0009,-13.667817673575659,7.920272335510614,3.596794124625172,0.0,12.236907627410762,-9.353482215788679,-0.7200796253508125
2004-04-30,-0.031140684228211812,-0.031140684228211812,-0.03202747580680698,6.171942521009966,0.0,0.0008,-12.31665873962482,6.146355487719091,1.5395823424531032,0.0,15.369681277380607,-7.696415917351029,-3.0736851348051593
2004-05-31,0.008710802796645599,0.008710802796645599,0.008771320820335493,8.459617970691296,0.0,0.0006,-13.096238549184195,0.7700911557724375,10.015264571696465,0.0,14.658699818011684,-8.475683633455306,-3.8634225600444414
2004-06-30,-0.004276064484233181,-0.004276064484233181,0.011190230158493408,3.5358245607854526,0.0,0.0008,-13.242307879343006,1.6562300894663873,6.622813251487782,0.0,16.54419540246322,-8.266539235179605,-3.3186676933790062
2004-07-31,-0.00786768615849552,-0.00786768615849552,-0.018259505651387786,19.920754065347637,0.0,0.001,-14.960498420518922,-8.979039676133691,14.960498420518922,0.0,8.97907233962631,-2.9960211777919943,2.988120828140881
2004-08-31,0.003028246304617975,0.003028246304617975,0.014722827915299774,27.89525931013919,0.0,0.0011,-16.471803050566223,2.0596038312645577,20.592840720395678,0.0,-10.30367404431737,8.24583931549073,-4.1197785259627455
2004-09-30,0.02275572034639431,0.02275572034639431,0.016597170084819757,22.501202075406397,0.0,0.0011,-17.819522174001584,3.564804401198348,17.821314913130323,0.0,10.701831575678801,-3.56463243080375,-10.681040564855744
2004-10-31,-0.07972293824928679,-0.07972293824928679,0.02721990404982977,15.182589963484656,0.0,0.0011,-18.73601650450981,18.745673737021473,11.241609902705886,0.0,3.747203300901962,-3.7479685828994906,-11.330224791469307
2004-11-30,0.0046362533701064185,0.0046362533701064185,0.0440652883664745,30.027145108852004,0.0,0.0015,-16.6619875115979,9.997192506958742,-9.997192506958742,0.0,16.66558340227004,3.3327036950456743,-3.3316633323477105
2004-12-31,-0.03227132679631788,-0.03227132679631788,0.027301244887431908,21.135239897643984,0.0,0.0016,-17.216551253855094,15.40039575688917,-0.9060431237400476,0.0,4.525411117032674,9.980602987646023,-11.81608681076905
2005-01-31,0.05472489616178466,0.05472489616178466,-0.018009085671903957,9.00938795026121,0.0,0.0016,-15.190659977423268,16.986366581325314,0.8935682339660739,0.0,-4.460763510849632,11.618755605917823,-9.792542036774526
2005-02-28,0.06296014321327414,0.06296014321327414,0.0161741224137959,7.051673261880651,0.0,0.0016,-13.877325018489392,15.510766620406883,0.8163132363817283,0.0,-8.957519692438384,10.616290595517675,-4.045565598165239
2005-03-31,0.02065453255533241,0.02065453255533241,-0.016053159290623786,6.336224710408848,0.0,0.0021,-14.608588315838825,13.070842177329473,3.8451350060199765,0.0,-9.985852444222568,8.462774130999748,-0.7636560217324809
2005-04-30,-0.019599202420673215,-0.019599202420673215,-0.002547047491848531,8.032544705615692,0.0,0.0021,-16.247847815288026,8.131010983775042,3.2497329923674845,0.0,-6.5178173231467715,13.002116574033503,-1.6367946141618956
2005-05-31,0.010714455004344979,0.010714455004344979,-0.001754488902569462,22.355047148029495,0.0,0.0024,-9.901771718179534,12.949150589445702,-14.471092414596635,0.0,3.8095514760344336,8.378422223074988,-0.7535457007746167
2005-06-30,-0.0037272664440559343,-0.0037272664440559343,-4.4818665406509695e-05,23.025496970500342,0.0,0.0023,-14.675836080267711,8.498231863408305,-0.7724124252772491,0.0,13.129658061272718,3.863634691281545,-10.04700337686167
2005-07-31,0.0046515226101147365,0.0046515226101147365,0.012260673131825772,13.243035419236204,0.0,0.0024,-15.03335823437521,9.013575454893239,3.006523457800309,0.0,15.031808866842374,-9.016343641451119,-2.997554381099478
2005-08-31,0.006451333608907948,0.006451333608907948,0.013043921390037516,26.294674286178573,0.0,0.003,9.087579500338707,4.130283973699359,-10.740396041436435,0.0,14.048928596585878,-15.695290154706884,-0.8246545408717261
2005-09-30,-0.033195326105916786,-0.033195326105916786,0.003509227003188009,16.966289266462542,0.0,0.0029,-3.10372191239412,9.30695882625584,-15.518609561970598,0.0,15.49718252764495,-9.309269890676372,3.0942646850343816
2005-10-31,-0.015670952856789253,-0.015670952856789253,-0.021193160657350774,12.79816627624738,0.0,0.0027,-7.010988097247937,8.748903037184276,-17.530114749393817,0.0,14.023423011966111,3.502281503037851,-1.7491756584032652
2005-11-30,0.03407580235903166,0.03407580235903166,0.011257917388529659,31.742005020238526,0.0,0.0031,9.741492501794003,-14.59131313068816,-9.742462406974242,0.0,14.616912208743388,-4.866824515073231,4.876271144557275
2005-12-31,-0.005963609474663835,-0.005963609474663835,0.017076521591678162,12.270206670009983,0.0,0.0032,16.064649624132826,-9.303430780606764,-14.373633874224108,0.0,10.99160237440667,-4.231808396968317,0.8466574437850239
2006-01-31,0.01584000561258186,0.01584000561258186,0.029590668196876946,4.139995602626465,0.0,0.0034999999999999996,14.968904553446471,-9.980321690965518,-14.971900047358199,0.0,9.981431120903299,-4.991668593713259,5.009394663299787
2006-02-28,0.004257366240614849,0.004257366240614849,-0.002952835120293318,4.143550949972905,0.0,0.0034000000000000002,16.300550499891187,-9.437658183774445,-14.581051880850119,0.0,11.15415829226857,-4.289181625567835,0.8574402642732534
2006-03-31,0.002135543017738201,0.002135543017738201,0.006509549926963398,0.066490989488316,0.0,0.0037,16.337991390703618,-9.448568346707777,-14.617467782928337,0.0,11.17632053192621,-4.304289146111861,0.8581488961358812
2006-04-30,-0.03036281736772465,-0.03036281736772465,0.027651495465833342,4.218103546653046,0.0,0.0036,15.225554013840181,-10.155617336163631,-15.226319631829256,0.0,10.125560771338822,-5.0741518386394056,5.074611204085564
2006-05-31,0.015560883921626481,0.015560883921626481,-0.009579427712649635,12.577709494660734,0.0,0.0043,15.023769542533065,-1.877872166683834,-18.762771337387175,0.0,3.753573832785436,-7.5141783131326365,9.393039325806779
2006-06-30,0.00022161010142197684,0.00022161010142197684,-0.004859094337308245,11.306086719801694,0.0,0.004,14.97479052180267,3.743105379436012,-18.710028427506522,0.0,9.352273293324545,-7.4851098939878336,-1.8748092629674415
2006-07-31,-0.0015647985580408176,-0.0015647985580408176,0.007211427147981286,25.23849378907252,0.0,0.004,-10.263814072320564,15.395721108480847,-15.398046664142301,0.0,10.242988511147717,-5.1334739190397185,5.155060237315979
2006-08-31,-0.0005695210817209615,-0.0005695210817209615,0.018441261137778664,15.463547013394653,0.0,0.0042,-10.29063064084592,15.433503616282287,-15.448348368551606,0.0,-5.148624479463916,10.293771635272703,5.159758716224731
2006-09-30,-0.0039607681739889196,-0.0039607681739889196,0.005252609709792022,22.06920615350839,0.0,0.0040999999999999995,-15.02757482872535,18.78545941379796,-9.392706722425299,0.0,7.5177599135139905,1.8788289740486963,-3.7657275183839793
2006-10-31,-0.025898482576642713,-0.025898482576642713,0.024292395617105722,21.121096085743748,0.0,0.0040999999999999995,-9.8475340362354,9.844001922162144,-16.408428957476133,0.0,16.379396611410897,-3.2831789499442574,3.289844927506107
2006-11-30,0.015666078370115473,0.015666078370115473,0.026168873440274742,22.504993665603465,0.0,0.0042,-10.789536935538592,21.58795527297436,-17.258933654068784,0.0,-4.3172037926747455,2.1579073871077195,8.635477800570166
2006-12-31,-0.01906320345916881,-0.01906320345916881,0.0027610531237172165,21.58397048592859,0.0,0.004,-18.61821030874365,18.60465865087153,-11.171488366620219,0.0,11.157824975513725,-3.7221277243607465,3.7302795698801896
2007-01-31,-0.0027326379319274276,-0.0027326379319274276,0.000610869102998679,4.542157258592205,0.0,0.0044,-17.688936437788126,22.110003459861456,-11.066155900771333,0.0,8.853842226649078,-4.4203899563658,2.208903970482801
2007-02-28,0.016824154687249532,0.016824154687249532,0.007524035992735545,3.577459283232468,0.0,0.0038,-19.600840138235608,24.506223372581843,-12.239439017366172,0.0,9.805709895187912,-4.9027529820919975,2.447923024611275
2007-03-31,-0.04291048729454213,-0.04291048729454213,0.011415016497603014,15.349432041733799,0.0,0.0043,-16.2500180592678,27.067926918330087,-27.086089120186486,0.0,16.216975861371537,-5.414414063865792,5.422707976323906
2007-04-30,0.010058367382324017,0.010058367382324017,0.029820303782732482,15.70336013314473,0.0,0.0044,-25.13064507989697,31.405012538987723,-15.706653174935603,0.0,12.589618248631076,-6.28266126997424,3.1353871045703414
2007-05-31,2.016008641006657e-05,2.016008641006657e-05,0.007622178357741927,19.7587911491277,0.0,0.0040999999999999995,-25.80273986810033,12.897962786154965,-16.12590099758424,0.0,32.267145139935856,-6.447403378107521,3.210956477787687
2007-06-30,-0.0010128496327137335,-0.0010128496327137335,-0.006716283484492047,15.959065629793058,0.0,0.004,-16.79853157292467,19.855956652069196,-25.966592252578124,0.0,29.009326116240267,-7.631732037170268,1.5305602447308753
2007-07-31,-0.04516928311171276,-0.04516928311171276,-0.00016930849875829157,9.174723231393344,0.0,0.004,-7.63740386140639,19.855152162119513,-25.97634369372512,0.0,29.0034693723158,-16.8195725113695,1.5295292489539825
2007-08-31,-0.12929486175982174,-0.12929486175982174,0.006926645498760875,7.250804828500097,0.0,0.0042,-6.313465987587637,12.591977237658943,-25.2576993951463,0.0,31.492949785396032,-15.77724140306186,3.134184900981008
2007-09-30,-0.07041334542448062,-0.07041334542448062,0.0376846954983987,18.34330554366084,0.0,0.0032,-12.265012938454799,14.460153045228912,-18.944497752884406,0.0,21.14424504304284,-5.581304617479678,1.1160038751226438
2007-10-31,-0.021267641283757723,-0.021267641283757723,0.024578338074680905,13.668224487511319,0.0,0.0032,-17.81962641504687,13.636759305717975,-5.242653941296926,0.0,19.875360591117403,-11.520850910588386,1.0497437288130438
2007-11-30,-0.03210624542226021,-0.03210624542226021,-0.010801470035733063,5.092139278644635,0.0,0.0034000000000000002,-18.45755048429868,12.278000819906524,-6.149725672884752,0.0,18.431714695169692,-12.321561236102841,6.1870156327877925
2007-12-31,0.006386601174057179,0.006386601174057179,-0.009231795574268453,2.586887531732525,0.0,0.0027,-19.749835901153833,13.151292424459081,-6.58527279571386,0.0,19.745497457316887,-13.158395735921035,6.603101152186817
2008-01-31,-0.017858600348696047,-0.017858600348696047,-0.025390870037274915,20.891044035914298,0.0,0.0021,-23.825791046919093,19.110563787806118,4.763715217164599,0.0,11.903921309185309,-9.551926234637822,-2.41834163294779
2008-02-29,-0.08003514692244057,-0.08003514692244057,0.008931692705318017,5.563832291086003,0.0,0.0013,-21.26909273555446,21.248987915223253,4.250603623927184,0.0,12.678744358761241,-12.739187503255074,-4.250090806024585
2008-03-31,-0.1073369205217873,-0.1073369205217873,0.010966861034271025,18.006911711272394,0.0,0.0017000000000000001,-19.51791221691456,19.43034979778377,11.716644378252763,0.0,3.9035824433829123,-3.8971556831253054,-11.742845639901365
2008-04-30,-0.04933004625860733,-0.04933004625860733,0.010939850944766683,6.378287963612803,0.0,0.0018,-19.150638077378353,15.27633697509947,9.563743061078748,0.0,3.8276249500438975,-1.9136796967159133,-7.652717258386443
2008-05-31,-0.016360795085127437,-0.016360795085127437,0.001787283863046829,9.201683321547643,0.0,0.0018,-16.252638258451114,16.234709930769444,9.752565747699315,0.0,-3.2530300616135905,3.2525475384803526,-9.750515691969534
2008-06-30,0.01367703164870352,0.01367703164870352,-0.04031100802057119,0.9550401461041247,0.0,0.0017000000000000001,-16.779468755886555,16.77065355304493,10.075310652062523,0.0,-3.3617287350961313,3.3600618842341765,-10.05115156671024
2008-07-31,-0.019642013492743672,-0.019642013492743672,-0.011343954126205924,0.5513663834837337,0.0,0.0015,-16.471011772240857,16.484086668145707,9.885094921134828,0.0,-3.303870596825684,3.2979203401859984,-9.911861573892736
2008-08-31,-0.025965384283216323,-0.025965384283216323,-0.016745445821676253,0.22854133885893924,0.0,0.0013,-16.614146819484358,16.618598865901497,9.968488091690615,0.0,-3.3404645015410313,3.3242130464847484,-9.982654067334687
2008-09-30,0.07305028352984987,0.07305028352984987,-0.06597605634725823,0.28387577209333426,0.0,0.0015,-16.782310260173222,16.801732565232147,10.067358764278808,0.0,-3.3708548437066455,3.355064946002834,-9.99794088810407
2008-10-31,0.2580314474605357,0.2580314474605357,-0.10131355099831318,10.038814806851683,0.0,0.0008,-13.994792817411955,14.192967999342812,2.8037581438347003,0.0,-2.840510556950117,8.45563565500824,-8.359026976363145
2008-11-30,-0.09621294820224421,-0.09621294820224421,-0.006613744759143336,20.96677895849886,0.0,0.0003,-1.287701584828193,1.289699369896105,6.426185383777504,0.0,-6.481217323905963,3.9112240748116505,-3.954402867953348
2008-12-31,-0.013820086286390263,-0.013820086286390263,0.0554356770971014,6.101949111132441,0.0,0.0,1.2385035981008763,-2.4955655653612636,4.961243849833755,0.0,-6.194281253876872,3.102211975199827,-0.6259326901827108
2009-01-31,-0.03326476279436007,-0.03326476279436007,-0.06090081147641435,1.890109160812362,0.0,0.0,3.0901283536822075,-2.481695400110184,4.937746557535897,0.0,-6.1987290544051215,1.2357932572562622,-0.6165084767534184
2009-02-28,0.016675745894806287,0.016675745894806287,-0.05747671933025578,6.6937518863676555,0.0,0.0001,-1.0508749070104217,1.0529661458855937,5.253051792004687,0.0,-5.234934994975946,3.1551642526547896,-3.158696542663896
2009-03-31,0.0023840992517489075,0.0023840992517489075,0.044150762617619854,6.61886165826073,0.0,0.0002,3.0011904195487626,-2.4066694237930406,4.803355641785028,0.0,-5.995602420984759,1.2004761678195055,-0.6003662851237437
2009-04-30,0.0065419920195157865,0.0065419920195157865,0.04329354048696654,1.8073609535009032,0.0,0.0001,4.79460435026029,-2.3972027020108437,2.997529905918808,0.0,-5.986479673129559,1.198055549642478,-0.5999654386616544
2009-05-31,0.006479194449729652,0.006479194449729652,0.05704479693938258,1.30463175762429,0.0,0.0,5.178358907773448,-3.108723629377825,3.1070153446640694,0.0,-5.166636712631961,1.0356717815546896,-1.0392064975326918
2009-06-30,-0.0008249999980268525,-0.0008249999980268525,-0.0010359375830089057,0.02293935723825402,0.0,0.0001,5.163815044182827,-3.101886869628537,3.0976683906571414,0.0,-5.15901262441931,1.0323420428635444,-1.0337509836536922
2009-07-31,0.008105550844267092,0.008105550844267092,0.04587420128584596,2.0710493653778492,0.0,0.0001,3.1138078563047786,-3.106132628476595,5.163546159442741,0.0,-5.161891740317583,1.0333384233261846,-1.0345625194352601
2009-08-31,0.010716306101559709,0.010716306101559709,0.029345260561444375,1.32929439302407,0.0,0.0001,2.97019184497289,-2.3771108995565684,4.7515891046717975,0.0,-5.928102381680483,1.1883129690228966,-0.5941643313289698
2009-09-30,-0.00031999696010002283,-0.00031999696010002283,0.030475927964169314,3.098776146314491,0.0,0.0001,1.0350725617593068,-3.1038066599949277,5.174580939813664,0.0,-5.175893593462681,3.104909033936522,-1.0351822790119842
2009-10-31,0.01382223881023034,0.01382223881023034,-0.007236555507759035,4.194640661994848,0.0,0.0,-3.1234946580767184,1.0409497381971624,5.205824430127864,0.0,-5.1906629749711035,3.123805156969127,-1.0425994534361007
2009-11-30,-0.0035012430372916886,-0.0035012430372916886,0.035934488404395504,6.226770786182485,0.0,0.0,-5.175366075008572,3.1053800949382295,5.175626737546988,0.0,-1.036797804745932,1.0351760988471117,-3.1075202946151177
2009-12-31,-0.0013082290924664828,-0.0013082290924664828,-0.020050953989246723,8.217468623382484,0.0,0.0001,-5.385210930358733,3.5941473493934044,1.7957031519475923,-3.5901406202391555,5.379073276205725,0.0,-1.7948804560412999
2010-01-31,0.003030453076572432,0.003030453076572432,-0.01814797878509966,1.801976008545806,0.0,0.0,-5.3862775494733235,3.593742795062466,0.0,-3.5886321560001866,5.384007451720129,1.795425849824441,-1.7952359380569538
2010-02-28,0.03325399846467007,0.03325399846467007,0.007916683652136047,10.773202032574993,0.0,0.0,-3.590365742817581,-1.7956272373536302,-5.384734828276227,3.6133121067032308,5.395130061267313,1.795539638941564,0.0
2010-03-31,-0.004547281385651249,-0.004547281385651249,0.018826384703533483,3.6709986143453524,0.0,0.0001,-5.288985675775259,0.0,-3.524754175813121,3.5281574015260677,5.280678624268853,1.7635381919169693,-1.7631816475091608
2010-04-30,-0.004525549370281104,-0.004525549370281104,-0.0016121623446596622,7.297292220137254,0.0,0.0001,-5.40951425060139,0.0,3.607066147935341,-3.6096652910485822,5.407790058315058,1.803350503682396,-1.8035527176531032
2010-05-31,0.008880346037892456,0.008880346037892456,-0.05016807296540693,7.2935608068211,0.0,0.0001,-5.448649426227556,-3.6349809221894556,0.0,1.8210458503693654,5.448649426227556,3.637879958927585,-1.8150645410696027
2010-06-30,0.0049476077155067195,0.0049476077155067195,-0.00566764773747408,0.009505383853298022,0.0,0.0001,-5.453714637061908,-3.633073812135313,0.0,1.821984224934391,5.446871481360198,3.636170281775807,-1.813289931157668
2010-07-31,-0.007193695190717253,-0.007193695190717253,0.05602284401903579,14.545318013597722,0.0,0.0001,5.453477743606837,-5.452915164019723,3.636201403069633,-1.8178259145356124,1.818387509244913,0.0,-3.644519272556764
2010-08-31,-0.008544043451864304,-0.008544043451864304,-0.005622721748295145,5.4608704333730245,0.0,0.0001,1.8169310233812388,-5.453829817652539,3.6338620467624776,-1.8204443237521164,0.0,5.451874383613561,-3.6369373558044855
2010-09-30,0.0033312876257330674,0.0033312876257330674,0.05401498499005508,1.8242083844096397,0.0,0.0001,0.0,-5.446604240817199,3.6332718104388437,-1.8167307328128055,1.8106218244331518,5.45509704834611,-3.6323244219623674
2010-10-31,-0.0016983589906928052,-0.0016983589906928052,0.024511799107974186,3.743673770929944,0.0,0.0001,1.8356077088482041,-5.502391624446431,3.6709416973161297,0.0,-1.8389044589291228,5.5073686860534785,-3.6743203678329523
2010-11-30,-0.007306002018081792,-0.007306002018081792,-0.035641180625231916,8.127154604003447,0.0,0.0001,-2.57790161798988,-7.740731937647833,5.15476941024411,0.0,2.5751923989304193,7.736079764572748,-5.1547140201276465
2010-12-31,-0.020198643210754076,-0.020198643210754076,0.04353733766643564,10.364637462484461,0.0,0.0001,-4.305722006206796,-12.935421707826277,12.918454824343872,0.0,4.3034570989072884,8.612296799501372,-8.613263651930215
2011-01-31,0.0006417545522397431,0.0006417545522397431,0.010743508941234214,22.007126343111874,0.0,0.0001,8.77460015267061,-13.141291118071894,0.0,4.379267997269598,-4.392370895696414,13.160596941529036,-8.780161323148695
2011-02-28,-0.00602686588766373,-0.00602686588766373,0.0190644575543637,24.40878322478684,0.0,0.0001,-5.529448065557224,-16.59519025605826,11.05861755125453,0.0,5.5300180236117065,16.586537187499918,-11.056561306638333
2011-03-31,0.013545864322106032,0.013545864322106032,-0.003051022737709519,6.768073170790737,0.0,0.0001,-11.555879223784956,-17.330243451746473,11.556170330263724,0.0,5.784013817926108,17.337424003556183,-5.777939611892478
2011-04-30,0.0683298857735605,0.0683298857735605,0.03750411430851641,11.582208629576506,0.0,0.0,-11.544313295004228,-17.309503484956902,5.772447455295446,11.60428069957188,0.0,17.318184614250328,-5.772766103382961
2011-05-31,0.002038009396981357,0.002038009396981357,-0.010207354123056067,17.3439870759312,0.0,0.0,-15.948535930721253,-10.642012792562905,10.631821643924322,0.0,5.3161786435737515,15.9613263407251,-5.316739895542034
2011-06-30,-0.012690641166629001,-0.012690641166629001,-0.0063450298526877,10.696543392534041,0.0,0.0,-15.98141911174791,0.0,10.65427940783194,-10.674714629793257,5.334990283373486,15.983000162500447,-5.3288267533313345
2011-07-31,-0.0348923423534665,-0.0348923423534665,0.0034492578744269586,10.791548240272867,0.0,0.0,-15.852076650642834,5.2896400692490335,0.0,-10.599994831714488,10.554783671234167,15.856780949734931,-5.284025550214278
2011-08-31,0.04888239813711576,0.04888239813711576,-0.021754568971800836,1.0992758656902129,0.0,0.0001,-15.309687497852327,5.108172524788362,0.0,-10.21978670541383,10.227911075675332,15.344963624344349,-5.1026906234047695
2011-09-30,-0.032409170942213975,-0.032409170942213975,-0.04901482962333048,5.937966617046202,0.0,0.0,-14.831183645215969,0.0,4.9433593032831205,-9.904318398707963,9.890505564761545,14.813477652151352,-4.944249647214301
2011-10-31,-0.0561136817456119,-0.0561136817456119,0.0475102549953923,5.773186190353316,0.0,0.0,-14.334216549188286,4.772266804943122,0.0,-9.574328316346497,9.53325833840112,14.326995138739038,-4.78008909829411
2011-11-30,-0.01958150631981003,-0.01958150631981003,-0.019006452021246845,37.71321706594132,0.0,0.0,-4.526319971492618,-9.065052197626084,9.051964856212171,0.0,-13.583157126399037,13.57761788131835,4.525365051667409
2011-12-31,-0.02248870604921898,-0.02248870604921898,0.004668350049285452,22.555221902023252,0.0,0.0,-8.981855528784116,-13.455722816462966,0.0,-4.5097369951563655,8.965110590216543,13.468788279745628,4.490927764392058
2012-01-31,-0.01544568778250866,-0.01544568778250866,0.030687669362053693,17.88161290348947,0.0,0.0,-13.31140332015334,-4.445870487283384,8.87515432948661,-8.862812525043504,4.427427378555532,13.302058936655577,0.0
2012-02-29,0.018965259766876245,0.018965259766876245,0.017398497865686924,35.41361353289856,0.0,0.0,-4.424454972215916,-13.276778777709415,13.273364916647747,4.42093546940417,-8.82301132079154,0.0,8.848909944431831
2012-03-31,-0.006195206801946062,-0.006195206801946062,0.0009502302630670645,23.079232920702456,0.0,0.0,-11.00804155467009,-16.518685702374974,16.512478332608072,-5.501829904301974,0.0,11.005862844601973,5.504020777335045
2012-04-30,0.002537570376430055,0.002537570376430055,0.002632070912530926,27.582021700439626,0.0,0.0,0.0,-16.555896885356834,-11.029264978134824,-5.512846624998536,5.526548410917276,11.032262055294902,16.541735592654444
2012-05-31,-0.03617733163541393,-0.03617733163541393,-0.04326212620198311,16.558961687272898,0.0,0.0001,0.0,-16.547292527601158,-5.516702047917138,5.536069216001654,-11.0957324791002,11.036957414665673,16.550523092315753
2012-06-30,0.047568039788100036,0.047568039788100036,0.02343200744667273,16.687099258762753,0.0,0.0,5.544836426470133,-16.632800020339353,0.0,11.081969398542075,-11.043844460957763,-5.537102583337389,16.6345092794104
2012-07-31,-0.02239814470745891,-0.02239814470745891,0.011216697687921773,12.0390049819218,0.0,0.0,10.435793117424415,-15.689079787417583,5.219468760711587,0.0,-10.421788956337807,-5.220480955224695,15.653689676136624
2012-08-31,0.004471981123571243,0.004471981123571243,0.016022967103475283,15.688869528218865,0.0,0.0001,5.210427032802497,-15.636730330001315,0.0,15.623542840437981,-10.405774014241258,-5.207847613479327,10.420854065604994
2012-09-30,-0.030631069158269467,-0.030631069158269467,0.019738222218502077,15.694647893694142,0.0,0.0001,15.745597382540392,-15.751891489976732,0.0,10.483547156068827,-5.258311828818977,-10.498104749818577,5.248532460846797
2012-10-31,-0.0214114219097893,-0.0214114219097893,-0.0063943415003913096,5.426786929701751,0.0,0.0001,10.388438965509716,-15.580423299567547,0.0,15.556383384426,-5.195292834923636,-10.386381033860447,5.195863396506124
2012-11-30,-0.014704439036645063,-0.014704439036645063,0.0056209185518383276,20.820886277880312,0.0,0.0001,0.0,-15.497345628333472,-10.330505179516424,15.489599494950035,10.323035158726524,-5.164740874621521,5.165252589758212
2012-12-31,-0.02042880943817656,-0.02042880943817656,0.004262503748241997,10.330762052914162,0.0,0.0001,5.165115549290835,-15.493758993629337,-10.328680005015798,15.470704410881552,0.0,-5.164040869547101,10.33023109858167
2013-01-31,0.0069832616275233034,0.0069832616275233034,0.018077085770568324,15.515410018135622,0.0,0.0,0.0,-10.349142447158687,-15.545478959471415,10.35693868981411,5.176822722806226,-5.176940762480335,15.544784018117625
2013-02-28,-0.0037242874889177784,-0.0037242874889177784,-0.005018977206025732,20.734813452231517,0.0,0.0,-10.326835249772914,-5.168291422392173,-15.494529988020945,5.175246171238288,15.483850951685913,0.0,10.326835249772914
2013-03-31,-0.03213319039854222,-0.03213319039854222,0.010487448866247195,30.987794516441575,0.0,0.0,0.0,15.480511172290743,-15.48827631534134,-10.32807555683429,10.30578715931384,-5.1640339795656365,5.16195432973814
2013-04-30,0.018160921898603206,0.018160921898603206,0.02151764148337909,20.671339936443864,0.0,0.0,10.262049980719976,5.134918707729486,-15.389601422969765,-10.254913645545624,0.0,-5.128991068711627,15.394698370676156
2013-05-31,0.01540539070239815,0.01540539070239815,-0.016093652656552826,18.045154687961695,0.0,0.0,5.793964738035732,0.0,-17.381894214107195,-5.779564785908195,11.592600820839325,-11.587929476071464,17.378228307914195
2013-06-30,0.010866689962918698,0.010866689962918698,-0.015392523383560675,6.111387761982667,0.0,0.0,5.7165346558867975,0.0,-17.146597190299286,-11.421674983179042,11.429643549147112,-5.71483447010448,17.147795128511817
2013-07-31,-0.013422652317873308,-0.013422652317873308,0.03392231934868084,11.67257721678853,0.0,0.0,0.0,11.310880273650863,-16.962826792061428,-11.332799381746762,5.662113319230114,-5.654551387783524,16.963761316392862
2013-08-31,0.012128721327271006,0.012128721327271006,-0.013030174086485324,17.57310578283488,0.0,0.0,5.773421585901452,11.548500415171658,-17.320264757704354,-5.7665252033580705,-11.543268076387768,0.0,17.320264757704354
2013-09-30,-0.000757282223420908,-0.000757282223420908,0.035822545331181566,14.195378360311246,0.0,0.0,0.0,19.304350128389693,-19.304314004901226,-6.429323483231463,-12.875549978308735,6.4338155119344,12.870264543893908
2013-10-31,0.00949100102864096,0.00949100102864096,0.025439243174733672,13.483052243630773,0.0,0.0,6.588423857159098,13.180899469385942,-19.765271571477296,-6.591052392510049,-13.16461092402692,0.0,19.761102562497864
2013-11-30,0.003824363464697061,0.003824363464697061,0.004631593082167207,5.581905852890337,0.0,0.0,7.517931040236487,15.035862080472974,-22.55379312070946,-7.51493286235404,-15.037414986992069,0.0,22.556172212810804
2013-12-31,0.025955372070217177,0.025955372070217177,0.00751154421363931,15.373674070512983,0.0,0.0,7.629380007499343,22.88814002249803,-22.88814002249803,-15.237453148829726,-7.6247315015980845,0.0,15.258760014998686
2014-01-31,-0.006110789893389911,-0.006110789893389911,-0.014356024389216682,15.360589134070919,0.0,0.0,7.666099440568038,15.33675483506309,-22.998298321704112,-7.678350498403544,-15.330614567120975,0.0,22.998298321704112
2014-02-28,0.0003007917745175043,0.0003007917745175043,0.03390163083371789,0.6712443834044901,0.0,0.0,7.779242062614404,15.554659169849383,-23.337726187843213,-7.780793566815164,-15.555268399682335,0.0,23.340187713651442
2014-03-31,-0.0010315951790842402,-0.0010315951790842402,0.0007858374219544828,32.25212677187693,0.0,0.0,8.063221599399284,-8.061569282961738,-16.12644319879857,16.108757169368182,-24.1746626803841,0.0,24.189664798197857
2014-04-30,0.015319961042105945,0.015319961042105945,0.010868129071726518,40.35487480316501,0.0,0.0,-8.067096414526834,16.13501955369878,-16.134192829053667,24.215782479977495,-24.2012892435805,8.067096414526834,0.0
2014-05-31,0.028071855266682974,0.028071855266682974,0.012976794400821223,16.14102608492961,0.0,0.0,-8.00423796215519,24.019849981549882,-24.01271388646557,16.02444447884834,-16.003508718665973,8.00423796215519,0.0
2014-06-30,-0.0725503656672163,-0.0725503656672163,0.013690897516008604,24.77955526921192,0.0,0.0,0.0,16.78240618874318,-16.77724993396135,25.09064059630543,-25.163271220335645,8.383548970561845,-8.388624966980675
2014-07-31,0.014857586033530561,0.014857586033530561,-0.012858353904379949,42.65961245376513,0.0,0.0,-17.11477802458451,8.554321627887534,0.0,25.695260440508136,-8.559159903494551,17.11138048259368,-25.67216703687676
2014-08-31,0.11033731190473994,0.11033731190473994,0.014517761875532331,43.33966956716764,0.0,0.0,-17.39808713714385,0.0,-26.097130705715777,26.206585418082472,17.39988697029309,8.699043568571925,-8.699960802183119
2014-09-30,-0.010911947566256288,-0.010911947566256288,-0.029458610320967638,25.17318113632528,0.0,0.0,0.0,-13.54870233003384,-20.30787462350238,20.311913580269184,13.534381815280664,6.767947467713968,-6.768577857293853
2014-10-31,0.07344606244253415,0.07344606244253415,0.0026949748156064324,1.6753269275759837,0.0,0.0,0.0,-14.095601298495048,-21.147512882311464,21.22530747135954,14.092652694628667,7.047771038031328,-7.049170960770488
2014-11-30,0.05752758366548246,0.05752758366548246,0.009042282629081466,29.4491560777847,0.0,0.0,12.879852095013566,-12.881170117966155,-19.31977814252035,19.375278248130364,-6.437259577081549,0.0,6.4406050780896065
2014-12-31,0.029155957995285312,0.029155957995285312,-0.011731933931571126,1.8364990877518146,0.0,0.0,12.27682418054966,-12.279839025177601,-18.41523627082449,18.446158733942234,-6.135869409790902,0.0,6.137117749296386
2015-01-31,-0.0016604466160605401,-0.0016604466160605401,-0.01132763900826017,12.88626120604063,0.0,0.0,18.77137509413342,-12.515530227459491,-18.77137509413342,6.26638022075466,-6.2680801536278,0.0,12.51556971371657
2015-02-28,-0.014098835483304378,-0.014098835483304378,0.028288654132561986,6.3815200827440295,0.0,0.0,18.70358110150119,-12.474028169939631,-18.70358110150119,6.226546642790027,0.0,-6.236986122317866,12.470368813984166
2015-03-31,-0.007468358224363911,-0.007468358224363911,-0.013265340774319623,24.933517806077408,0.0,0.0,18.52684499994868,-18.524950716995022,-12.351229999965787,0.0,-6.1805894714495135,12.348795108588591,6.173661721648687
2015-04-30,-0.005457633345844614,-0.005457633345844614,0.018477208770227183,14.50894938357056,0.0,0.0,19.606595142140055,-19.610604916797424,-13.07106342809337,6.521375792248021,-6.524202164269981,0.0,13.072441941426854
2015-05-31,0.008366222252295896,0.008366222252295896,-0.007268971408264657,6.615722264868874,0.0,0.0,19.54741294751175,-19.545414520604815,-6.515804315837249,6.523519131011403,-13.03295565150329,0.0,13.031608631674498
2015-06-30,-0.0059382407352554225,-0.0059382407352554225,-0.014563149101220807,13.079686206686858,0.0,0.0,19.5729414139462,-19.580746255416322,-13.048627609297466,0.0,-6.522358277225217,6.5256008800279215,13.047251607229628
2015-07-31,-0.01673860577190536,-0.01673860577190536,0.012662186107573747,0.23561269293872433,0.0,0.0,19.456575164316327,-19.464330511468482,-12.968462068992714,0.0,-6.486799027127143,6.475227727955889,12.971050109544217
2015-08-31,-0.007243602497310586,-0.007243602497310586,-0.036578403964898865,0.0662852261862743,0.0,0.0,19.422468539258055,-19.424452813030477,-12.94831235950537,0.0,-6.473486974822173,6.470958781376656,12.945581224225998
2015-09-30,0.03047379980579713,0.03047379980579713,-0.017389772919762514,19.49593297321931,0.0,0.0,19.309815597101828,-12.874525440195749,-6.436605199033943,6.45118486414895,-19.298038154628355,0.0,12.878642132413065
2015-10-31,-0.007364150498980796,-0.007364150498980796,0.04421588814634103,13.131373744066343,0.0,0.0,19.11977396227095,-12.754197579334607,-6.373257987423651,0.0,-19.127684910897703,12.754072376409296,6.373929988476731
2015-11-30,0.05985390809591865,0.05985390809591865,-0.01133028081744547,0.27435315287030315,0.0,0.0,18.988552624768083,-12.668468526702902,-6.329517541589361,0.0,-18.940057846312644,12.679160337677954,6.330184860254789
2015-12-31,-0.007413091118497358,-0.007413091118497358,-0.006140826386529352,8.182491755619463,0.0,0.0001,17.871287467820043,-11.90762895932029,-5.957095822606681,5.952413491443304,-17.847574684349038,11.881185415894164,0.0
2016-01-31,0.04901753822174156,0.04901753822174156,-0.02839733338974293,11.919246042297221,0.0,0.0001,17.78791328296784,-17.802981631635795,-5.929304427655946,11.921574920030361,-11.86217850090878,5.93399389542406,0.0
2016-02-29,0.02494081004493409,0.02494081004493409,0.009180555579225258,18.20527237051107,0.0,0.0002,17.219560595064383,-17.222194548838246,5.757411607353869,0.0,-11.471487617419848,11.488779151620667,-5.747128377735893
2016-03-31,0.028720706117101372,0.028720706117101372,0.049592742907238474,28.695869341662586,0.0,0.0002,17.194576923623192,5.729830926352258,11.46305128241546,0.0,-11.454837881185068,-17.165724399445008,-5.738176145643731
2016-04-30,-0.00465090369238095,-0.00465090369238095,0.014708901082076453,22.89317859156599,0.0,0.0001,11.437968975834163,5.719276127020383,17.156953463751243,-11.420065678669877,-17.177991596044606,0.0,-5.720792195583687
2016-05-31,-0.02756660784212535,-0.02756660784212535,-0.0029884054616847733,28.479926161615815,0.0,0.0001,-5.674512048145928,11.349487066659055,17.023536144437784,-17.05022403178944,5.6803426918761835,0.0,-11.35619643087978
2016-06-30,-0.0468643359001243,-0.0468643359001243,0.010097108757903817,17.23933290128792,0.0,0.0002,5.471619874726386,10.948708132937272,16.414859624179158,-10.9914148412866,-5.4671381024749826,0.0,-16.423499023981357
2016-07-31,0.0033162373154279343,0.0033162373154279343,0.025843908428442974,0.04921914042331865,0.0,0.0002,5.479106024732399,10.9576535667852,16.437318074197197,-10.955010078475375,-5.481891943391013,0.0,-16.433859406532978
2016-08-31,0.007490505266217677,0.007490505266217677,-0.003043899843917175,5.498897539651475,0.0,0.0002,5.472837309643411,10.94522832157141,16.418511928930233,-16.40091609580297,-5.4778890896073005,0.0,-10.950281869468567
2016-09-30,-0.008845894705955802,-0.008845894705955802,0.0061005113075989215,14.679573513610134,0.0,0.0002,0.0,12.184120593492189,18.280839710935684,-18.280839710935684,6.091718986850493,-6.093613236978561,-12.191072238070076
2016-10-31,0.04661803832685378,0.04661803832685378,-0.025700331619002204,0.033071792436642156,0.0,0.0002,0.0,12.198679897012383,18.297087015533993,-18.25425759113403,6.0959313505944825,-6.09661259115059,-12.194210042529384
2016-11-30,-0.06458212889317347,-0.06458212889317347,-0.011538708846773882,13.582685318495706,0.0,0.0001,-6.371156414862033,6.371481215348118,19.104865084584038,-19.16578883974187,12.739669963994253,0.0,-12.743653138215675
2016-12-31,-0.002516215552173781,-0.002516215552173781,0.011340675884709661,13.772251309830576,0.0,0.0003,0.0,12.07205460234677,18.1054848103822,-18.152232356054423,6.030601667011516,-6.031868938294277,-12.026556000943962
2017-01-31,0.06016526164812904,0.06016526164812904,0.01854035921840924,6.709578973041407,0.0,0.0004,-6.147851537043951,12.296956433150314,18.44355461113185,-18.382578253996645,6.15097842852532,0.0,-12.30089442011876
2017-02-28,-0.06263927501877364,-0.06263927501877364,0.018361285280297457,19.827354989313548,0.0,0.0004,11.356034568446582,5.678017284223291,17.034051852669872,-17.090555049059216,0.0,-5.6757663358450055,-11.364421595454296
2017-03-31,0.009387399919531273,0.009387399919531273,0.007467651996981406,23.771885016472147,0.0,0.0003,-5.163769163188493,0.0,15.491307489565479,-15.468712233600534,10.329574069337296,5.163769163188493,-10.34278192538271
2017-04-30,-0.008129469971427376,-0.008129469971427376,0.014385420885825395,20.674023770661066,0.0,0.0005,10.328235367644929,-5.164643850725224,5.1641176838224645,-15.502913619327972,15.501834098994948,0.0,-10.334759150380572
2017-05-31,-0.01585252876804668,-0.01585252876804668,0.020150785839515795,10.350113226365014,0.0,0.0006,15.467356822846934,-5.155785607615645,10.31157121523129,-15.46585163047414,5.155785607615645,0.0,-10.328928936372131
2017-06-30,0.05301177003853015,0.05301177003853015,0.002022089092722723,15.546664671326146,0.0,0.0006,15.360284446704153,0.0,-5.120094815568051,-15.29899280073677,10.23190975520725,5.120094815568051,-10.240189631136102
2017-07-31,-0.021214297628050834,-0.021214297628050834,0.022005885679033055,16.255119448207818,0.0,0.0007000000000000001,0.0,14.432869173577087,-4.8102212280841234,-14.457455027813127,9.62333690295397,4.8106983379063895,-9.620442456168247
2017-08-31,-0.023310312262665604,-0.023310312262665604,0.00584148243217264,19.21122650328525,0.0,0.0009,4.767273071071872,9.534546142143745,-14.301819213215618,-9.54756512644005,14.29603428769014,0.0,-4.771779473512756
2017-09-30,0.02984007487654492,0.02984007487654492,0.00906143931035297,5.136592300271665,0.0,0.0009,4.6945832713530855,9.389644796113465,-14.083749814059255,-9.3617315571913,14.0852111022874,-4.69411772362685,0.0
2017-10-31,0.00048055276635094665,0.00048055276635094665,0.009645278270554725,14.114352927590986,0.0,0.0009,-4.650521408611228,13.952274836647295,-13.951564225833682,-9.300134246076883,9.306736013813518,0.0,4.643689582827329
2017-11-30,-0.013171978289977196,-0.013171978289977196,0.019164037216149454,13.979226166253262,0.0,0.0008,-4.657319310108513,9.314164211347796,-13.969162974130231,0.0,13.967611974599038,-9.316486212921623,4.648020332923555
2017-12-31,0.02899789822095437,0.02899789822095437,0.009201129183511458,15.018237087399163,0.0,0.0009,-4.86779745757839,9.73559491515678,-14.603392372735168,14.633349512505356,4.866838216029156,-9.73559491515678,0.0
2018-01-31,-0.010769026584095641,-0.010769026584095641,0.03921029056158454,24.16894557708683,0.0,0.0011,-14.326581382861777,14.327311094848762,-4.775527127620593,4.755974374709687,0.0,-9.551054255241185,9.55910826958101
2018-02-28,0.004883482048271864,0.004883482048271864,-0.02834679728743905,10.465479170306214,0.0,0.0011,-14.878904867068213,14.878904867068213,-4.959634955689404,0.0,9.91422890009816,-9.919269911378809,4.969559449018325
2018-03-31,0.005409699317071583,0.005409699317071583,-0.00728771115939475,10.285528953069788,0.0,0.0012,-15.065775764066096,15.066543087194313,-5.021925254688698,5.023400555879852,0.0,-10.043850509377396,10.047017584375098
2018-04-30,-0.013790137190068842,-0.013790137190068842,0.00014495789194790554,10.493597040726897,0.0,0.0014000000000000002,-15.337246592670917,15.33802770244279,0.0,5.11641938054739,-10.216546772401474,-5.112415530890305,10.197971675782448
2018-05-31,0.0018405305570765862,0.0018405305570765862,-0.00011321096188876556,0.08590170538685848,0.0,0.0014000000000000002,-15.2867060609904,15.285149068694441,0.0,5.1150079101986865,-10.191137373993602,-5.096579211277812,10.176106197925765
2018-06-30,-0.027042980320274086,-0.027042980320274086,-0.0011180551899069302,5.433850659675225,0.0,0.0014000000000000002,-15.490833718333187,15.49162269031668,0.0,5.154050860030106,-5.155666644063881,-10.326198663831896,10.299982495561904
2018-07-31,0.0176883368081053,0.0176883368081053,0.018197978960937222,10.685594359351533,0.0,0.0016,-10.662315486770495,10.662858507238164,0.0,5.328555401423231,-5.331712812128377,-15.993473230155741,16.013775957201325
2018-08-31,0.016107587656685015,0.016107587656685015,0.007470467098558142,21.28941125295629,0.0,0.0016,-5.287636874864164,15.862910624592493,5.287636874864164,0.0,-15.861259184206817,-10.574225239540967,10.588681386811976
2018-09-30,-0.0369929959115595,-0.0369929959115595,0.00017961234171837148,31.73117509244029,0.0,0.0015,15.77784685138604,0.0,-5.259282283795346,10.50111914342981,-15.787539109850632,-10.52065054965665,5.25151295257522
2018-10-31,0.010362942663477048,0.010362942663477048,-0.05089088896166527,21.366116458356327,0.0,0.0019,15.274288480485781,-5.091688768213321,5.09142949349526,10.197785487997542,-15.274288480485781,0.0,-10.187163270616006
2018-11-30,-0.026576470079335553,-0.026576470079335553,0.009277632377109324,16.54927097315636,0.0,0.0018,15.909059353796172,0.0,10.606039569197447,-5.302502315845347,-15.904258692832425,5.302494056455113,-10.637408440850297
2018-12-31,0.010570589969326775,0.010570589969326775,-0.03862919025767331,6.550386130547491,0.0,0.0019,11.23610399561986,0.0,16.85415599342979,-5.619696787113476,-16.845560066875763,5.616937968066165,-11.23137051315725
2019-01-31,-0.08320264016023268,-0.08320264016023268,0.05281229176722513,28.013231262810052,0.0,0.0021,16.796798308141632,-11.19843566581871,5.598932769380545,-5.598386532037191,0.0,11.19786553876109,-16.8799770585876
2019-02-28,-0.013063231833511355,-0.013063231833511355,0.015450365544845024,28.036265166982837,0.0,0.0018,10.427643909383303,0.0,15.641465864074954,-5.209243518005905,-15.652547890797576,5.213821954691651,-10.434203551179937
2019-03-31,-0.02484277792828892,-0.02484277792828892,0.013444374000768367,16.863811651350684,0.0,0.0019,16.86836206215655,-11.246147176782236,11.245574708104366,0.0,-16.887330078218948,5.622787354052183,-5.628089647240204
2019-04-30,-0.03295648693069193,-0.03295648693069193,0.020777573931244575,11.344255466747747,0.0,0.0021,16.803667534897123,-11.203015267348398,0.0,11.177366549881931,-16.82918244821335,5.6006670552151165,-5.582459911363115
2019-05-31,0.010123670000450464,0.010123670000450464,-0.029996475949694235,22.215687847733832,0.0,0.0021,16.505476047301418,-16.508668595859888,5.501825349100472,0.0,-5.5046248531670345,11.00474200542084,-10.988626282795357
2019-06-30,0.008105285074058822,0.008105285074058822,0.04999135496314566,0.1271820385182485,0.0,0.0018,16.439899764152127,-16.448098881582773,5.47996658805071,0.0,-5.489976906059354,10.963193767089946,-10.936879046576594
2019-07-31,-0.028467475476484212,-0.028467475476484212,0.0015678813367745459,29.333172010886447,0.0,0.0019,12.240658049878236,0.0,18.360987074817356,-6.143566255466049,-12.246871968120786,6.1251830580708235,-18.364857434656063
2019-08-31,0.014775002765569598,0.014775002765569598,-0.002773893700075858,12.25767123201597,0.0,0.0016,6.111335662297079,0.0,18.334006986891236,-6.10955756056234,-18.345018060433944,12.22993591379154,-12.205927939218
2019-09-30,-0.00036879234595571433,-0.00036879234595571433,0.00862274153863729,18.337526524772578,0.0,0.0018,12.218942627930147,-6.105557654242055,18.32841394189522,-12.216571859084992,-18.32841394189522,6.102818093050945,0.0
2019-10-31,-0.0002577104498570123,-0.0002577104498570123,0.018173240003715785,14.41441470666678,0.0,0.0015,12.949400635543693,-6.471142934910346,19.424100953315538,0.0,-19.410432059639334,6.470850149099237,-12.963034453858647
2019-11-30,0.0011049852390442524,0.0011049852390442524,0.013750309234619396,6.506328230202787,0.0,0.0012,12.955109747811015,-12.953790893107989,19.432664621716523,0.0,-19.444537981209095,6.476270154573117,-6.464610664544527
2019-12-31,0.006997406118649565,0.006997406118649565,0.020515276085801615,12.970449330775917,0.0,0.0014000000000000002,0.0,-12.954876655943798,19.43429363323694,6.476206094076491,-19.422426529219624,12.948485264067674,-6.474684400099032
2020-01-31,-0.0007036416392818498,-0.0007036416392818498,0.001923143953016515,8.313343604704865,0.0,0.0013,0.0,-13.692179761752573,20.532206777375382,13.694801988804416,-20.54049935387277,6.845427415058525,-6.840460707252259
2020-02-29,-0.035733173491932405,-0.035733173491932405,-0.0506886868571228,27.342701942882726,0.0,0.0012,0.0,-20.51543773673812,6.835695953423134,20.55099598026219,-6.8398708779718165,13.683600929188163,-13.750717421655482
2020-03-31,-0.125497512678455,-0.125497512678455,-0.08414931867719855,27.272814296996803,0.0,0.0012,0.0,-6.765847666837502,13.54382260796046,6.799532968034534,-20.409892350116888,20.273438837870028,-13.56655190958909
2020-04-30,-0.024270209863010893,-0.024270209863010893,0.0697126065172946,14.142710457883956,0.0,0.0,5.3073665424640595,-5.307582748289134,10.614733084928119,0.0,-15.949317171987913,15.925263167949975,-10.614733084928119
2020-05-31,-0.023654462781129336,-0.023654462781129336,0.030710140853440704,10.663608947993932,0.0,0.0001,5.290577933675803,0.0,15.87173380102741,-5.29620131344877,-15.873202272928815,10.580104898354055,-10.596667509460811
2020-06-30,-0.06075752645627011,-0.06075752645627011,0.019168911234368036,5.36497209121807,0.0,0.0001,5.3118705386596226,0.0,10.623741077319245,-5.314946911558461,-15.9483884107863,15.934028660618187,-10.667062480708564
2020-07-31,-0.05357486265694443,-0.05357486265694443,0.043781175312144205,6.040033232512265,0.0,0.0001,5.064307775534787,0.0,10.128615551069574,-5.061865026270107,-10.130696160660806,15.195941988103787,-15.249878990434178
2020-08-31,0.0032966085072176684,0.0032966085072176684,0.04069283072625751,10.2615954851828,0.0,0.0001,5.030730744861237,-5.031754926855121,10.061461489722474,-10.063403669336358,0.0,15.092192234583711,-15.085929264468726
2020-09-30,0.02413708003746573,0.02413708003746573,-0.022758643181454152,30.72321549730637,0.0,0.0001,-10.239533610481663,5.121017320749089,-5.119766805240832,0.0,10.243633586978914,15.36692819701755,-15.348141608985593
2020-10-31,0.006869796831843996,0.006869796831843996,-0.020080974124981332,19.77066505311837,0.0,0.0001,-14.831329358881536,9.890067977933967,-9.887552905921025,0.0,14.838787642323503,4.944267247803454,-4.9473708064265205
2020-11-30,0.00925626460484418,0.00925626460484418,0.0868150094360649,19.899450074298322,0.0,0.0001,-14.89148979759665,14.89148979759665,-9.927659865064435,-4.962391280247646,0.0,9.925688918098967,4.973618491817958
2020-12-31,-0.015165067042259513,-0.015165067042259513,0.03274153850777162,19.724721798366566,0.0,0.0001,-14.700377119979974,4.899627260378237,0.0,-9.822981026184273,-4.9006282888102355,14.701836649082436,9.80735745847155
2021-01-31,0.011827449016675096,0.011827449016675096,-0.010730473811064067,14.919518923354973,0.0,0.0,-14.926100428444105,14.926859655510192,-4.975366809481368,-9.940180392023999,0.0,9.950733618962737,4.975881804493219
2021-02-28,0.013004464197996463,0.013004464197996463,0.009075558981538112,12.142811450203435,0.0,0.0,-16.238254428723174,16.234289970809485,-5.412751476241057,-10.802516651453777,10.822172335938262,5.410064713868258,0.0
2021-03-31,0.008927609038601887,0.008927609038601887,0.016089199073018756,10.99026214271589,0.0,0.0,-15.971385464794283,10.649107076052358,-5.323795154931427,-10.64347092102066,15.973023908506756,0.0,5.3254481652258585
2021-04-30,0.001637224205819368,0.001637224205819368,0.03584719411672821,10.74738768307536,0.0,0.0,-15.871932507258885,10.580750085787466,-10.58128833817259,0.0,15.873560581452614,-5.290644169086295,5.29119157148351
2021-05-31,0.00687766252840941,0.00687766252840941,0.013122096765466162,16.05973362841472,0.0,0.0,-10.675867330994523,0.0,-16.013800996491785,10.679998059309863,16.015443454465355,-5.337933665497261,5.3390381417367605
2021-06-30,0.0019421745415750865,0.0019421745415750865,0.007374803812440822,10.762489805775543,0.0,0.0,-10.704510856904484,5.351983182047002,-16.056766285356726,0.0,16.056766285356726,-5.352255428452242,10.7067252778513
2021-07-31,0.0036341547073136977,0.0036341547073136977,0.01760951100907282,10.798555694201651,0.0,0.0,-16.128232413586623,0.0,-10.752154942391082,5.377636507678246,16.13137506109463,-5.377145000478939,10.752154942391082
2021-08-31,-0.021328340494552737,-0.021328340494552737,0.01595749429376836,16.17352718071223,0.0,0.0,-10.782179426560855,0.0,-16.17326913984128,16.151388025813663,5.391642486813493,-5.391089713280428,10.782179426560855
2021-09-30,-0.028835438696777387,-0.028835438696777387,-0.03557635104270762,16.35138786518391,0.0,0.0,-10.876570874355805,-5.438285437177902,-16.31485631153371,10.846048273682657,0.0,5.438285437177902,16.31654347351008
2021-10-31,-0.04687980358220626,-0.04687980358220626,0.03874738575279579,16.401892443689896,0.0,0.0,5.404467486676377,-5.404467486676377,-16.213402460029133,10.75019646209533,-10.797076265677536,0.0,16.213402460029133
2021-11-30,0.03179528377322417,0.03179528377322417,-0.01559509742998444,5.959264067014172,0.0,0.0,5.2569436892253485,-10.517523810409717,-15.770831067676045,10.561076257308025,-5.262177915294213,0.0,15.764308130619826
2021-12-31,-0.017633392238121805,-0.017633392238121805,0.028800877524167934,21.499968376020597,0.0,0.0001,-5.0332310296229945,-10.069021233834201,-15.099693088868985,10.049839440983998,15.101241489481067,0.0,5.0332310296229945
2022-01-31,-0.06863190256081289,-0.06863190256081289,-0.043852140977422516,20.32783494505712,0.0,0.0,5.0644151803600295,-10.126770860026555,-15.193245541080088,10.078570548655774,-5.0644151803600295,0.0,15.172813949890058
2022-02-28,-0.0010639503582233452,-0.0010639503582233452,-0.02079213272012881,6.4128737015262915,0.0,0.0,9.436413374149973,-9.434974048118244,-14.15462006122496,4.7122091621965305,-4.720577207619514,0.0,14.160484830257992
2022-03-31,-0.028630558607132147,-0.028630558607132147,0.010114456018452511,4.726347077446547,0.0,0.0,9.433670596347344,-4.715683996423835,-14.150505894521016,4.705290273457171,-9.42699972850812,0.0,14.125598191041325
2022-04-30,0.009556637412309603,0.009556637412309603,-0.07606797032109003,13.765902308110327,0.0,0.0,11.164994658517777,-11.153864077797609,-16.747491987776666,0.0,-5.55106615403467,5.582497329258889,16.71448686924459
2022-05-31,0.050633815214982426,0.050633815214982426,0.0009053489228965095,5.678498498676787,0.0,0.0003,5.549051177594856,-11.100362546087363,-16.647153532784568,0.0,-5.542870240011132,11.098102355189711,16.693866601313477
2022-06-30,-0.08533353143944161,-0.08533353143944161,-0.0708560470815901,12.388764542154556,0.0,0.0006,15.377887506741141,-10.261631586580304,-15.377887506741141,0.0,-5.117653077327813,5.125962502247047,10.167988630221629
2022-07-31,-0.06903507796123035,-0.06903507796123035,0.06156683195731194,7.1213205091296565,0.0,0.0008,14.155910937479929,-9.42258790982809,-14.155910937479929,-4.756996078227203,0.0,4.718636979159976,9.391911930934087
2022-08-31,0.10972610349812054,0.10972610349812054,-0.04197742287120676,1.347583987708381,0.0,0.0019,13.476696699423114,-8.960485148906576,-13.476696699423114,-4.393278548390955,0.0,4.492232233141038,8.971257567654613
2022-09-30,0.07702553123575115,0.07702553123575115,-0.08077716558181447,6.143017227936763,0.0,0.0019,10.371153110266471,-6.907534230923557,-10.371153110266471,-3.336427938740995,0.0,3.4570510367554905,6.863936664144813
2022-10-31,-0.16384814507058265,-0.16384814507058265,0.049684400896506276,2.4854690069140934,0.0,0.0023,9.084079519317402,-6.054505100340471,-9.084079519317402,-3.1305591814331666,0.0,3.0280265064391343,5.99318963026392
2022-11-30,-0.02234956363702755,-0.02234956363702755,0.0632949274687189,7.239532006360586,0.0,0.0029,5.939745911817021,-3.963677659140973,-5.939745911817021,-1.9890935871176016,0.0,3.9598306078780143,1.9705910747435327
2022-12-31,0.0077512169073637935,0.0077512169073637935,-0.03118080742051177,2.0381893092396353,0.0,0.0033,5.905891840210468,-3.940278131098055,-5.905891840210468,-1.9550048222183316,1.965772943416771,3.937261226806979,0.0
2023-01-31,-0.052438554621882315,-0.052438554621882315,0.06015744663361566,5.924327564033067,0.0,0.0034999999999999996,5.879835216937101,0.0,-5.879835216937101,-1.968259990800965,3.9211025692774286,1.9599450723123673,-3.9652262054107132
2023-02-28,0.04287782081969189,0.04287782081969189,-0.02624766754254282,4.130575005865772,0.0,0.0034000000000000002,5.592483100288101,0.0,-5.592483100288101,-3.6758210520367434,1.8624318095029924,3.7283220668587336,-1.8720550035052903
2023-03-31,0.010883845884873893,0.010883845884873893,0.03336744682092352,4.014557609988062,0.0,0.0036,3.5232057644992842,0.0,-5.284808646748926,-3.5357860748193697,5.309015625168623,1.7616028822496421,-1.7623457044643798
2023-04-30,0.020304507523932168,0.020304507523932168,0.01425795331698132,3.550567579584975,0.0,0.0034999999999999996,5.259018367923632,0.0,-5.259018367923632,-3.4846276021272984,1.75192598701002,3.5060122452824216,-1.7530061226412108
2023-05-31,0.07240840007374812,0.07240840007374812,-0.012549907078993505,5.300045889084225,0.0,0.0036,5.180628502093008,1.7262605753997617,-3.4537523347286716,-1.704621242838622,0.0,3.4537523347286716,-5.129859434580399
2023-06-30,0.03364693097509362,0.03364693097509362,0.044724939594467994,3.6246343848752396,0.0,0.004,1.5197899171808937,3.039424987608193,-3.0395798343617875,-1.4898696929280317,0.0,4.559369751542682,-4.555488198066856
2023-07-31,0.018339461978440916,0.018339461978440916,0.026140863029842087,3.1527098566506,0.0,0.0045000000000000005,2.952840944675152,1.4777142188158887,-2.952840944675152,0.0,-1.4801317599632928,4.429261417012728,-4.408504413886883
2023-08-31,-0.023424689931027705,-0.023424689931027705,-0.02106004274647133,4.4433134006975346,0.0,0.0045000000000000005,-1.4648096150005625,2.9300964201148396,-2.929619230001125,0.0,1.4677116348129728,4.394428845001688,-4.42123274485884
2023-09-30,0.027079172575311387,0.027079172575311387,-0.04014523288222893,2.9850443244192904,0.0,0.0043,-1.444404250180442,4.328228750940215,-2.888808500360884,1.4534233213648342,0.0,2.888808500360884,-4.310168649549296
2023-10-31,0.005298234944618433,0.005298234944618433,-0.024304907831817157,1.500174672587535,0.0,0.004699999999999999,-1.422645937809953,2.8463356789411702,-2.845291875619906,1.422793072564096,0.0,4.267937813429859,-4.263830516560648
2023-11-30,0.03440087800793244,0.03440087800793244,0.08269054417887656,2.8849596594946543,0.0,0.0044,-1.4302878587055223,4.291300670034759,-2.8605757174110447,2.8830580084682564,0.0,1.4302878587055223,-4.279382083084038
2023-12-31,0.01441077258008717,0.01441077258008717,0.047599352723756816,5.726870380793526,0.0,0.0043,-4.1889002681250895,2.7939086145322363,-2.79260017875006,1.42423755268594,0.0,4.1889002681250895,-1.4111352158880293
2024-01-31,-0.0309156257376811,-0.0309156257376811,0.005434845987593251,2.800819883567891,0.0,0.004699999999999999,-1.395285770847242,2.7869634358772166,-4.185857312541725,1.372126918398817,0.0,4.185857312541725,-2.794720209166473
2024-02-29,-0.006507246915307768,-0.006507246915307768,0.029389424394766772,2.878299391606271,0.0,0.0042,-1.3705265220200822,0.0,-4.1115795660602465,1.3625355224542939,2.7390490820762365,4.1115795660602465,-2.737565329425756
2024-03-31,0.008430397412161644,0.008430397412161644,0.026225860369299747,4.119140941518672,0.0,0.0043,1.3673706650377326,0.0,-4.102111995113198,2.7476848531934275,-1.3669479586370161,4.102111995113198,-2.7396771621819824
2024-04-30,-0.0400828406584016,-0.0400828406584016,-0.03427256211644758,2.7571659172428746,0.0,0.004699999999999999,-1.3720286887532438,1.371104141119313,-4.116086066259731,2.7078071571584754,0.0,4.116086066259731,-2.7469654501829464
2024-05-31,0.004201919400581798,0.004201919400581798,0.037451525525697305,5.597149113468339,0.0,0.0044,0.0,-1.3083296671991995,-3.9268345070975728,2.6176179933502914,3.9293072226906545,1.308944835699191,-2.6165039580427827
2024-06-30,-0.005174712278450867,-0.005174712278450867,0.016016917162647637,2.6329254276606298,0.0,0.0040999999999999995,2.6240526762603973,-1.3127102998527909,-3.9360790143905957,1.3170647371453328,3.9307189984012054,0.0,-2.6282218098419996
2024-07-31,0.012952807238091191,0.012952807238091191,0.02022608987075425,4.046109820523971,0.0,0.0045000000000000005,0.0,2.6630512881356663,-3.9918853061784723,1.3387453789089714,3.997741110493276,-1.330628435392824,-2.6640712287285258
2024-08-31,0.004715855907528665,0.004715855907528665,0.025969282459610055,8.080312350183593,0.0,0.0048,2.6922924643121577,-2.6928421978396693,-4.038438696468237,-1.3462845680138689,4.038438696468237,0.0,1.3515501574489093
2024-09-30,0.003953061901998508,0.003953061901998508,0.01825555584492733,6.919176343562538,0.0,0.004,4.131413155953531,-2.758689295192671,-4.131413155953531,2.7616337563909137,-1.3761291179474209,1.377137718651177,0.0
2024-10-31,-0.027163288675099703,-0.027163288675099703,-0.022894609071048344,8.385024957409135,0.0,0.0039000000000000003,-2.8126838659846105,-1.4064135929974513,-4.219025798976916,1.3867413485603568,4.211534754738911,2.8126838659846105,0.0
2024-11-30,0.038444361933596606,0.038444361933596606,0.03678141774409904,8.039268351737125,0.0,0.004,-4.970126863983955,0.0,-1.6567089546613185,5.005251435460874,1.6561949808387761,3.313417909322637,-3.309584145043417
2024-12-31,-0.012502746857171274,-0.012502746857171274,-0.025150331305122453,3.3847751416601786,0.0,0.0037,-4.9141580483339915,-1.637201624956442,-3.276105365555994,4.900465347889717,1.6383915785435452,3.276105365555994,0.0
2025-01-31,0.020272331809912503,0.020272331809912503,0.029060556762169565,11.428916563149425,0.0,0.0037,3.244904522688024,-4.86115538154499,0.0,4.882971816662171,-3.244233325144806,1.622452261344012,-1.6246675621944977
2025-02-28,0.004365808338312386,0.004365808338312386,-0.0025954986908064415,8.461858682100333,0.0,0.0033,5.210804095143912,-1.7368460656978129,-5.210804095143912,3.4792446846676466,-3.4735100433544397,0.0,1.7354772327229182
2025-03-31,0.004524604824355372,0.004524604824355372,-0.03333767823768108,5.392559248033129,0.0,0.0034000000000000002,5.3447261720089125,0.0,-5.3447261720089125,1.7795569202507104,-1.781391077055871,-3.5631507813392753,3.5695095429687913
2025-04-30,0.020972259776964396,0.020972259776964396,0.014553129707437495,10.693254144545124,0.0,0.0034999999999999996,5.344007713553202,-3.5690359959040556,1.781335904517734,3.5994079588502284,-5.35340741672241,-1.781335904517734,0.0
2025-05-31,-0.04096625311710784,-0.04096625311710784,0.045231751092217776,7.114857488182453,0.0,0.0038,-1.78093303256443,-3.561321659270118,1.78093303256443,5.302447277604566,-5.343957936580416,3.56186606512886,0.0
2025-06-30,0.008371419512302802,0.008371419512302802,0.03827306369136396,13.118779118575212,0.0,0.0034000000000000002,-5.7460690481859125,1.9151611538437732,5.7460690481859125,0.0,-1.9165430511121775,3.830712698790608,-3.820959382009901
2025-07-31,0.009990728374357022,0.009990728374357022,0.006737052399438559,5.9863429273372075,0.0,0.0034000000000000002,-3.9946070229078425,0.0,5.991910534361764,1.9936286199885047,-5.97824491452199,3.9946070229078425,-1.9973035114539213
2025-08-31,0.01951932879677722,0.01951932879677722,0.02384049296070212,4.083916229522146,0.0,0.0038,-6.065395131061937,2.0208701422916153,6.065395131061937,0.0,-4.042760263194365,4.043596754041292,-2.002187304341765
2025-09-30,0.013284573339103272,0.013284573339103272,0.027308758035071934,6.3834432635370515,0.0,0.0033,-6.219075247735785,4.146261763103762,0.0,2.0704705230190408,-4.138758332671397,6.219075247735785,-2.064689380112303
2025-10-31,0.02094706294675893,0.02094706294675893,0.015762588192335114,4.287372272045077,0.0,0.0037,-4.2783870237625425,6.416925513389604,0.0,2.154809668507178,-6.411594607068751,4.2783870237625425,-2.1391935118812713
