Date,ret_net,ret_gross,ret_bm,turnover,tcost,ret_rf,w_US,w_AU,w_CH,w_JP,w_UK,w_EM,w_EU
1999-11-30,0.0,0.0,0.0,0.0,0.0,0.0042084106495823,0.0,0.0,0.0,0.0,0.0,0.0,0.0
1999-12-31,0.0463856754409424,0.0463856754409424,0.0,0.5,0.0,0.0044092523317122,0.3333333333333333,0.0,0.0,0.3333333333333333,0.3333333333333333,0.0,0.0
2000-01-31,-0.06757676611315977,-0.06757676611315977,0.0,0.023192837720471232,0.0,0.0040076091277567,0.3333333333333333,0.0,0.0,0.3333333333333333,0.3333333333333333,0.0,0.0
2000-02-29,-0.019597072954778007,-0.019597072954778007,-0.001212828824101564,0.033788383056579885,0.0,0.0040076091277567,0.3333333333333333,0.0,0.0,0.3333333333333333,0.3333333333333333,0.0,0.0
2000-03-31,0.046989193801104334,0.046989193801104334,0.05442926311149998,0.33431377817441,0.0,0.0046101341821787,0.3333333333333333,0.0,0.0,0.3333333333333333,0.0,0.0,0.3333333333333333
2000-04-30,-0.04968906658694209,-0.04968906658694209,-0.038301109449248694,0.024829621658748025,0.0,0.0038068477582051,0.3333333333333333,0.0,0.0,0.3333333333333333,0.0,0.0,0.3333333333333333
2000-05-31,-0.03246960513917944,-0.03246960513917944,-0.011619824387154143,0.024844533293471027,0.0,0.0044092523317122,0.3333333333333333,0.0,0.0,0.3333333333333333,0.0,0.0,0.3333333333333333
2000-06-30,0.019243452648516863,0.019243452648516863,0.030136117069895274,0.3257172688896982,0.0,0.0044092523317122,0.3333333333333333,0.0,0.3333333333333333,0.0,0.0,0.0,0.3333333333333333
2000-07-31,-0.01504990905872964,-0.01504990905872964,-0.023792266927673333,0.00962172632425845,0.0,0.0040076091277567,0.3333333333333333,0.0,0.3333333333333333,0.0,0.0,0.0,0.3333333333333333
2000-08-31,0.030842344151546408,0.030842344151546408,0.01687493416937813,0.33239329444422094,0.0,0.0046101341821787,0.3333333333333333,0.0,0.3333333333333333,0.3333333333333333,0.0,0.0,0.0
2000-09-30,-0.044060817509367224,-0.044060817509367224,-0.03315693836523392,0.02309934836696853,0.0,0.0060171308192813,0.3333333333333333,0.0,0.3333333333333333,0.3333333333333333,0.0,0.0,0.0
2000-10-31,-0.03526784858256338,-0.03526784858256338,-0.015321869419774314,0.022030408754683622,0.0,0.0066208316393145,0.3333333333333333,0.0,0.3333333333333333,0.3333333333333333,0.0,0.0,0.0
2000-11-30,-0.027528891442246167,-0.027528891442246167,-0.02818826191734969,0.3270950178948736,0.0,0.0042084106495823,0.3333333333333333,0.0,0.3333333333333333,0.0,0.0,0.0,0.3333333333333333
2000-12-31,0.038144545738512114,0.038144545738512114,0.02434948321520647,0.3587335232830391,0.0,0.0060171308192813,0.3333333333333333,0.0,0.0,0.0,0.3333333333333333,0.0,0.3333333333333333
2001-01-31,-0.003424143124017286,-0.003424143124017286,0.010555943009654012,0.6872830721162568,0.0,0.0063189359585271,0.3333333333333333,0.0,0.3333333333333333,0.3333333333333333,0.0,0.0,0.0
2001-02-28,-0.080456743116698,-0.080456743116698,-0.048795867360239,0.6768895246576757,0.0,0.0038068477582051,0.0,0.0,0.3333333333333333,0.0,0.3333333333333333,0.0,0.3333333333333333
2001-03-31,-0.0867297476415009,-0.0867297476415009,-0.04922215763514304,0.3496326818333251,0.0,0.0044092523317122,0.3333333333333333,0.0,0.3333333333333333,0.0,0.0,0.0,0.3333333333333333
2001-04-30,0.06281376577159148,0.06281376577159148,0.038953114457780824,0.34934994972576533,0.0,0.0040076091277567,0.3333333333333333,0.0,0.3333333333333333,0.3333333333333333,0.0,0.0,0.0
2001-05-31,-0.0033094958350750785,-0.0033094958350750785,-0.008216110784206476,0.03140688288579574,0.0,0.0022023115407312,0.3333333333333333,0.0,0.3333333333333333,0.3333333333333333,0.0,0.0,0.0
2001-06-30,-0.04127705053898452,-0.04127705053898452,-0.021359090411263826,0.0025184779644967237,0.0,0.0021021013305981,0.3333333333333333,0.0,0.3333333333333333,0.3333333333333333,0.0,0.0,0.0
2001-07-31,-0.045176956406353254,-0.045176956406353254,0.003869245207709149,0.3420650144502343,0.0,0.0021021013305981,0.3333333333333333,0.3333333333333333,0.0,0.3333333333333333,0.0,0.0,0.0
2001-08-31,-0.025486671288798852,-0.025486671288798852,-0.00915581979293889,0.022588478203176637,0.0,0.0023025317718852,0.3333333333333333,0.3333333333333333,0.0,0.3333333333333333,0.0,0.0,0.0
2001-09-30,-0.09490199014234889,-0.09490199014234889,-0.042868814854046255,0.3426019276236191,0.0,0.0030042036421848,0.3333333333333333,0.3333333333333333,0.3333333333333333,0.0,0.0,0.0,0.0
2001-10-31,0.03662326339387922,0.03662326339387922,0.013630637349292485,0.04745099507117445,0.0,0.0023025317718852,0.3333333333333333,0.3333333333333333,0.3333333333333333,0.0,0.0,0.0,0.0
2001-11-30,0.052902446754176026,0.052902446754176026,0.022979445001815035,0.018311631696939612,0.0,0.0021021013305981,0.3333333333333333,0.3333333333333333,0.3333333333333333,0.0,0.0,0.0,0.0
2001-12-31,0.0032763437253634136,0.0032763437253634136,-0.008954777577066197,0.026451223377088023,0.0,0.0020019011404841,0.3333333333333333,0.3333333333333333,0.3333333333333333,0.0,0.0,0.0,0.0
2002-01-31,-0.021954594470825185,-0.021954594470825185,-0.02468739554286603,0.0017598210598795683,0.0,0.0021021013305981,0.3333333333333333,0.3333333333333333,0.3333333333333333,0.0,0.0,0.0,0.0
2002-02-28,0.001267095311428286,0.001267095311428286,-0.0020207261760197825,0.3460327288831839,0.0,0.0019017109693872,0.3333333333333333,0.0,0.3333333333333333,0.0,0.3333333333333333,0.0,0.0
2002-03-31,0.043978998842350236,0.043978998842350236,0.02205047615427369,0.3408959931656387,0.0,0.0020019011404841,0.3333333333333333,0.3333333333333333,0.3333333333333333,0.0,0.0,0.0,0.0
2002-04-30,0.01988567611250206,0.01988567611250206,-0.001331088822003279,0.35532283275450843,0.0,0.0022023115407312,0.0,0.3333333333333333,0.3333333333333333,0.3333333333333333,0.0,0.0,0.0
2002-05-31,0.05380486438072422,0.05380486438072422,0.01487175660052431,0.015190641093968865,0.0,0.0022023115407312,0.0,0.3333333333333333,0.3333333333333333,0.3333333333333333,0.0,0.0,0.0
2002-06-30,-0.04840245398501078,-0.04840245398501078,-0.007288949609461026,0.02690243219036209,0.0,0.0020019011404841,0.0,0.3333333333333333,0.3333333333333333,0.3333333333333333,0.0,0.0,0.0
2002-07-31,-0.08357577999349544,-0.08357577999349544,-0.03563502705165478,0.024201226992505404,0.0,0.0022023115407312,0.0,0.3333333333333333,0.3333333333333333,0.3333333333333333,0.0,0.0,0.0
2002-08-31,0.00022691825878029537,0.00022691825878029537,0.010433158987546376,0.04178788999674771,0.0,0.0022023115407312,0.0,0.3333333333333333,0.3333333333333333,0.3333333333333333,0.0,0.0,0.0
2002-09-30,-0.08472936622036616,-0.08472936622036616,-0.04407630862954959,0.3343880688304397,0.0,0.0020019011404841,0.3333333333333333,0.3333333333333333,0.3333333333333333,0.0,0.0,0.0,0.0
2002-10-31,0.08867771229073829,0.08867771229073829,0.029076025631141977,0.3476193066510964,0.0,0.0023025317718852,0.3333333333333333,0.3333333333333333,0.0,0.0,0.0,0.0,0.3333333333333333
2002-11-30,0.033304977958347706,0.033304977958347706,0.02470264732376548,0.37767218947870246,0.0,0.0020019011404841,0.3333333333333333,0.3333333333333333,0.3333333333333333,0.0,0.0,0.0,0.0
2002-12-31,-0.0214189724701106,-0.0214189724701106,0.005356192545459937,0.21992064912542747,0.0,0.0021021013305981,0.19782122656916423,0.19782122656916423,0.19782122656916423,0.0,0.0,0.0,0.0
2003-01-31,-0.007275622725556133,-0.007275622725556133,-0.0052626591732434225,0.009636300643755119,0.0,0.0,0.19710576950829745,0.19710576950829745,0.19710576950829745,0.0,0.0,0.0,0.0
2003-02-28,-0.016778185823474328,-0.016778185823474328,0.0009199299894242507,0.010469508724221893,0.0,0.0,0.20020253487228784,0.20020253487228784,0.20020253487228784,0.0,0.0,0.0,0.0
2003-03-31,0.004956920854459632,0.004956920854459632,0.0007118765660765192,0.014566282991259727,0.0,0.0,0.20432066159196954,0.20432066159196954,0.20432066159196954,0.0,0.0,0.0,0.0
2003-04-30,0.029932103486392445,0.029932103486392445,0.04390266004896226,0.20694873507243383,0.0,0.0,0.2040214354855006,0.2040214354855006,0.0,0.2040214354855006,0.0,0.0,0.0
2003-05-31,0.03495350321532906,0.03495350321532906,0.04952453470403406,0.21697759150911394,0.0,0.0,0.20804122692466642,0.20804122692466642,0.20804122692466642,0.0,0.0,0.0,0.0
2003-06-30,0.008413800272248834,0.008413800272248834,-0.0014577828712760699,0.021322953188836383,0.0,0.0,0.20547709253721852,0.20547709253721852,0.20547709253721852,0.0,0.0,0.0,0.0
2003-07-31,0.0113873213142839,0.0113873213142839,-0.007534471300557399,0.010775680514071809,0.0,0.0,0.20109790561858693,0.20109790561858693,0.20109790561858693,0.0,0.0,0.0,0.0
2003-08-31,0.030123413772651604,0.030123413772651604,0.006985041585706675,0.20753734261931472,0.0,0.0,0.20141629663036256,0.20141629663036256,0.0,0.20141629663036256,0.0,0.0,0.0
2003-09-30,0.012261048420712484,0.012261048420712484,0.03352236095528882,0.41756662564300034,0.0,0.0,0.2007609476222614,0.0,0.2007609476222614,0.0,0.2007609476222614,0.0,0.0
2003-10-31,0.03445916412293851,0.03445916412293851,0.023960523498449016,0.40682862302737716,0.0,0.0,0.1986401415370685,0.1986401415370685,0.0,0.1986401415370685,0.0,0.0,0.0
2003-11-30,0.00375709561609362,0.00375709561609362,0.016213877431540347,0.21524383511859124,0.0,0.0,0.0,0.19989191849696153,0.19989191849696153,0.19989191849696153,0.0,0.0,0.0
2003-12-31,0.039171323990090406,0.039171323990090406,0.05063331442830643,0.20322739285337243,0.0,0.0,0.19697806540023335,0.19697806540023335,0.19697806540023335,0.0,0.0,0.0,0.0
2004-01-31,0.010942916364977726,0.010942916364977726,0.009052709710837714,0.01829941393555007,0.0,0.0,0.19783556410656344,0.19783556410656344,0.19783556410656344,0.0,0.0,0.0,0.0
2004-02-29,0.013217730657481521,0.013217730657481521,0.008914564156645488,0.010513934797952776,0.0,0.0,0.1944739130295875,0.1944739130295875,0.1944739130295875,0.0,0.0,0.0,0.0
2004-03-31,-0.009763513072715528,-0.009763513072715528,0.004575978160007654,0.007046573426921915,0.0,0.0,0.19418210763080007,0.19418210763080007,0.19418210763080007,0.0,0.0,0.0,0.0
2004-04-30,-0.01397710456278628,-0.01397710456278628,-0.03202747580680698,0.016850309914356473,0.0,0.0,0.20216114321613254,0.20216114321613254,0.20216114321613254,0.0,0.0,0.0,0.0
2004-05-31,-5.706368160047874e-06,-5.706368160047874e-06,0.008771320820335493,0.2279252360560537,0.0,0.0,0.2132707360512615,0.2132707360512615,0.0,0.2132707360512615,0.0,0.0,0.0
2004-06-30,0.014241777439878414,0.014241777439878414,0.011190230158493408,0.22155178858126343,0.0,0.0,0.21705793102598772,0.0,0.21705793102598772,0.21705793102598772,0.0,0.0,0.0
2004-07-31,-0.013690297916135479,-0.013690297916135479,-0.018259505651387786,0.22414733174857498,0.0,0.0,0.2171209070206916,0.2171209070206916,0.2171209070206916,0.0,0.0,0.0,0.0
2004-08-31,-0.0014722793563380885,-0.0014722793563380885,0.014722827915299774,0.23005625795713902,0.0,0.0022023115407312,0.22017805194759527,0.0,0.22017805194759527,0.0,0.0,0.0,0.22017805194759527
2004-09-30,0.022439458085703065,0.022439458085703065,0.016597170084819757,0.443852712689731,0.0,0.0021021013305981,0.22339983940187438,0.22339983940187438,0.0,0.0,0.22339983940187438,0.0,0.0
2004-10-31,0.018850567045134648,0.018850567045134648,0.02721990404982977,0.23376831672771148,0.0,0.0021021013305981,0.22510234283590327,0.22510234283590327,0.0,0.22510234283590327,0.0,0.0,0.0
2004-11-30,0.04128618815934397,0.04128618815934397,0.0440652883664745,0.25020478397965673,0.0,0.0021021013305981,0.24568997681672358,0.24568997681672358,0.0,0.0,0.24568997681672358,0.0,0.0
2004-12-31,0.032620340536086354,0.032620340536086354,0.027301244887431908,0.2659059527829635,0.0,0.0022023115407312,0.24654421304358776,0.24654421304358776,0.24654421304358776,0.0,0.0,0.0,0.0
2005-01-31,-0.01576086506199474,-0.01576086506199474,-0.018009085671903957,0.017247350111770796,0.0,0.0020019011404841,0.24591942648110268,0.24591942648110268,0.24591942648110268,0.0,0.0,0.0,0.0
2005-02-28,0.026149469034431563,0.026149469034431563,0.0161741224137959,0.0060745996835790406,0.0,0.0019017109693872,0.2436630930853017,0.2436630930853017,0.2436630930853017,0.0,0.0,0.0,0.0
2005-03-31,-0.018143038331042544,-0.018143038331042544,-0.016053159290623786,0.012941151979749002,0.0,0.0022023115407312,0.24375214811027957,0.24375214811027957,0.24375214811027957,0.0,0.0,0.0,0.0
2005-04-30,-0.01162040435170811,-0.01162040435170811,-0.002547047491848531,0.007696651150356892,0.0,0.0021021013305981,0.24283556943350332,0.24283556943350332,0.24283556943350332,0.0,0.0,0.0,0.0
2005-05-31,0.003747055153776994,0.003747055153776994,-0.001754488902569462,0.24663633714420663,0.0,0.0021021013305981,0.24208466065886025,0.24208466065886025,0.0,0.0,0.24208466065886025,0.0,0.0
2005-06-30,-0.0005592688772915653,-0.0005592688772915653,-4.4818665406509695e-05,0.24630940112105654,0.0,0.0022023115407312,0.24073958572160403,0.0,0.24073958572160403,0.0,0.24073958572160403,0.0,0.0
2005-07-31,0.03196701653701346,0.03196701653701346,0.012260673131825772,0.2501915634190746,0.0,0.0020019011404841,0.2450501980464777,0.0,0.2450501980464777,0.0,0.0,0.0,0.2450501980464777
2005-08-31,0.007074351569377164,0.007074351569377164,0.013043921390037516,0.509936238743486,0.0,0.0023025317718852,0.2527548668105255,0.2527548668105255,0.0,0.0,0.2527548668105255,0.0,0.0
2005-09-30,0.024615932080477475,0.024615932080477475,0.003509227003188009,0.29134444323420183,0.0,0.0021021013305981,0.2757437778783657,0.2757437778783657,0.2757437778783657,0.0,0.0,0.0,0.0
2005-10-31,-0.009220110688796844,-0.009220110688796844,-0.021193160657350774,0.28778702253643573,0.0,0.0021021013305981,0.0,0.27627322064270315,0.27627322064270315,0.27627322064270315,0.0,0.0,0.0
2005-11-30,0.0290599040267247,0.0290599040267247,0.011257917388529659,0.3403333887214469,0.0,0.0021021013305981,0.3151697044933054,0.3151697044933054,0.3151697044933054,0.0,0.0,0.0,0.0
2005-12-31,0.04200173963599292,0.04200173963599292,0.017076521591678162,0.3488345062538526,0.0,0.0042084106495823,0.0,0.34013510251673407,0.34013510251673407,0.34013510251673407,0.0,0.0,0.0
2006-01-31,0.05487477704632178,0.05487477704632178,0.029590668196876946,0.360857857381066,0.0,0.0040076091277567,0.3406913324240631,0.3406913324240631,0.3406913324240631,0.0,0.0,0.0,0.0
2006-02-28,-0.014955616235217295,-0.014955616235217295,-0.002952835120293318,0.715164019889956,0.0,0.0038068477582051,0.0,0.0,0.3533792654614013,0.3533792654614013,0.0,0.0,0.3533792654614013
2006-03-31,0.013104468718377603,0.013104468718377603,0.006509549926963398,0.7010756689656009,0.0,0.0046101341821787,0.35034145317428855,0.35034145317428855,0.35034145317428855,0.0,0.0,0.0,0.0
2006-04-30,0.05557130756774384,0.05557130756774384,0.027651495465833342,0.006453650353133139,0.0,0.0038068477582051,0.35780201549149526,0.35780201549149526,0.35780201549149526,0.0,0.0,0.0,0.0
2006-05-31,-0.04433506231788484,-0.04433506231788484,-0.009579427712649635,0.027008090312192312,0.0,0.0044092523317122,0.35832039113928166,0.35832039113928166,0.35832039113928166,0.0,0.0,0.0,0.0
2006-06-30,7.063197227189183e-05,7.063197227189183e-05,-0.004859094337308245,0.020247929792682196,0.0,0.0044092523317122,0.35704065689510817,0.35704065689510817,0.35704065689510817,0.0,0.0,0.0,0.0
2006-07-31,0.023864274155331322,0.023864274155331322,0.007211427147981286,0.3635605193971516,0.0,0.0040076091277567,0.0,0.3440715638632931,0.3440715638632931,0.0,0.3440715638632931,0.0,0.0
2006-08-31,0.024426561039525133,0.024426561039525133,0.018441261137778664,0.3567687821818837,0.0,0.0046101341821787,0.0,0.3425414013814432,0.0,0.0,0.3425414013814432,0.0,0.3425414013814432
2006-09-30,0.0016878461578240037,0.0016878461578240037,0.005252609709792022,0.35489260445283527,0.0,0.0040076091277567,0.3422655562781841,0.3422655562781841,0.0,0.0,0.3422655562781841,0.0,0.0
2006-10-31,0.043324328986194705,0.043324328986194705,0.024292395617105722,0.3494245446041167,0.0,0.0044092523317122,0.3493752754974214,0.3493752754974214,0.3493752754974214,0.0,0.0,0.0,0.0
2006-11-30,0.02501600602544468,0.02501600602544468,0.026168873440274742,0.3715064383983618,0.0,0.0042084106495823,0.3484372786817354,0.0,0.3484372786817354,0.0,0.0,0.0,0.3484372786817354
2006-12-31,0.020215237900166383,0.020215237900166383,0.0027610531237172165,0.3598920590835716,0.0,0.0040076091277567,0.35628080464027173,0.35628080464027173,0.35628080464027173,0.0,0.0,0.0,0.0
2007-01-31,0.009169516055497182,0.009169516055497182,0.000610869102998679,0.010383262846800662,0.0,0.0040076091277567,0.35609704204246007,0.35609704204246007,0.35609704204246007,0.0,0.0,0.0,0.0
2007-02-28,-0.004889816466292676,-0.004889816466292676,0.007524035992735545,0.026274822259012315,0.0,0.0038068477582051,0.37667009556696734,0.37667009556696734,0.37667009556696734,0.0,0.0,0.0,0.0
2007-03-31,0.03663774103512639,0.03663774103512639,0.011415016497603014,0.013836792339211368,0.0,0.0044092523317122,0.3767295085660698,0.3767295085660698,0.3767295085660698,0.0,0.0,0.0,0.0
2007-04-30,0.033377357425456965,0.033377357425456965,0.029820303782732482,0.39581587338221846,0.0,0.0040076091277567,0.0,0.37519451996889874,0.37519451996889874,0.37519451996889874,0.0,0.0,0.0
2007-05-31,0.006677063445246514,0.006677063445246514,0.007622178357741927,0.38980003135789065,0.0,0.0044092523317122,0.0,0.3793608546163718,0.3793608546163718,0.0,0.3793608546163718,0.0,0.0
2007-06-30,-0.009680249978751552,-0.009680249978751552,-0.006716283484492047,0.3953961879347043,0.0,0.0042084106495823,0.38957175300117847,0.38957175300117847,0.38957175300117847,0.0,0.0,0.0,0.0
2007-07-31,-0.030834508325600255,-0.030834508325600255,-0.00016930849875829157,0.39352814741967523,0.0,0.0042084106495823,0.3908906556736158,0.3908906556736158,0.0,0.0,0.3908906556736158,0.0,0.0
2007-08-31,-0.021384789890978202,-0.021384789890978202,0.006926645498760875,0.38592031231833357,0.0,0.0046101341821787,0.0,0.3864983619043113,0.0,0.0,0.3864983619043113,0.0,0.3864983619043113
2007-09-30,0.07321828480433376,0.07321828480433376,0.0376846954983987,0.76795899144023,0.0,0.0038068477582051,0.3829754057105713,0.3829754057105713,0.0,0.3829754057105713,0.0,0.0,0.0
2007-10-31,0.03685202100122375,0.03685202100122375,0.024578338074680905,0.4229209226780242,0.0,0.0023025317718852,0.3763026565799993,0.3763026565799993,0.3763026565799993,0.0,0.0,0.0,0.0
2007-11-30,-0.04227060105572468,-0.04227060105572468,-0.010801470035733063,0.04243907534573907,0.0,0.0042084106495823,0.3602939466832478,0.3602939466832478,0.3602939466832478,0.0,0.0,0.0,0.0
2007-12-31,-0.035435410281169435,-0.035435410281169435,-0.009231795574268453,0.022903146174370836,0.0,0.0020019011404841,0.35923674180474824,0.35923674180474824,0.35923674180474824,0.0,0.0,0.0,0.0
2008-01-31,-0.06514849279877524,-0.06514849279877524,-0.025390870037274915,0.3628212468703783,0.0,0.0021021013305981,0.0,0.35260186380211495,0.35260186380211495,0.35260186380211495,0.0,0.0,0.0
2008-02-29,-0.0020743199638749697,-0.0020743199638749697,0.008931692705318017,0.6975384684544825,0.0,0.0020019011404841,0.3470442293297958,0.3470442293297958,0.0,0.0,0.0,0.0,0.3470442293297958
2008-03-31,-0.05125793041662861,-0.05125793041662861,0.010966861034271025,0.35787772669715734,0.0,0.0020019011404841,0.0,0.32330291463119776,0.0,0.0,0.0,0.32330291463119776,0.32330291463119776
2008-04-30,-0.04668846353755653,-0.04668846353755653,0.010939850944766683,0.3593392314390737,0.0,0.0022023115407312,0.0,0.32671286008153605,0.32671286008153605,0.0,0.0,0.32671286008153605,0.0
2008-05-31,0.003502838720244257,0.003502838720244257,0.001787283863046829,0.6235175515221046,0.0,0.0021021013305981,0.31358498633715765,0.0,0.31358498633715765,0.0,0.0,0.0,0.31358498633715765
2008-06-30,-0.06982881713747888,-0.06982881713747888,-0.04031100802057119,0.3208248790501389,0.0,0.0021021013305981,0.3026080396314394,0.3026080396314394,0.3026080396314394,0.0,0.0,0.0,0.0
2008-07-31,-0.029355402197533964,-0.029355402197533964,-0.011343954126205924,0.32097808889510404,0.0,0.0022023115407312,0.30258690585865233,0.30258690585865233,0.0,0.30258690585865233,0.0,0.0,0.0
2008-08-31,-0.024894455281952867,-0.024894455281952867,-0.016745445821676253,0.02295955284367379,0.0,0.0021021013305981,0.2774954032303585,0.2774954032303585,0.0,0.2774954032303585,0.0,0.0,0.0
2008-09-30,-0.09840518487118056,-0.09840518487118056,-0.06597605634725823,0.28221493840237216,0.0,0.0021021013305981,0.27880345862239986,0.27880345862239986,0.27880345862239986,0.0,0.0,0.0,0.0
2008-10-31,-0.1554032723306536,-0.1554032723306536,-0.10131355099831318,0.044686588181731615,0.0,0.0,0.2757927891198274,0.2757927891198274,0.2757927891198274,0.0,0.0,0.0,0.0
2008-11-30,-0.014471503946434362,-0.014471503946434362,-0.006613744759143336,0.2714313942226296,0.0,0.0,0.24228892199089913,0.24228892199089913,0.0,0.0,0.0,0.24228892199089913,0.0
2008-12-31,0.033600124417569696,0.033600124417569696,0.0554356770971014,0.2604307812670861,0.0,0.0,0.19153369949209081,0.19153369949209081,0.19153369949209081,0.0,0.0,0.0,0.0
2009-01-31,-0.003460373834422912,-0.003460373834422912,-0.06090081147641435,0.4006616386656242,0.0,0.0,0.19312205443740627,0.0,0.0,0.19312205443740627,0.0,0.19312205443740627,0.0
2009-02-28,-0.020869747847919375,-0.020869747847919375,-0.05747671933025578,0.2069033709260043,0.0,0.0,0.1908851540347853,0.1908851540347853,0.0,0.0,0.0,0.1908851540347853,0.0
2009-03-31,0.02848928899673546,0.02848928899673546,0.044150762617619854,0.20317070122585806,0.0,0.0,0.19536400305385415,0.0,0.0,0.19536400305385415,0.0,0.19536400305385415,0.0
2009-04-30,0.07910000710731686,0.07910000710731686,0.04329354048696654,0.20997178297169428,0.0,0.0,0.19463773221490935,0.19463773221490935,0.0,0.0,0.0,0.19463773221490935,0.0
2009-05-31,0.06518960944646018,0.06518960944646018,0.05704479693938258,0.04452768055579556,0.0,0.0,0.19131928088015127,0.19131928088015127,0.0,0.0,0.0,0.19131928088015127,0.0
2009-06-30,-0.03849264193548574,-0.03849264193548574,-0.0010359375830089057,0.05698604414515843,0.0,0.0,0.1750584545988657,0.1750584545988657,0.0,0.0,0.0,0.1750584545988657,0.0
2009-07-31,0.04358266840840891,0.04358266840840891,0.04587420128584596,0.03228823942822863,0.0,0.0,0.16518133685743203,0.16518133685743203,0.0,0.0,0.0,0.16518133685743203,0.0
2009-08-31,0.02249029359657603,0.02249029359657603,0.029345260561444375,0.18855098106742402,0.0,0.0,0.1620247168458569,0.1620247168458569,0.0,0.1620247168458569,0.0,0.0,0.0
2009-09-30,0.02930188345248453,0.02930188345248453,0.030475927964169314,0.17572407880983124,0.0,0.0,0.15711628651448425,0.15711628651448425,0.15711628651448425,0.0,0.0,0.0,0.0
2009-10-31,-0.003887356421902051,-0.003887356421902051,-0.007236555507759035,0.016198265497364042,0.0,0.0,0.1560847373337364,0.1560847373337364,0.1560847373337364,0.0,0.0,0.0,0.0
2009-11-30,-0.01251504576751022,-0.01251504576751022,0.035934488404395504,0.15533531523234373,0.0,0.0,0.0,0.1536962251146197,0.1536962251146197,0.0,0.0,0.1536962251146197,0.0
2009-12-31,0.008958060354659039,0.008958060354659039,-0.020050953989246723,0.16708548554839345,0.0,0.0,0.0,0.0,0.15475715109051985,0.0,0.15475715109051985,0.15475715109051985,0.0
2010-01-31,-0.0235143496965919,-0.0235143496965919,-0.01814797878509966,0.3140564703530806,0.0,0.0,0.15488342707994257,0.15488342707994257,0.15488342707994257,0.0,0.0,0.0,0.0
2010-02-28,0.011561694955067096,0.011561694955067096,0.007916683652136047,0.011741704010962611,0.0,0.0,0.154873113188387,0.154873113188387,0.154873113188387,0.0,0.0,0.0,0.0
2010-03-31,0.02612280018358152,0.02612280018358152,0.018826384703533483,0.3149990345302243,0.0,0.0,0.15381703454022053,0.0,0.0,0.15381703454022053,0.15381703454022053,0.0,0.0
2010-04-30,-0.006128629387833924,-0.006128629387833924,-0.0016121623446596622,0.1671392074054205,0.0,0.0,0.15329548899340212,0.0,0.15329548899340212,0.15329548899340212,0.0,0.0,0.0
2010-05-31,-0.052646270845923104,-0.052646270845923104,-0.05016807296540693,0.15798293567590393,0.0,0.0,0.15198209692987238,0.15198209692987238,0.15198209692987238,0.0,0.0,0.0,0.0
2010-06-30,-0.007812846408289532,-0.007812846408289532,-0.00566764773747408,0.027263658622897063,0.0,0.0,0.15260911239649605,0.15260911239649605,0.15260911239649605,0.0,0.0,0.0,0.0
2010-07-31,0.035342836085334305,0.035342836085334305,0.05602284401903579,0.0071681854032404485,0.0,0.0,0.14667980880877912,0.14667980880877912,0.14667980880877912,0.0,0.0,0.0,0.0
2010-08-31,-0.008605948537230694,-0.008605948537230694,-0.005622721748295145,0.01771455551890272,0.0,0.0,0.14665105049128874,0.14665105049128874,0.14665105049128874,0.0,0.0,0.0,0.0
2010-09-30,0.03979772155344348,0.03979772155344348,0.05401498499005508,0.005386335334251355,0.0,0.0,0.14315268337272416,0.14315268337272416,0.14315268337272416,0.0,0.0,0.0,0.0
2010-10-31,0.01368886476118482,0.01368886476118482,0.024511799107974186,0.1630578757876286,0.0,0.0,0.0,0.14314002009635876,0.14314002009635876,0.0,0.14314002009635876,0.0,0.0
2010-11-30,-0.010930208531035162,-0.010930208531035162,-0.035641180625231916,0.15106352029004266,0.0,0.0,0.14098188447017576,0.14098188447017576,0.14098188447017576,0.0,0.0,0.0,0.0
2010-12-31,0.035706946004579986,0.035706946004579986,0.04353733766643564,0.005502855981944124,0.0,0.0,0.14100705228112678,0.14100705228112678,0.14100705228112678,0.0,0.0,0.0,0.0
2011-01-31,0.0014193611165402688,0.0014193611165402688,0.010743508941234214,0.15870543940094284,0.0,0.0,0.14131722404607464,0.14131722404607464,0.0,0.14131722404607464,0.0,0.0,0.0
2011-02-28,0.015894441232479684,0.015894441232479684,0.0190644575543637,0.1441234611426691,0.0,0.0,0.13839845179602525,0.13839845179602525,0.13839845179602525,0.0,0.0,0.0,0.0
2011-03-31,-0.015560259347538585,-0.015560259347538585,-0.003051022737709519,0.14559175850243505,0.0,0.0,0.13990627961568533,0.0,0.13990627961568533,0.13990627961568533,0.0,0.0,0.0
2011-04-30,0.02441374008095669,0.02441374008095669,0.03750411430851641,0.13440197449901375,0.0,0.0,0.13930191291569372,0.13930191291569372,0.13930191291569372,0.0,0.0,0.0,0.0
2011-05-31,-0.005183390235368145,-0.005183390235368145,-0.010207354123056067,0.011292793712252877,0.0,0.0,0.1399112971345107,0.1399112971345107,0.1399112971345107,0.0,0.0,0.0,0.0
2011-06-30,-0.010634585811360021,-0.010634585811360021,-0.0063450298526877,0.00537756435742473,0.0,0.0,0.13967427063229804,0.13967427063229804,0.13967427063229804,0.0,0.0,0.0,0.0
2011-07-31,-0.005939111224163075,-0.005939111224163075,0.0034492578744269586,0.005149168359329742,0.0,0.0,0.13956218760139785,0.13956218760139785,0.13956218760139785,0.0,0.0,0.0,0.0
2011-08-31,-0.03833801435349458,-0.03833801435349458,-0.021754568971800836,0.2827228779647414,0.0,0.0,0.1420312659930217,0.0,0.0,0.1420312659930217,0.0,0.0,0.1420312659930217
2011-09-30,-0.029740633651403968,-0.029740633651403968,-0.04901482962333048,0.2762870924816799,0.0,0.0,0.0,0.0,0.14249434840215952,0.14249434840215952,0.14249434840215952,0.0,0.0
2011-10-31,0.04945545168411011,0.04945545168411011,0.0475102549953923,0.2802973415476922,0.0,0.0,0.1391407797673274,0.1391407797673274,0.1391407797673274,0.0,0.0,0.0,0.0
2011-11-30,-0.01583232459336055,-0.01583232459336055,-0.019006452021246845,0.16181657538959496,0.0,0.0,0.14324464020690236,0.14324464020690236,0.0,0.14324464020690236,0.0,0.0,0.0
2011-12-31,0.006364786839819508,0.006364786839819508,0.004668350049285452,0.30018558772517756,0.0,0.0,0.157404511845734,0.0,0.157404511845734,0.0,0.157404511845734,0.0,0.0
2012-01-31,0.01537263567577013,0.01537263567577013,0.030687669362053693,0.004456334624534958,0.0,0.0,0.1565552177093172,0.0,0.1565552177093172,0.0,0.1565552177093172,0.0,0.0
2012-02-29,0.023246844280310524,0.023246844280310524,0.017398497865686924,0.0058105449086498645,0.0,0.0,0.157805732995474,0.0,0.157805732995474,0.0,0.157805732995474,0.0,0.0
2012-03-31,0.006476700311231342,0.006476700311231342,0.0009502302630670645,0.16944517970573136,0.0,0.0,0.1577736838552698,0.0,0.0,0.1577736838552698,0.1577736838552698,0.0,0.0
2012-04-30,-0.0007876123426982932,-0.0007876123426982932,0.002632070912530926,0.3192085341917429,0.0,0.0,0.15861931650644498,0.15861931650644498,0.15861931650644498,0.0,0.0,0.0,0.0
2012-05-31,-0.03906769392508248,-0.03906769392508248,-0.04326212620198311,0.1626324409643919,0.0,0.0,0.15931290915584193,0.0,0.15931290915584193,0.15931290915584193,0.0,0.0,0.0
2012-06-30,0.028636040962607127,0.028636040962607127,0.02343200744667273,0.3239693345196313,0.0,0.0,0.1694765175302349,0.1694765175302349,0.0,0.0,0.1694765175302349,0.0,0.0
2012-07-31,0.019046953780452444,0.019046953780452444,0.011216697687921773,0.18262657994151113,0.0,0.0,0.1718124336702896,0.1718124336702896,0.1718124336702896,0.0,0.0,0.0,0.0
2012-08-31,0.007822512030491955,0.007822512030491955,0.016022967103475283,0.005606411701410602,0.0,0.0,0.1750868389516081,0.1750868389516081,0.1750868389516081,0.0,0.0,0.0,0.0
2012-09-30,0.01469588605952699,0.01469588605952699,0.019738222218502077,0.0032305970083959523,0.0,0.0,0.1798480743007027,0.1798480743007027,0.1798480743007027,0.0,0.0,0.0,0.0
2012-10-31,0.0019484623781732585,0.0019484623781732585,-0.0063943415003913096,0.1865289236736656,0.0,0.0,0.1811822616143039,0.0,0.1811822616143039,0.0,0.1811822616143039,0.0,0.0
2012-11-30,0.009307815918658889,0.009307815918658889,0.0056209185518383276,0.18688919764903583,0.0,0.0,0.18369979092254046,0.18369979092254046,0.18369979092254046,0.0,0.0,0.0,0.0
2012-12-31,0.009415154746557634,0.009415154746557634,0.004262503748241997,0.1882595236478608,0.0,0.0,0.0,0.18388814139055867,0.18388814139055867,0.0,0.18388814139055867,0.0,0.0
2013-01-31,0.037291194426356575,0.037291194426356575,0.018077085770568324,0.18809249083590346,0.0,0.0,0.1848945972464267,0.1848945972464267,0.1848945972464267,0.0,0.0,0.0,0.0
2013-02-28,0.010355813270232581,0.010355813270232581,-0.005018977206025732,0.20351647749051383,0.0,0.0,0.0,0.18494203118460906,0.18494203118460906,0.18494203118460906,0.0,0.0,0.0
2013-03-31,0.008137570117922866,0.008137570117922866,0.010487448866247195,0.19005501686010354,0.0,0.0,0.18507187310385267,0.18507187310385267,0.18507187310385267,0.0,0.0,0.0,0.0
2013-04-30,0.01826592575548643,0.01826592575548643,0.02151764148337909,0.005574321197571855,0.0,0.0,0.185210088297039,0.185210088297039,0.185210088297039,0.0,0.0,0.0,0.0
2013-05-31,-0.010613329634719842,-0.010613329634719842,-0.016093652656552826,0.19326021406525334,0.0,0.0,0.18737576251609672,0.0,0.18737576251609672,0.18737576251609672,0.0,0.0,0.0
2013-06-30,-0.021175115140725162,-0.021175115140725162,-0.015392523383560675,0.18544872791155814,0.0,0.0,0.18737967320628196,0.18737967320628196,0.18737967320628196,0.0,0.0,0.0,0.0
2013-07-31,0.04069238505362681,0.04069238505362681,0.03392231934868084,0.3934094882869895,0.0,0.0,0.20509333921881018,0.0,0.0,0.0,0.20509333921881018,0.0,0.20509333921881018
2013-08-31,-0.009321533184010735,-0.009321533184010735,-0.013030174086485324,0.4294473428796657,0.0,0.0,0.20292228304927398,0.0,0.0,0.20292228304927398,0.0,0.20292228304927398,0.0
2013-09-30,0.021559621347646583,0.021559621347646583,0.035822545331181566,0.20705243788391753,0.0,0.0,0.20518470217970844,0.0,0.0,0.0,0.20518470217970844,0.20518470217970844,0.0
2013-10-31,0.0061830774978670604,0.0061830774978670604,0.025439243174733672,0.2157960836956108,0.0,0.0,0.2055215604955503,0.2055215604955503,0.0,0.0,0.0,0.2055215604955503,0.0
2013-11-30,-0.0048117702608075005,-0.0048117702608075005,0.004631593082167207,0.20431553658616536,0.0,0.0,0.21411668581218724,0.21411668581218724,0.21411668581218724,0.0,0.0,0.0,0.0
2013-12-31,0.0044727513281185545,0.0044727513281185545,0.00751154421363931,0.009238219971483358,0.0,0.0,0.2148193918625358,0.2148193918625358,0.2148193918625358,0.0,0.0,0.0,0.0
2014-01-31,-0.021275636015069294,-0.021275636015069294,-0.014356024389216682,0.2162896128966771,0.0,0.0,0.2163517011223717,0.0,0.2163517011223717,0.2163517011223717,0.0,0.0,0.0
2014-02-28,0.02612844702152119,0.02612844702152119,0.03390163083371789,0.024622010432961,0.0,0.0,0.22567449607265594,0.0,0.22567449607265594,0.22567449607265594,0.0,0.0,0.0
2014-03-31,-0.0004936509677713097,-0.0004936509677713097,0.0007858374219544828,0.0173361608080687,0.0,0.0,0.22282653787445053,0.0,0.22282653787445053,0.22282653787445053,0.0,0.0,0.0
2014-04-30,0.014639654627633775,0.014639654627633775,0.010868129071726518,0.2228583067210676,0.0,0.0,0.22279360704940843,0.0,0.22279360704940843,0.0,0.22279360704940843,0.0,0.0
2014-05-31,0.010310449370297979,0.010310449370297979,0.012976794400821223,0.4564037533981073,0.0,0.0,0.22620018132700928,0.22620018132700928,0.0,0.0,0.0,0.0,0.22620018132700928
2014-06-30,0.00594427016742694,0.00594427016742694,0.013690897516008604,0.45971641159584886,0.0,0.0,0.2305218298403719,0.0,0.2305218298403719,0.0,0.2305218298403719,0.0,0.0
2014-07-31,-0.0063078921830478155,-0.0063078921830478155,-0.012858353904379949,0.23493676139003242,0.0,0.0,0.23119126874124066,0.23119126874124066,0.23119126874124066,0.0,0.0,0.0,0.0
2014-08-31,0.0036357669407767112,0.0036357669407767112,0.014517761875532331,0.4658799741815935,0.0,0.0,0.233434983691604,0.0,0.0,0.233434983691604,0.233434983691604,0.0,0.0
2014-09-30,-0.033074741585440735,-0.033074741585440735,-0.029458610320967638,0.24105587066395903,0.0,0.0,0.23385291477724737,0.23385291477724737,0.0,0.23385291477724737,0.0,0.0,0.0
2014-10-31,0.0167712647403021,0.0167712647403021,0.0026949748156064324,0.2828908085679651,0.0,0.0,0.256725217296757,0.256725217296757,0.256725217296757,0.0,0.0,0.0,0.0
2014-11-30,-0.008667171299415428,-0.008667171299415428,0.009042282629081466,0.2744812052189596,0.0,0.0,0.2654146150484374,0.0,0.2654146150484374,0.0,0.0,0.2654146150484374,0.0
2014-12-31,0.002078035467595475,0.002078035467595475,-0.011731933931571126,0.3393479480594987,0.0,0.0,0.3059994524327667,0.3059994524327667,0.0,0.0,0.0,0.3059994524327667,0.0
2015-01-31,0.022072486190075426,0.022072486190075426,-0.01132763900826017,0.31240623854633054,0.0,0.0,0.3141379628269404,0.0,0.3141379628269404,0.0,0.0,0.3141379628269404,0.0
2015-02-28,0.08916347857466246,0.08916347857466246,0.028288654132561986,0.02096900112032915,0.0,0.0,0.31386299901178466,0.0,0.31386299901178466,0.0,0.0,0.31386299901178466,0.0
2015-03-31,-0.008025002052355141,-0.008025002052355141,-0.013265340774319623,0.357642632969288,0.0,0.0,0.0,0.0,0.3154672096714404,0.3154672096714404,0.0,0.3154672096714404,0.0
2015-04-30,-0.001385731400156267,-0.001385731400156267,0.018477208770227183,0.3234559516495188,0.0,0.0,0.29146472366292836,0.0,0.0,0.29146472366292836,0.0,0.29146472366292836,0.0
2015-05-31,0.014768736835812653,0.014768736835812653,-0.007268971408264657,0.29147620603904223,0.0,0.0,0.29005602751054427,0.0,0.29005602751054427,0.29005602751054427,0.0,0.0,0.0
2015-06-30,-0.02055534847700919,-0.02055534847700919,-0.014563149101220807,0.007374598169116814,0.0,0.0,0.2900625410097373,0.0,0.2900625410097373,0.2900625410097373,0.0,0.0,0.0
2015-07-31,0.02004638995705421,0.02004638995705421,0.012662186107573747,0.07029393805832096,0.0,0.0,0.3300733835562815,0.0,0.3300733835562815,0.3300733835562815,0.0,0.0,0.0
2015-08-31,-0.06226863884998555,-0.06226863884998555,-0.036578403964898865,0.007270024594568353,0.0,0.0,0.33371924605884584,0.0,0.33371924605884584,0.33371924605884584,0.0,0.0,0.0
2015-09-30,-0.04222211846211393,-0.04222211846211393,-0.017389772919762514,0.036280987737282805,0.0,0.0,0.3371503582670392,0.0,0.3371503582670392,0.3371503582670392,0.0,0.0,0.0
2015-10-31,0.07829884630410967,0.07829884630410967,0.04421588814634103,0.32943901661234043,0.0,0.0,0.3103509231143228,0.0,0.0,0.3103509231143228,0.0,0.3103509231143228,0.0
2015-11-30,-0.04207979909426445,-0.04207979909426445,-0.01133028081744547,0.35403014083951956,0.0,0.0,0.301291333968039,0.301291333968039,0.0,0.0,0.0,0.301291333968039,0.0
2015-12-31,-0.0010843589904026387,-0.0010843589904026387,-0.006140826386529352,0.31319760248380535,0.0,0.0,0.27943032551998626,0.0,0.27943032551998626,0.0,0.0,0.27943032551998626,0.0
2016-01-31,-0.05600389652310317,-0.05600389652310317,-0.02839733338974293,0.5536774190488613,0.0,0.0,0.27014822052816634,0.27014822052816634,0.0,0.27014822052816634,0.0,0.0,0.0
2016-02-29,-0.008780525945641849,-0.008780525945641849,0.009180555579225258,0.2786695101663019,0.0,0.0,0.270259078632927,0.270259078632927,0.270259078632927,0.0,0.0,0.0,0.0
2016-03-31,0.05612445727166985,0.05612445727166985,0.049592742907238474,0.2681682910122347,0.0,0.0,0.26566012792866955,0.26566012792866955,0.0,0.0,0.0,0.26566012792866955,0.0
2016-04-30,0.004034472980294208,0.004034472980294208,0.014708901082076453,0.027684279261642325,0.0,0.0,0.2659120941781313,0.2659120941781313,0.0,0.0,0.0,0.2659120941781313,0.0
2016-05-31,0.004656735325359951,0.004656735325359951,-0.0029884054616847733,0.020004889180959773,0.0,0.0,0.2539203257175895,0.2539203257175895,0.0,0.0,0.0,0.2539203257175895,0.0
2016-06-30,-0.0007529437567524292,-0.0007529437567524292,0.010097108757903817,0.26272104292910353,0.0,0.0,0.2561658129547595,0.2561658129547595,0.2561658129547595,0.0,0.0,0.0,0.0
2016-07-31,0.022067123107592998,0.022067123107592998,0.025843908428442974,0.5133247355349313,0.0,0.0,0.25741173276339246,0.0,0.0,0.25741173276339246,0.0,0.25741173276339246,0.0
2016-08-31,6.921608094941079e-05,6.921608094941079e-05,-0.003043899843917175,0.27770506673801193,0.0,0.0,0.26204013844602536,0.26204013844602536,0.0,0.0,0.0,0.26204013844602536,0.0
2016-09-30,0.0075385648231727255,0.0075385648231727255,0.0061005113075989215,0.2836401607875615,0.0,0.0,0.271577927333414,0.271577927333414,0.271577927333414,0.0,0.0,0.0,0.0
2016-10-31,-0.030184806340637624,-0.030184806340637624,-0.025700331619002204,0.27612961352403487,0.0,0.0,0.2726605004620667,0.2726605004620667,0.0,0.0,0.0,0.2726605004620667,0.0
2016-11-30,-0.007720645269568362,-0.007720645269568362,-0.011538708846773882,0.5430537002254601,0.0,0.0,0.0,0.27570741425732365,0.0,0.27570741425732365,0.27570741425732365,0.0,0.0
2016-12-31,0.007126508491206407,0.007126508491206407,0.011340675884709661,0.5481841708447629,0.0,0.0,0.27098288943528037,0.0,0.0,0.27098288943528037,0.0,0.27098288943528037,0.0
2017-01-31,0.012074284589508929,0.012074284589508929,0.01854035921840924,0.004452369985194798,0.0,0.0,0.270866657954598,0.0,0.0,0.270866657954598,0.0,0.270866657954598,0.0
2017-02-28,0.019128250573278393,0.019128250573278393,0.018361285280297457,0.27693732857857917,0.0,0.0,0.27079960129614467,0.0,0.0,0.27079960129614467,0.0,0.0,0.27079960129614467
2017-03-31,0.016474619933308926,0.016474619933308926,0.007467651996981406,0.5528751568103618,0.0,0.0,0.27422325915901125,0.27422325915901125,0.27422325915901125,0.0,0.0,0.0,0.0
2017-04-30,0.008042083737931966,0.008042083737931966,0.014385420885825395,0.006848102344249318,0.0,0.0,0.27695087188472606,0.27695087188472606,0.27695087188472606,0.0,0.0,0.0,0.0
2017-05-31,0.009994315694581039,0.009994315694581039,0.020150785839515795,0.007466821431575815,0.0,0.0,0.27606198953902344,0.27606198953902344,0.27606198953902344,0.0,0.0,0.0,0.0
2017-06-30,0.0038347646765113587,0.0038347646765113587,0.002022089092722723,0.28055681680092565,0.0,0.0,0.2770666507098001,0.0,0.2770666507098001,0.2770666507098001,0.0,0.0,0.0
2017-07-31,0.014088780120818918,0.014088780120818918,0.022005885679033055,0.0028028787834951663,0.0,0.0,0.2772852812215555,0.0,0.2772852812215555,0.2772852812215555,0.0,0.0,0.0
2017-08-31,0.019222137474010328,0.019222137474010328,0.00584148243217264,0.2842809694516487,0.0,0.0,0.277382684882188,0.0,0.0,0.277382684882188,0.0,0.277382684882188,0.0
2017-09-30,0.00717731788908718,0.00717731788908718,0.00906143931035297,0.5643141975693998,0.0,0.0,0.27725820301822546,0.27725820301822546,0.27725820301822546,0.0,0.0,0.0,0.0
2017-10-31,0.019958093350754633,0.019958093350754633,0.009645278270554725,0.5575000969109486,0.0,0.0,0.27604826687813366,0.0,0.0,0.27604826687813366,0.0,0.27604826687813366,0.0
2017-11-30,0.023397684802121524,0.023397684802121524,0.019164037216149454,0.2843787860196816,0.0,0.0,0.28520409994786927,0.0,0.28520409994786927,0.28520409994786927,0.0,0.0,0.0
2017-12-31,0.019144250401746818,0.019144250401746818,0.009201129183511458,0.2970466465716988,0.0,0.0,0.2849166915023317,0.2849166915023317,0.0,0.2849166915023317,0.0,0.0,0.0
2018-01-31,0.034872294048577605,0.034872294048577605,0.03921029056158454,0.29476529056985257,0.0,0.0021021013305981,0.28436374376903667,0.28436374376903667,0.28436374376903667,0.0,0.0,0.0,0.0
2018-02-28,-0.0360620341029657,-0.0360620341029657,-0.02834679728743905,0.01857200352124369,0.0,0.0019017109693872,0.2836065061044001,0.2836065061044001,0.2836065061044001,0.0,0.0,0.0,0.0
2018-03-31,-0.02945749572402427,-0.02945749572402427,-0.00728771115939475,0.013564888934928965,0.0,0.0021021013305981,0.28062908736003084,0.28062908736003084,0.28062908736003084,0.0,0.0,0.0,0.0
2018-04-30,0.010167184820290595,0.010167184820290595,0.00014495789194790554,0.32128107107987197,0.0,0.0021021013305981,0.30176007644270786,0.30176007644270786,0.0,0.30176007644270786,0.0,0.0,0.0
2018-05-31,0.004889888365453227,0.004889888365453227,-0.00011321096188876556,0.01339033954809657,0.0,0.0022023115407312,0.296222245017407,0.296222245017407,0.0,0.296222245017407,0.0,0.0,0.0
2018-06-30,-0.0037221704986618474,-0.0037221704986618474,-0.0011180551899069302,0.007409047773929339,0.0,0.0021021013305981,0.2960767965327588,0.2960767965327588,0.0,0.2960767965327588,0.0,0.0,0.0
2018-07-31,0.01797557769614539,0.01797557769614539,0.018197978960937222,0.2938556150331787,0.0,0.0021021013305981,0.29679698903325724,0.29679698903325724,0.0,0.0,0.29679698903325724,0.0,0.0
2018-08-31,-0.011572431048243967,-0.011572431048243967,0.007470467098558142,0.0051657217372768904,0.0,0.0023025317718852,0.29956963517798085,0.29956963517798085,0.0,0.0,0.29956963517798085,0.0,0.0
2018-09-30,0.0006333325609118238,0.0006333325609118238,0.00017961234171837148,0.299853465994375,0.0,0.0019017109693872,0.2995772547931305,0.2995772547931305,0.2995772547931305,0.0,0.0,0.0,0.0
2018-10-31,-0.06265551928806509,-0.06265551928806509,-0.05089088896166527,0.027934395723237054,0.0,0.0023025317718852,0.3184112961289258,0.3184112961289258,0.3184112961289258,0.0,0.0,0.0,0.0
2018-11-30,0.014476468645317014,0.014476468645317014,0.009277632377109324,0.3402653360714696,0.0,0.0021021013305981,0.330143423930854,0.0,0.330143423930854,0.330143423930854,0.0,0.0,0.0
2018-12-31,-0.06382107466774055,-0.06382107466774055,-0.03862919025767331,0.33949221850460776,0.0,0.0019017109693872,0.33874169778030117,0.33874169778030117,0.33874169778030117,0.0,0.0,0.0,0.0
2019-01-31,0.07133794078966187,0.07133794078966187,0.05281229176722513,0.37469946708639545,0.0,0.0021021013305981,0.3536180341539586,0.3536180341539586,0.0,0.0,0.0,0.3536180341539586,0.0
2019-02-28,0.03408769668525707,0.03408769668525707,0.015450365544845024,0.07499226144669235,0.0,0.0019017109693872,0.327402506786051,0.327402506786051,0.0,0.0,0.0,0.327402506786051,0.0
2019-03-31,-0.01601728044174361,-0.01601728044174361,0.013444374000768367,0.3406184216917566,0.0,0.0021021013305981,0.0,0.33505837365989677,0.33505837365989677,0.0,0.0,0.33505837365989677,0.0
2019-04-30,0.047602939555554044,0.047602939555554044,0.020777573931244575,0.3497554888096168,0.0,0.0021021013305981,0.33227565036291107,0.0,0.33227565036291107,0.0,0.0,0.33227565036291107,0.0
2019-05-31,-0.025289467096576104,-0.025289467096576104,-0.029996475949694235,0.3707744955628668,0.0,0.0022023115407312,0.35516996237178455,0.35516996237178455,0.35516996237178455,0.0,0.0,0.0,0.0
2019-06-30,0.06207876620111054,0.06207876620111054,0.04999135496314566,0.01684911804454614,0.0,0.0020019011404841,0.3434017416733516,0.3434017416733516,0.3434017416733516,0.0,0.0,0.0,0.0
2019-07-31,0.0023587853471376983,0.0023587853471376983,0.0015678813367745459,0.3770690550449656,0.0,0.0022023115407312,0.3381458811312341,0.0,0.3381458811312341,0.0,0.0,0.3381458811312341,0.0
2019-08-31,-0.022999356812181383,-0.022999356812181383,-0.002773893700075858,0.3473361263277665,0.0,0.0022023115407312,0.3221241760853071,0.3221241760853071,0.3221241760853071,0.0,0.0,0.0,0.0
2019-09-30,0.004555938037641663,0.004555938037641663,0.00862274153863729,0.3361491153901792,0.0,0.0020019011404841,0.3245659350165807,0.3245659350165807,0.0,0.0,0.0,0.3245659350165807,0.0
2019-10-31,0.029427295994573166,0.029427295994573166,0.018173240003715785,0.012958722437396986,0.0,0.0023025317718852,0.3201967912561009,0.3201967912561009,0.0,0.0,0.0,0.3201967912561009,0.0
2019-11-30,0.020563826661874958,0.020563826661874958,0.013750309234619396,0.334875116808427,0.0,0.0020019011404841,0.3202674361460218,0.3202674361460218,0.3202674361460218,0.0,0.0,0.0,0.0
2019-12-31,0.030369271175001957,0.030369271175001957,0.020515276085801615,0.3292295132823936,0.0,0.0021021013305981,0.3269394008780817,0.0,0.3269394008780817,0.3269394008780817,0.0,0.0,0.0
2020-01-31,0.0029446906040740076,0.0029446906040740076,0.001923143953016515,0.3418504282679283,0.0,0.0021021013305981,0.32748661727339057,0.32748661727339057,0.32748661727339057,0.0,0.0,0.0,0.0
2020-02-29,-0.09082144031769267,-0.09082144031769267,-0.0506886868571228,0.005552084769663429,0.0,0.0019017109693872,0.32476679096163963,0.32476679096163963,0.32476679096163963,0.0,0.0,0.0,0.0
2020-03-31,-0.13221838358027435,-0.13221838358027435,-0.08414931867719855,0.045479991524218,0.0,0.0022023115407312,0.3248129718718874,0.3248129718718874,0.3248129718718874,0.0,0.0,0.0,0.0
2020-04-30,0.06721395278555806,0.06721395278555806,0.0697126065172946,0.27955682481329613,0.0,0.0,0.2831068824087956,0.0,0.2831068824087956,0.0,0.0,0.2831068824087956,0.0
2020-05-31,0.04259333993328167,0.04259333993328167,0.030710140853440704,0.107827138273506,0.0,0.0,0.23362677448831096,0.0,0.23362677448831096,0.0,0.0,0.23362677448831096,0.0
2020-06-30,0.01997830450346121,0.01997830450346121,0.019168911234368036,0.0375616785727486,0.0,0.0,0.22278343541757245,0.0,0.22278343541757245,0.0,0.0,0.22278343541757245,0.0
2020-07-31,0.015519282161791917,0.015519282161791917,0.043781175312144205,0.23541623201018644,0.0,0.0,0.21749614673580567,0.0,0.21749614673580567,0.21749614673580567,0.0,0.0,0.0
2020-08-31,0.03888109995126489,0.03888109995126489,0.04069283072625751,0.012995079484319244,0.0,0.0,0.2164766788355728,0.0,0.2164766788355728,0.2164766788355728,0.0,0.0,0.0
2020-09-30,-0.019384702745181226,-0.019384702745181226,-0.022758643181454152,0.23608250209485288,0.0,0.0,0.2161461322682776,0.0,0.2161461322682776,0.0,0.0,0.0,0.2161461322682776
2020-10-31,-0.019372272163631146,-0.019372272163631146,-0.020080974124981332,0.21288201824569314,0.0,0.0,0.21213877764121997,0.21213877764121997,0.21213877764121997,0.0,0.0,0.0,0.0
2020-11-30,0.05333975120369548,0.05333975120369548,0.0868150094360649,0.41740412553805173,0.0,0.0,0.2103327102333567,0.0,0.0,0.2103327102333567,0.0,0.2103327102333567,0.0
2020-12-31,0.01754335730171749,0.01754335730171749,0.03274153850777162,0.02838572980656212,0.0,0.0,0.20918880743021379,0.0,0.0,0.20918880743021379,0.0,0.20918880743021379,0.0
2021-01-31,-0.00751252057707992,-0.00751252057707992,-0.010730473811064067,0.4232076002002986,0.0,0.0,0.20130542080823832,0.20130542080823832,0.20130542080823832,0.0,0.0,0.0,0.0
2021-02-28,0.004593492452821989,0.004593492452821989,0.009075558981538112,0.0033359528666205007,0.0,0.0,0.201025215860292,0.201025215860292,0.201025215860292,0.0,0.0,0.0,0.0
2021-03-31,0.01658354123534846,0.01658354123534846,0.016089199073018756,0.007493337497612607,0.0,0.0,0.20234512190185733,0.20234512190185733,0.20234512190185733,0.0,0.0,0.0,0.0
2021-04-30,0.017363360684470596,0.017363360684470596,0.03584719411672821,0.2097806589487176,0.0,0.0,0.2051876859791113,0.2051876859791113,0.0,0.2051876859791113,0.0,0.0,0.0
2021-05-31,0.009564943073432608,0.009564943073432608,0.013122096765466162,0.010978785519360545,0.0,0.0,0.20683317331305529,0.20683317331305529,0.0,0.20683317331305529,0.0,0.0,0.0
2021-06-30,0.0067267916539779935,0.0067267916539779935,0.007374803812440822,0.21190790672650625,0.0,0.0,0.20624864955958594,0.20624864955958594,0.20624864955958594,0.0,0.0,0.0,0.0
2021-07-31,0.010253360821416146,0.010253360821416146,0.01760951100907282,0.005530566087564706,0.0,0.0,0.20616737068002922,0.20616737068002922,0.20616737068002922,0.0,0.0,0.0,0.0
2021-08-31,0.013297005858583372,0.013297005858583372,0.01595749429376836,0.007090774487495732,0.0,0.0,0.20634821858259456,0.20634821858259456,0.20634821858259456,0.0,0.0,0.0,0.0
2021-09-30,-0.030596404277439766,-0.030596404277439766,-0.03557635104270762,0.21294553966200447,0.0,0.0,0.20645058228235816,0.0,0.20645058228235816,0.0,0.20645058228235816,0.0,0.0
2021-10-31,0.018656733598216155,0.018656733598216155,0.03874738575279579,0.21825913808993663,0.0,0.0,0.206830319116488,0.0,0.206830319116488,0.206830319116488,0.0,0.0,0.0
2021-11-30,-0.02181069850488291,-0.02181069850488291,-0.01559509742998444,0.22259038103825143,0.0,0.0,0.2025239993994226,0.2025239993994226,0.0,0.2025239993994226,0.0,0.0,0.0
2021-12-31,0.034407933748046904,0.034407933748046904,0.028800877524167934,0.21554765716283447,0.0,0.0,0.20936215897519256,0.20936215897519256,0.0,0.0,0.20936215897519256,0.0,0.0
2022-01-31,-0.043955234650510364,-0.043955234650510364,-0.043852140977422516,0.22797083594389134,0.0,0.0,0.2065527387858419,0.2065527387858419,0.2065527387858419,0.0,0.0,0.0,0.0
2022-02-28,0.0018723486220576556,0.0018723486220576556,-0.02079213272012881,0.02909487602350834,0.0,0.0,0.21129757791801068,0.21129757791801068,0.21129757791801068,0.0,0.0,0.0,0.0
2022-03-31,0.02909313944173432,0.02909313944173432,0.010114456018452511,0.21631189948386118,0.0,0.0,0.20667069165887403,0.20667069165887403,0.0,0.0,0.20667069165887403,0.0,0.0
2022-04-30,-0.039878562794844245,-0.039878562794844245,-0.07606797032109003,0.015040333863903008,0.0,0.0,0.20764114403150608,0.20764114403150608,0.0,0.0,0.20764114403150608,0.0,0.0
2022-05-31,-0.007926609330131546,-0.007926609330131546,0.0009053489228965095,0.21752831367590758,0.0,0.0,0.20637225648969304,0.20637225648969304,0.20637225648969304,0.0,0.0,0.0,0.0
2022-06-30,-0.04181179218488783,-0.04181179218488783,-0.0708560470815901,0.20567434120399758,0.0,0.0,0.0,0.201807762027072,0.201807762027072,0.0,0.0,0.201807762027072,0.0
2022-07-31,0.043904208048454366,0.043904208048454366,0.06156683195731194,0.40865923147111627,0.0,0.0,0.20248507062844684,0.20248507062844684,0.0,0.20248507062844684,0.0,0.0,0.0
2022-08-31,-0.03741892096974302,-0.03741892096974302,-0.04197742287120676,0.22586359172267173,0.0,0.0023025317718852,0.1996322364884514,0.1996322364884514,0.0,0.0,0.0,0.1996322364884514,0.0
2022-09-30,-0.060118871409553104,-0.060118871409553104,-0.08077716558181447,0.1866952863639771,0.0,0.0021021013305981,0.19408040925092798,0.19408040925092798,0.0,0.19408040925092798,0.0,0.0,0.0
2022-10-31,0.03218963638474601,0.03218963638474601,0.049684400896506276,0.19998716796807625,0.0,0.0021021013305981,0.19009315636971394,0.19009315636971394,0.19009315636971394,0.0,0.0,0.0,0.0
2022-11-30,0.041985892434471796,0.041985892434471796,0.0632949274687189,0.21155891124177456,0.0,0.0021021013305981,0.17935128301033867,0.17935128301033867,0.0,0.0,0.0,0.17935128301033867,0.0
2022-12-31,-0.022775523167216698,-0.022775523167216698,-0.03118080742051177,0.023889312870411794,0.0,0.0042084106495823,0.1774203719082214,0.1774203719082214,0.0,0.0,0.0,0.1774203719082214,0.0
2023-01-31,0.03687751773944146,0.03687751773944146,0.06015744663361566,0.17465835938978957,0.0,0.0040076091277567,0.17293673905136336,0.17293673905136336,0.17293673905136336,0.0,0.0,0.0,0.0
2023-02-28,-0.02258196139268149,-0.02258196139268149,-0.02624766754254282,0.1918221590165794,0.0,0.0038068477582051,0.17204341686037272,0.17204341686037272,0.0,0.17204341686037272,0.0,0.0,0.0
2023-03-31,0.010709314167027095,0.010709314167027095,0.03336744682092352,0.17235856775173294,0.0,0.0046101341821787,0.16837860556439457,0.16837860556439457,0.0,0.0,0.0,0.0,0.16837860556439457
2023-04-30,0.01649134437740499,0.01649134437740499,0.01425795331698132,0.3448552134017797,0.0,0.0038068477582051,0.0,0.0,0.1738652959433487,0.1738652959433487,0.0,0.0,0.1738652959433487
2023-05-31,-0.019162670562116915,-0.019162670562116915,-0.012549907078993505,0.1941909541579303,0.0,0.0044092523317122,0.19265590205195499,0.0,0.19265590205195499,0.0,0.0,0.0,0.19265590205195499
2023-06-30,0.02137468905546327,0.02137468905546327,0.044724939594467994,0.39150011325244516,0.0,0.0042084106495823,0.0,0.0,0.19786154767021116,0.19786154767021116,0.19786154767021116,0.0,0.0
2023-07-31,0.018167354551334253,0.018167354551334253,0.026140863029842087,0.20762708573582495,0.0,0.0040076091277567,0.1997051605944469,0.0,0.1997051605944469,0.1997051605944469,0.0,0.0,0.0
2023-08-31,-0.015370854162470023,-0.015370854162470023,-0.02106004274647133,0.009723480055152264,0.0,0.0046101341821787,0.19927862540812347,0.0,0.19927862540812347,0.19927862540812347,0.0,0.0,0.0
2023-09-30,-0.02731491696530251,-0.02731491696530251,-0.04014523288222893,0.20209280021060022,0.0,0.0040076091277567,0.19892209320706566,0.19892209320706566,0.19892209320706566,0.0,0.0,0.0,0.0
2023-10-31,-0.027150799341599238,-0.027150799341599238,-0.024304907831817157,0.017961658287988694,0.0,0.0044092523317122,0.2017915597439573,0.2017915597439573,0.2017915597439573,0.0,0.0,0.0,0.0
2023-11-30,0.05286442938549903,0.05286442938549903,0.08269054417887656,0.011189028079037905,0.0,0.0042084106495823,0.20020064534944948,0.20020064534944948,0.20020064534944948,0.0,0.0,0.0,0.0
2023-12-31,0.031263774623629975,0.031263774623629975,0.047599352723756816,0.22732811997915647,0.0,0.0040076091277567,0.1988101254755345,0.0,0.1988101254755345,0.1988101254755345,0.0,0.0,0.0
2024-01-31,0.01109621697444524,0.01109621697444524,0.005434845987593251,0.21479809508255493,0.0,0.0042084106495823,0.1980979608851237,0.0,0.0,0.1980979608851237,0.0,0.0,0.1980979608851237
2024-02-29,0.002729794245112824,0.002729794245112824,0.029389424394766772,0.4006415164134044,0.0,0.0040076091277567,0.19589293319699252,0.19589293319699252,0.19589293319699252,0.0,0.0,0.0,0.0
2024-03-31,0.01965919172630963,0.01965919172630963,0.026225860369299747,0.3931374395266598,0.0,0.0040076091277567,0.1958662852172293,0.0,0.0,0.1958662852172293,0.0,0.0,0.1958662852172293
2024-04-30,-0.02592013913154967,-0.02592013913154967,-0.03427256211644758,0.009798649965713419,0.0,0.0044092523317122,0.19588691581552356,0.0,0.0,0.19588691581552356,0.0,0.0,0.19588691581552356
2024-05-31,0.017542394068723037,0.017542394068723037,0.037451525525697305,0.20046057046263982,0.0,0.0044092523317122,0.19550074276589896,0.0,0.0,0.19550074276589896,0.19550074276589896,0.0,0.0
2024-06-30,-0.00014980039488097195,-0.00014980039488097195,0.016016917162647637,0.011292391386960615,0.0,0.0038068477582051,0.1938199465308329,0.0,0.0,0.1938199465308329,0.1938199465308329,0.0,0.0
2024-07-31,0.013294404294143549,0.013294404294143549,0.02022608987075425,0.38722156042771616,0.0,0.0044092523317122,0.19313308165781454,0.19313308165781454,0.19313308165781454,0.0,0.0,0.0,0.0
2024-08-31,0.018511012999252424,0.018511012999252424,0.025969282459610055,0.006506039517358897,0.0,0.0044092523317122,0.19322719007762312,0.19322719007762312,0.19322719007762312,0.0,0.0,0.0,0.0
2024-09-30,0.01037452811776255,0.01037452811776255,0.01825555584492733,0.0096442898973573,0.0,0.0040076091277567,0.1929680011458024,0.1929680011458024,0.1929680011458024,0.0,0.0,0.0,0.0
2024-10-31,-0.026718184098682634,-0.026718184098682634,-0.022894609071048344,0.008382844413729176,0.0,0.0046101341821787,0.19239040697516646,0.19239040697516646,0.19239040697516646,0.0,0.0,0.0,0.0
2024-11-30,0.01835308891143778,0.01835308891143778,0.03678141774409904,0.19902644753534207,0.0,0.0040076091277567,0.19518593239830864,0.19518593239830864,0.0,0.19518593239830864,0.0,0.0,0.0
2024-12-31,-0.02205636745439553,-0.02205636745439553,-0.025150331305122453,0.20528996870288985,0.0,0.0042084106495823,0.19333094870058398,0.19333094870058398,0.0,0.0,0.0,0.19333094870058398,0.0
2025-01-31,0.01848965045040272,0.01848965045040272,0.029060556762169565,0.20613066360797305,0.0,0.0040076091277567,0.19405147654817104,0.19405147654817104,0.0,0.19405147654817104,0.0,0.0,0.0
2025-02-28,-0.009903491817310888,-0.009903491817310888,-0.0025954986908064415,0.2026377294678009,0.0,0.0038068477582051,0.19536862115931403,0.0,0.0,0.19536862115931403,0.0,0.19536862115931403,0.0
2025-03-31,-0.011353845044991154,-0.011353845044991154,-0.03333767823768108,0.2044209316660951,0.0,0.0042084106495823,0.20075124543306294,0.0,0.20075124543306294,0.20075124543306294,0.0,0.0,0.0
2025-04-30,0.018503842584274618,0.018503842584274618,0.014553129707437495,0.39590344640385355,0.0,0.0042084106495823,0.0,0.0,0.20023753812957418,0.0,0.20023753812957418,0.0,0.20023753812957418
2025-05-31,0.01745784957050573,0.01745784957050573,0.045231751092217776,0.20851474793823915,0.0,0.0042084106495823,0.0,0.0,0.20218696109651882,0.0,0.20218696109651882,0.20218696109651882,0.0
2025-06-30,0.009221815109644321,0.009221815109644321,0.03827306369136396,0.21070573627281303,0.0,0.0040076091277567,0.0,0.0,0.20701106447807377,0.20701106447807377,0.20701106447807377,0.0,0.0
2025-07-31,-0.00897154965955256,-0.00897154965955256,0.006737052399438559,0.21181757932550613,0.0,0.0044092523317122,0.0,0.20661984989285337,0.20661984989285337,0.20661984989285337,0.0,0.0,0.0
2025-08-31,0.0236457258235738,0.0236457258235738,0.02384049296070212,0.22083852234212933,0.0,0.0016666666666666668,0.21469662406321466,0.21469662406321466,0.21469662406321466,0.0,0.0,0.0,0.0
2025-09-30,0.0072476341259125575,0.0072476341259125575,0.027308758035071934,0.4472965345519594,0.0,0.0016666666666666668,0.22096200879224098,0.0,0.0,0.0,0.22096200879224098,0.22096200879224098,0.0
2025-10-31,0.0019077667122361418,0.0019077667122361418,0.015762588192335114,0.4488797183814821,0.0,0.0016666666666666668,0.2276257762603288,0.2276257762603288,0.2276257762603288,0.0,0.0,0.0,0.0
