Date,ret_net,ret_gross,ret_bm,turnover,tcost,ret_rf,w_CH,w_EU,w_JP,w_UK,w_AU,w_EM
1990-03-31,0.0191210102659823,0.0191210102659823,0.0,0.0,0.0,0.0066208316393145,0.7142451376079549,-0.5101750982913965,-0.5101750982913965,0.7142451376079549,-0.5101750982913965,0.10203501965827928
1990-04-30,0.02752641055754696,0.02752641055754696,0.0,0.020327249348767173,0.0,0.0060171308192813,0.7142451376079549,-0.5101750982913965,-0.5101750982913965,0.7142451376079549,-0.5101750982913965,0.10203501965827928
1990-05-31,-0.005864541046736027,-0.005864541046736027,0.0,0.01505324079481507,0.0,0.0066208316393145,0.7142451376079549,-0.5101750982913965,-0.5101750982913965,0.7142451376079549,-0.5101750982913965,0.10203501965827928
1990-06-30,0.051674279812896906,0.051674279812896906,0.0,1.0526210637823215,0.0,0.0063189359585271,0.5101750982913964,-0.5101750982913964,-0.5101750982913964,0.5101750982913964,0.5101750982913964,-0.5101750982913964
1990-07-31,0.04612290917259943,0.04612290917259943,0.0,0.026461756798152325,0.0,0.0063189359585271,0.5101750982913964,-0.5101750982913964,-0.5101750982913964,0.5101750982913964,0.5101750982913964,-0.5101750982913964
1990-08-31,0.03304121631362409,0.03304121631362409,0.0,0.044405144734839364,0.0,0.0069228178888063,0.5101750982913964,-0.5101750982913964,-0.5101750982913964,0.5101750982913964,0.5101750982913964,-0.5101750982913964
1990-09-30,-0.008891909039630667,-0.008891909039630667,0.0,0.02418150033701877,0.0,0.005715416194423,0.5101750982913964,-0.5101750982913964,-0.5101750982913964,0.5101750982913964,0.5101750982913964,-0.5101750982913964
1990-10-31,-0.029899062492140614,-0.029899062492140614,0.0,0.01803356114331378,0.0,0.0069228178888063,0.5101750982913964,-0.5101750982913964,-0.5101750982913964,0.5101750982913964,0.5101750982913964,-0.5101750982913964
1990-11-30,0.009210205088161724,0.009210205088161724,0.0,0.44353920575953926,0.0,0.0063189359585271,0.7142451376079549,-0.5101750982913965,-0.5101750982913965,0.10203501965827928,0.7142451376079549,-0.5101750982913965
1990-12-31,-0.01151683861396264,-0.01151683861396264,0.0,1.420542972236147,0.0,0.0060171308192813,0.5101750982913964,-0.5101750982913964,0.5101750982913964,0.5101750982913964,-0.5101750982913964,-0.5101750982913964
1991-01-31,0.02727966230825744,0.02727966230825744,0.0,0.005758419306981344,0.0,0.0044092523317122,0.5101750982913964,-0.5101750982913964,0.5101750982913964,0.5101750982913964,-0.5101750982913964,-0.5101750982913964
1991-02-28,0.004082586442748623,0.004082586442748623,0.0,1.0148824642907182,0.0,0.005715416194423,-0.5101750982913965,-0.5101750982913965,0.7142451376079549,0.7142451376079549,0.10203501965827928,-0.5101750982913965
1991-03-31,-0.05964525535442331,-0.05964525535442331,0.0,1.4032365427820759,0.0,0.0040076091277567,0.5101750982913964,-0.5101750982913964,-0.5101750982913964,0.5101750982913964,0.5101750982913964,-0.5101750982913964
1991-04-30,0.01901102037883978,0.01901102037883978,0.0,1.0087851591107184,0.0,0.0044092523317122,-0.5101750982913964,-0.5101750982913964,0.5101750982913964,0.5101750982913964,0.5101750982913964,-0.5101750982913964
1991-05-31,0.008659048702781424,0.008659048702781424,0.0,2.0502059033550055,0.0,0.0044092523317122,-0.5101750982913964,0.5101750982913964,-0.5101750982913964,-0.5101750982913964,0.5101750982913964,0.5101750982913964
1991-06-30,0.05825246377586456,0.05825246377586456,0.0,1.44014896882476,0.0,0.0040076091277567,-0.5101750982913964,-0.5101750982913964,0.7142451376079549,-0.5101750982913964,0.7142451376079549,0.10203501965827926
1991-07-31,-0.03517569138798353,-0.03517569138798353,0.0,1.8657565857369596,0.0,0.0044092523317122,-0.5101750982913965,0.7142451376079549,-0.5101750982913965,-0.5101750982913965,0.10203501965827928,0.7142451376079549
1991-08-31,0.012238195518776765,0.012238195518776765,0.0,1.8542181995430194,0.0,0.0044092523317122,-0.5101750982913964,-0.5101750982913964,0.7142451376079549,-0.5101750982913964,0.7142451376079549,0.10203501965827926
1991-09-30,-0.015891096366564224,-0.015891096366564224,0.0,0.00669652300306367,0.0,0.0040076091277567,-0.5101750982913964,-0.5101750982913964,0.7142451376079549,-0.5101750982913964,0.7142451376079549,0.10203501965827926
1991-10-31,0.004363428452997118,0.004363428452997118,0.0,1.064860231115527,0.0,0.0046101341821787,-0.5101750982913964,-0.5101750982913964,0.5101750982913964,0.5101750982913964,0.5101750982913964,-0.5101750982913964
1991-11-30,-0.0024562562123928945,-0.0024562562123928945,0.0,0.4089496355824097,0.0,0.0040076091277567,-0.5101750982913965,-0.5101750982913965,0.7142451376079549,0.10203501965827928,0.7142451376079549,-0.5101750982913965
1991-12-31,-0.049484756224852634,-0.049484756224852634,0.0,0.6225108296021433,0.0,0.0042084106495823,-0.5101750982913964,-0.5101750982913964,0.7142451376079549,-0.5101750982913964,0.7142451376079549,0.10203501965827926
1992-01-31,0.006981570421918527,0.006981570421918527,0.0,0.6676321499700653,0.0,0.0044092523317122,-0.5101750982913965,-0.5101750982913965,0.7142451376079549,0.10203501965827928,0.7142451376079549,-0.5101750982913965
1992-02-29,-0.042356448171176904,-0.042356448171176904,0.0,1.4132894414299049,0.0,0.0019017109693872,0.5101750982913964,-0.5101750982913964,0.5101750982913964,0.5101750982913964,-0.5101750982913964,-0.5101750982913964
1992-03-31,-0.018462519924313695,-0.018462519924313695,0.0,2.0381740019169645,0.0,0.0044092523317122,-0.5101750982913964,0.5101750982913964,0.5101750982913964,-0.5101750982913964,-0.5101750982913964,0.5101750982913964
1992-04-30,-0.004840008007456339,-0.004840008007456339,0.0,0.017358086705633352,0.0,0.0042084106495823,-0.5101750982913964,0.5101750982913964,0.5101750982913964,-0.5101750982913964,-0.5101750982913964,0.5101750982913964
1992-05-31,-0.06343575638465321,-0.06343575638465321,0.0,1.024579832457591,0.0,0.0020019011404841,-0.5101750982913964,0.5101750982913964,-0.5101750982913964,-0.5101750982913964,0.5101750982913964,0.5101750982913964
1992-06-30,-0.01628610789345496,-0.01628610789345496,0.0,1.4602081534082365,0.0,0.0022023115407312,-0.5101750982913964,-0.5101750982913964,-0.5101750982913964,0.7142451376079549,0.7142451376079549,0.10203501965827926
1992-07-31,-0.020271619074400133,-0.020271619074400133,0.0,1.25698723560658,0.0,0.0022023115407312,-0.5101750982913965,-0.5101750982913965,0.7142451376079549,0.7142451376079549,0.10203501965827928,-0.5101750982913965
1992-08-31,0.08432107936611177,0.08432107936611177,0.0,1.0356692125142042,0.0,0.0021021013305981,0.5101750982913964,-0.5101750982913964,0.5101750982913964,0.5101750982913964,-0.5101750982913964,-0.5101750982913964
1992-09-30,-0.0302438597373222,-0.0302438597373222,0.0,0.04216053968305594,0.0,0.0021021013305981,0.5101750982913964,-0.5101750982913964,0.5101750982913964,0.5101750982913964,-0.5101750982913964,-0.5101750982913964
1992-10-31,-0.11223850917119037,-0.11223850917119037,0.0,0.03641192231648713,0.0,0.0022023115407312,0.5101750982913964,-0.5101750982913964,0.5101750982913964,0.5101750982913964,-0.5101750982913964,-0.5101750982913964
1992-11-30,-0.014519660333311315,-0.014519660333311315,0.0,1.027342776849346,0.0,0.0020019011404841,0.7142451376079549,-0.5101750982913965,0.7142451376079549,-0.5101750982913965,-0.5101750982913965,0.10203501965827928
1992-12-31,0.004785699004125418,0.004785699004125418,0.0,1.421230445049254,0.0,0.0022023115407312,-0.5101750982913964,0.5101750982913964,0.5101750982913964,-0.5101750982913964,-0.5101750982913964,0.5101750982913964
1993-01-31,0.01807126482125995,0.01807126482125995,0.0,0.4161433581017275,0.0,0.0020019011404841,-0.5101750982913965,0.7142451376079549,0.10203501965827928,-0.5101750982913965,-0.5101750982913965,0.7142451376079549
1993-02-28,0.006135611191390924,0.006135611191390924,0.0,0.615828618407539,0.0,0.0019017109693872,-0.5101750982913965,0.7142451376079549,-0.5101750982913965,-0.5101750982913965,0.10203501965827928,0.7142451376079549
1993-03-31,-0.0397317489178548,-0.0397317489178548,0.0,1.0516269565670124,0.0,0.0023025317718852,-0.5101750982913964,0.5101750982913964,0.5101750982913964,-0.5101750982913964,-0.5101750982913964,0.5101750982913964
1993-04-30,-0.015975239823080408,-0.015975239823080408,0.0,1.4483561496748374,0.0,0.0021021013305981,-0.5101750982913964,-0.5101750982913964,0.7142451376079549,-0.5101750982913964,0.7142451376079549,0.10203501965827926
1993-05-31,0.014475020794109113,0.014475020794109113,0.0,1.2600939492447303,0.0,0.0020019011404841,-0.5101750982913965,-0.5101750982913965,0.7142451376079549,0.7142451376079549,0.10203501965827928,-0.5101750982913965
1993-06-30,-0.023864234896434956,-0.023864234896434956,0.0,1.2405692830761537,0.0,0.0022023115407312,0.7142451376079549,-0.5101750982913965,0.7142451376079549,-0.5101750982913965,0.10203501965827928,-0.5101750982913965
1993-07-31,-0.006345144465364726,-0.006345144465364726,0.0,0.644695134491025,0.0,0.0021021013305981,0.7142451376079549,-0.5101750982913965,0.7142451376079549,-0.5101750982913965,-0.5101750982913965,0.10203501965827928
1993-08-31,-0.007640256990745045,-0.007640256990745045,0.0,1.4449752624598375,0.0,0.0022023115407312,-0.5101750982913964,0.5101750982913964,0.5101750982913964,-0.5101750982913964,-0.5101750982913964,0.5101750982913964
1993-09-30,-0.009383726716841893,-0.009383726716841893,0.0,0.017212748673590655,0.0,0.0021021013305981,-0.5101750982913964,0.5101750982913964,0.5101750982913964,-0.5101750982913964,-0.5101750982913964,0.5101750982913964
1993-10-31,-0.0013756186560064075,-0.0013756186560064075,0.0,0.024977532446930573,0.0,0.0021021013305981,-0.5101750982913964,0.5101750982913964,0.5101750982913964,-0.5101750982913964,-0.5101750982913964,0.5101750982913964
1993-11-30,0.003957599394775578,0.003957599394775578,0.0,2.0413882024935885,0.0,0.0021021013305981,0.5101750982913964,-0.5101750982913964,0.5101750982913964,0.5101750982913964,-0.5101750982913964,-0.5101750982913964
1993-12-31,0.014288329935872306,0.014288329935872306,0.0,3.0581253332290874,0.0,0.0022023115407312,-0.5101750982913965,0.7142451376079549,-0.5101750982913965,-0.5101750982913965,0.10203501965827928,0.7142451376079549
1994-01-31,-0.03838426591792017,-0.03838426591792017,0.0,1.0295853797041932,0.0,0.0021021013305981,-0.5101750982913964,0.5101750982913964,-0.5101750982913964,0.5101750982913964,-0.5101750982913964,0.5101750982913964
1994-02-28,0.008748890741827001,0.008748890741827001,0.0,2.4791722522554474,0.0,0.0019017109693872,0.7142451376079549,-0.5101750982913964,-0.5101750982913964,-0.5101750982913964,0.7142451376079549,0.10203501965827926
1994-03-31,-0.008841814164221577,-0.008841814164221577,0.0,1.037632543796665,0.0,0.0023025317718852,0.5101750982913964,-0.5101750982913964,-0.5101750982913964,0.5101750982913964,0.5101750982913964,-0.5101750982913964
1994-04-30,0.004437480951145052,0.004437480951145052,0.0,1.030041195393626,0.0,0.0019017109693872,0.5101750982913964,-0.5101750982913964,0.5101750982913964,-0.5101750982913964,0.5101750982913964,-0.5101750982913964
1994-05-31,-0.033066940572214716,-0.033066940572214716,0.0,1.035088127901853,0.0,0.0021021013305981,0.5101750982913964,-0.5101750982913964,0.5101750982913964,0.5101750982913964,-0.5101750982913964,-0.5101750982913964
1994-06-30,0.040910956195150006,0.040910956195150006,0.0,1.0352974628154474,0.0,0.0022023115407312,0.5101750982913964,-0.5101750982913964,0.5101750982913964,-0.5101750982913964,0.5101750982913964,-0.5101750982913964
1994-07-31,0.0172317516954713,0.0172317516954713,0.0,1.0316345674388623,0.0,0.0020019011404841,0.7142451376079549,-0.5101750982913964,-0.5101750982913964,-0.5101750982913964,0.7142451376079549,0.10203501965827926
1994-08-31,-0.0031359002180482896,-0.0031359002180482896,0.0,2.0396683867347547,0.0,0.0046101341821787,0.5101750982913964,-0.5101750982913964,0.5101750982913964,0.5101750982913964,-0.5101750982913964,-0.5101750982913964
1994-09-30,0.0018949741723823695,0.0018949741723823695,0.0,1.4325174406175458,0.0,0.0042084106495823,-0.5101750982913965,-0.5101750982913965,0.10203501965827928,0.7142451376079549,0.7142451376079549,-0.5101750982913965
1994-10-31,0.013189164320704126,0.013189164320704126,0.0,1.2447868935816226,0.0,0.0042084106495823,0.7142451376079549,-0.5101750982913965,-0.5101750982913965,0.10203501965827928,0.7142451376079549,-0.5101750982913965
1994-11-30,-0.05384433615567801,-0.05384433615567801,0.0,0.6253222014920324,0.0,0.0042084106495823,0.7142451376079549,-0.5101750982913965,-0.5101750982913965,0.7142451376079549,0.10203501965827928,-0.5101750982913965
1994-12-31,-0.011863633397977899,-0.011863633397977899,0.0,1.2166630067474113,0.0,0.0042084106495823,-0.5101750982913965,-0.5101750982913965,0.7142451376079549,0.7142451376079549,0.10203501965827928,-0.5101750982913965
1995-01-31,-0.025588093164080367,-0.025588093164080367,0.0,0.6180483756803485,0.0,0.0042084106495823,-0.5101750982913965,-0.5101750982913965,0.7142451376079549,0.10203501965827928,0.7142451376079549,-0.5101750982913965
1995-02-28,-0.0045586952466196255,-0.0045586952466196255,0.0,1.8482590218889903,0.0,0.0038068477582051,0.7142451376079549,-0.5101750982913964,-0.5101750982913964,-0.5101750982913964,0.7142451376079549,0.10203501965827926
1995-03-31,3.034023088355686e-05,3.034023088355686e-05,0.0,1.0333030233894795,0.0,0.0046101341821787,0.5101750982913964,-0.5101750982913964,-0.5101750982913964,0.5101750982913964,0.5101750982913964,-0.5101750982913964
1995-04-30,0.004280695427150898,0.004280695427150898,0.0,1.0782095097108513,0.0,0.0038068477582051,0.5101750982913964,-0.5101750982913964,0.5101750982913964,0.5101750982913964,-0.5101750982913964,-0.5101750982913964
1995-05-31,-0.016466913371827648,-0.016466913371827648,0.0,0.012888688426021588,0.0,0.0044092523317122,0.5101750982913964,-0.5101750982913964,0.5101750982913964,0.5101750982913964,-0.5101750982913964,-0.5101750982913964
1995-06-30,0.012910989653800805,0.012910989653800805,0.0,0.014819819253447358,0.0,0.0044092523317122,0.5101750982913964,-0.5101750982913964,0.5101750982913964,0.5101750982913964,-0.5101750982913964,-0.5101750982913964
1995-07-31,-0.047598580151101806,-0.047598580151101806,0.0,0.008574359037907153,0.0,0.0040076091277567,0.5101750982913964,-0.5101750982913964,0.5101750982913964,0.5101750982913964,-0.5101750982913964,-0.5101750982913964
1995-08-31,-0.09630532593505928,-0.09630532593505928,0.0,0.024551123694830895,0.0,0.0046101341821787,0.5101750982913964,-0.5101750982913964,0.5101750982913964,0.5101750982913964,-0.5101750982913964,-0.5101750982913964
1995-09-30,0.015449442633751333,0.015449442633751333,0.0,2.016605104256118,0.0,0.0040076091277567,-0.5101750982913964,-0.5101750982913964,-0.5101750982913964,0.7142451376079549,0.7142451376079549,0.10203501965827926
1995-10-31,0.011806696182353464,0.011806696182353464,0.0,1.4565634521757553,0.0,0.0044092523317122,-0.5101750982913964,0.5101750982913964,-0.5101750982913964,-0.5101750982913964,0.5101750982913964,0.5101750982913964
1995-11-30,-0.040520539593717896,-0.040520539593717896,0.0,2.0518869015781287,0.0,0.0042084106495823,0.5101750982913964,-0.5101750982913964,-0.5101750982913964,0.5101750982913964,0.5101750982913964,-0.5101750982913964
1995-12-31,0.015191301166434487,0.015191301166434487,0.0,1.0288333014965423,0.0,0.0040076091277567,0.7142451376079549,-0.5101750982913964,-0.5101750982913964,-0.5101750982913964,0.7142451376079549,0.10203501965827926
1996-01-31,0.0015686732424054083,0.0015686732424054083,0.0,1.4417381900061634,0.0,0.0044092523317122,0.5101750982913964,0.5101750982913964,-0.5101750982913964,-0.5101750982913964,-0.5101750982913964,0.5101750982913964
1996-02-29,-0.02403998792302857,-0.02403998792302857,0.0,0.02969514885013147,0.0,0.0040076091277567,0.5101750982913964,0.5101750982913964,-0.5101750982913964,-0.5101750982913964,-0.5101750982913964,0.5101750982913964
1996-03-31,0.022514735418222662,0.022514735418222662,0.0,1.0348917730455889,0.0,0.0042084106495823,-0.5101750982913964,0.5101750982913964,-0.5101750982913964,-0.5101750982913964,0.5101750982913964,0.5101750982913964
1996-04-30,0.01194457924594807,0.01194457924594807,0.0,1.4287601411089614,0.0,0.0042084106495823,-0.5101750982913964,-0.5101750982913964,-0.5101750982913964,0.7142451376079549,0.7142451376079549,0.10203501965827926
1996-05-31,0.01209275004175023,0.01209275004175023,0.0,1.442657685066842,0.0,0.0044092523317122,-0.5101750982913964,0.5101750982913964,-0.5101750982913964,-0.5101750982913964,0.5101750982913964,0.5101750982913964
1996-06-30,-0.019058885351467016,-0.019058885351467016,0.0,1.4256474239081813,0.0,0.0040076091277567,-0.5101750982913964,-0.5101750982913964,0.7142451376079549,-0.5101750982913964,0.7142451376079549,0.10203501965827926
1996-07-31,-0.04519723444178526,-0.04519723444178526,0.0,1.2239177960061403,0.0,0.0044092523317122,-0.5101750982913964,-0.5101750982913964,-0.5101750982913964,0.7142451376079549,0.7142451376079549,0.10203501965827926
1996-08-31,0.035391404842516294,0.035391404842516294,0.0,0.024588670671572666,0.0,0.0044092523317122,-0.5101750982913964,-0.5101750982913964,-0.5101750982913964,0.7142451376079549,0.7142451376079549,0.10203501965827926
1996-09-30,-0.02001119943546743,-0.02001119943546743,0.0,1.239173688619486,0.0,0.0040076091277567,0.7142451376079549,-0.5101750982913965,-0.5101750982913965,0.7142451376079549,-0.5101750982913965,0.10203501965827928
1996-10-31,0.05129046795032518,0.05129046795032518,0.0,1.2162137266782307,0.0,0.0046101341821787,-0.5101750982913964,-0.5101750982913964,-0.5101750982913964,0.7142451376079549,0.7142451376079549,0.10203501965827926
1996-11-30,0.06434016800088166,0.06434016800088166,0.0,0.025645233975162607,0.0,0.0040076091277567,-0.5101750982913964,-0.5101750982913964,-0.5101750982913964,0.7142451376079549,0.7142451376079549,0.10203501965827926
1996-12-31,0.021235421126844203,0.021235421126844203,0.0,0.03217008400044083,0.0,0.0042084106495823,-0.5101750982913964,-0.5101750982913964,-0.5101750982913964,0.7142451376079549,0.7142451376079549,0.10203501965827926
1997-01-31,-0.018156551161777137,-0.018156551161777137,0.0,0.029179201955164324,0.0,0.0044092523317122,-0.5101750982913964,-0.5101750982913964,-0.5101750982913964,0.7142451376079549,0.7142451376079549,0.10203501965827926
1997-02-28,0.04646039716916108,0.04646039716916108,0.0,0.06526579450478123,0.0,0.0038068477582051,-0.5101750982913964,-0.5101750982913964,-0.5101750982913964,0.7142451376079549,0.7142451376079549,0.10203501965827926
1997-03-31,0.005140180877796902,0.005140180877796902,0.0,1.861767398899143,0.0,0.0040076091277567,-0.5101750982913965,0.7142451376079549,-0.5101750982913965,-0.5101750982913965,0.10203501965827928,0.7142451376079549
1997-04-30,0.015406818305742736,0.015406818305742736,0.0,1.8502384902719413,0.0,0.0044092523317122,-0.5101750982913964,-0.5101750982913964,-0.5101750982913964,0.7142451376079549,0.7142451376079549,0.10203501965827926
1997-05-31,-0.07578517491005426,-0.07578517491005426,0.0,0.017811715575410586,0.0,0.0042084106495823,-0.5101750982913964,-0.5101750982913964,-0.5101750982913964,0.7142451376079549,0.7142451376079549,0.10203501965827926
1997-06-30,0.01921942513200542,0.01921942513200542,0.0,0.0449151209834221,0.0,0.0042084106495823,-0.5101750982913964,-0.5101750982913964,-0.5101750982913964,0.7142451376079549,0.7142451376079549,0.10203501965827926
1997-07-31,-0.04122613164812233,-0.04122613164812233,0.0,2.0373616222631648,0.0,0.0044092523317122,0.5101750982913964,-0.5101750982913964,0.5101750982913964,0.5101750982913964,-0.5101750982913964,-0.5101750982913964
1997-08-31,-0.021591523473165272,-0.021591523473165272,0.0,1.0262598618693657,0.0,0.0042084106495823,-0.5101750982913965,-0.5101750982913965,0.7142451376079549,0.7142451376079549,-0.5101750982913965,0.10203501965827928
1997-09-30,-0.00756499453417935,-0.00756499453417935,0.0,1.4226639836640425,0.0,0.0042084106495823,-0.5101750982913964,0.5101750982913964,-0.5101750982913964,0.5101750982913964,-0.5101750982913964,0.5101750982913964
1997-10-31,0.007574628188248833,0.007574628188248833,0.0,0.4182751152536249,0.0,0.0046101341821787,-0.5101750982913965,0.7142451376079549,-0.5101750982913965,0.10203501965827928,-0.5101750982913965,0.7142451376079549
1997-11-30,0.06317820082603846,0.06317820082603846,0.0,0.4237008851647786,0.0,0.0038068477582051,-0.5101750982913964,0.5101750982913964,-0.5101750982913964,0.5101750982913964,-0.5101750982913964,0.5101750982913964
1997-12-31,-0.0004953186031271158,-0.0004953186031271158,0.0,1.443106724605244,0.0,0.0044092523317122,0.7142451376079549,-0.5101750982913965,-0.5101750982913965,0.7142451376079549,-0.5101750982913965,0.10203501965827928
1998-01-31,-0.033766768720136696,-0.033766768720136696,0.0,1.4282426159143466,0.0,0.0040076091277567,-0.5101750982913964,0.5101750982913964,-0.5101750982913964,0.5101750982913964,-0.5101750982913964,0.5101750982913964
1998-02-28,0.003011700292329023,0.003011700292329023,0.0,0.023740753976203677,0.0,0.0038068477582051,-0.5101750982913964,0.5101750982913964,-0.5101750982913964,0.5101750982913964,-0.5101750982913964,0.5101750982913964
1998-03-31,0.037302626231961046,0.037302626231961046,0.0,1.0230189374941252,0.0,0.0044092523317122,-0.5101750982913965,0.7142451376079549,-0.5101750982913965,-0.5101750982913965,0.10203501965827928,0.7142451376079549
1998-04-30,0.007188398851585149,0.007188398851585149,0.0,1.048975306448531,0.0,0.0042084106495823,-0.5101750982913964,0.5101750982913964,-0.5101750982913964,0.5101750982913964,-0.5101750982913964,0.5101750982913964
1998-05-31,0.029015089504796778,0.029015089504796778,0.0,0.00879479766346794,0.0,0.0040076091277567,-0.5101750982913964,0.5101750982913964,-0.5101750982913964,0.5101750982913964,-0.5101750982913964,0.5101750982913964
1998-06-30,0.03057394338219054,0.03057394338219054,0.0,0.030434503971380117,0.0,0.0044092523317122,-0.5101750982913964,0.5101750982913964,-0.5101750982913964,0.5101750982913964,-0.5101750982913964,0.5101750982913964
1998-07-31,0.025376039173972853,0.025376039173972853,0.0,0.4234270503242126,0.0,0.0044092523317122,-0.5101750982913965,0.7142451376079549,-0.5101750982913965,0.10203501965827928,-0.5101750982913965,0.7142451376079549
1998-08-31,0.011001711257644948,0.011001711257644948,0.0,0.4310620100927973,0.0,0.0042084106495823,-0.5101750982913964,0.5101750982913964,-0.5101750982913964,0.5101750982913964,-0.5101750982913964,0.5101750982913964
1998-09-30,-0.04780382389869256,-0.04780382389869256,0.0,0.45036170534751396,0.0,0.0042084106495823,-0.5101750982913965,0.7142451376079549,-0.5101750982913965,0.10203501965827928,-0.5101750982913965,0.7142451376079549
1998-10-31,-0.11131584291731551,-0.11131584291731551,0.0,1.8605322657983734,0.0,0.0022023115407312,0.7142451376079549,-0.5101750982913965,-0.5101750982913965,0.7142451376079549,-0.5101750982913965,0.10203501965827928
1998-11-30,-0.05947386308971227,-0.05947386308971227,0.0,1.0791127230338855,0.0,0.0040076091277567,0.5101750982913964,-0.5101750982913964,0.5101750982913964,0.5101750982913964,-0.5101750982913964,-0.5101750982913964
1998-12-31,0.051945117504612004,0.051945117504612004,0.0,1.0328333547533848,0.0,0.0044092523317122,-0.5101750982913965,-0.5101750982913965,0.7142451376079549,0.7142451376079549,0.10203501965827928,-0.5101750982913965
1999-01-31,0.04968677178817191,0.04968677178817191,0.0,2.4829952552317023,0.0,0.0038068477582051,-0.5101750982913964,0.5101750982913964,-0.5101750982913964,-0.5101750982913964,0.5101750982913964,0.5101750982913964
1999-02-28,-0.029582265402225513,-0.029582265402225513,0.0,3.052797428223867,0.0,0.0038068477582051,0.5101750982913964,-0.5101750982913964,0.5101750982913964,0.5101750982913964,-0.5101750982913964,-0.5101750982913964
1999-03-31,0.024314624543020094,0.024314624543020094,0.0,3.0368907835288876,0.0,0.0046101341821787,-0.5101750982913964,0.5101750982913964,-0.5101750982913964,-0.5101750982913964,0.5101750982913964,0.5101750982913964
1999-04-30,-0.009107173140879042,-0.009107173140879042,0.0,1.0349776936611388,0.0,0.0042084106495823,-0.5101750982913964,0.5101750982913964,0.5101750982913964,-0.5101750982913964,-0.5101750982913964,0.5101750982913964
1999-05-31,0.0058683146699614955,0.0058683146699614955,0.0,1.0374602105418218,0.0,0.0040076091277567,-0.5101750982913964,0.5101750982913964,-0.5101750982913964,-0.5101750982913964,0.5101750982913964,0.5101750982913964
1999-06-30,0.031191658347089334,0.031191658347089334,0.0,0.012532214880005138,0.0,0.0044092523317122,-0.5101750982913964,0.5101750982913964,-0.5101750982913964,-0.5101750982913964,0.5101750982913964,0.5101750982913964
1999-07-31,-0.07035096494047803,-0.07035096494047803,0.0,0.015595829173544684,0.0,0.0042084106495823,-0.5101750982913964,0.5101750982913964,-0.5101750982913964,-0.5101750982913964,0.5101750982913964,0.5101750982913964
1999-08-31,-0.013810539418795748,-0.013810539418795748,0.0,0.035175482470238995,0.0,0.0044092523317122,-0.5101750982913964,0.5101750982913964,-0.5101750982913964,-0.5101750982913964,0.5101750982913964,0.5101750982913964
1999-09-30,0.023195857665170815,0.023195857665170815,0.0,3.0587665585511647,0.0,0.0042084106495823,0.5101750982913964,-0.5101750982913964,0.5101750982913964,0.5101750982913964,-0.5101750982913964,-0.5101750982913964
1999-10-31,0.030195230222269023,0.030195230222269023,0.0,2.0610330385907343,0.0,0.0042084106495823,-0.5101750982913964,0.5101750982913964,0.5101750982913964,-0.5101750982913964,-0.5101750982913964,0.5101750982913964
1999-11-30,0.011872817614862433,0.011872817614862433,0.0,2.0360290074253506,0.0,0.0042084106495823,-0.5101750982913965,-0.5101750982913965,0.7142451376079549,0.7142451376079549,0.10203501965827928,-0.5101750982913965
1999-12-31,-0.023311869718242756,-0.023311869718242756,0.0,2.046636801973017,0.0,0.0044092523317122,-0.5101750982913964,0.5101750982913964,0.5101750982913964,-0.5101750982913964,-0.5101750982913964,0.5101750982913964
2000-01-31,0.01309207164067057,0.01309207164067057,0.0,0.015052430936719485,0.0,0.0040076091277567,-0.5101750982913964,0.5101750982913964,0.5101750982913964,-0.5101750982913964,-0.5101750982913964,0.5101750982913964
2000-02-29,-0.023916362878730973,-0.023916362878730973,-0.001212828824101564,1.4451450531219328,0.0,0.0040076091277567,-0.5101750982913964,-0.5101750982913964,0.7142451376079549,-0.5101750982913964,0.7142451376079549,0.10203501965827926
2000-03-31,-0.046419628587054694,-0.046419628587054694,0.05442926311149998,1.8201916201315127,0.0,0.0046101341821787,-0.5101750982913965,0.7142451376079549,-0.5101750982913965,-0.5101750982913965,0.10203501965827928,0.7142451376079549
2000-04-30,0.01030907807119521,0.01030907807119521,-0.038301109449248694,1.2413961728488805,0.0,0.0038068477582051,-0.5101750982913965,-0.5101750982913965,0.7142451376079549,-0.5101750982913965,0.10203501965827928,0.7142451376079549
2000-05-31,-0.029456146153612216,-0.029456146153612216,-0.011619824387154143,1.0126634377545813,0.0,0.0044092523317122,-0.5101750982913964,-0.5101750982913964,0.5101750982913964,0.5101750982913964,-0.5101750982913964,0.5101750982913964
2000-06-30,-0.012319880129915695,-0.012319880129915695,0.030136117069895274,1.0185769904465658,0.0,0.0044092523317122,-0.5101750982913965,-0.5101750982913965,0.7142451376079549,-0.5101750982913965,0.10203501965827928,0.7142451376079549
2000-07-31,0.003003583460054417,0.003003583460054417,-0.023792266927673333,0.6300999471481818,0.0,0.0040076091277567,-0.5101750982913964,0.10203501965827926,0.7142451376079549,-0.5101750982913964,-0.5101750982913964,0.7142451376079549
2000-08-31,0.03150144520351747,0.03150144520351747,0.01687493416937813,1.0089657450649405,0.0,0.0046101341821787,0.5101750982913964,-0.5101750982913964,0.5101750982913964,-0.5101750982913964,-0.5101750982913964,0.5101750982913964
2000-09-30,0.029732292752284645,0.029732292752284645,-0.03315693836523392,1.0365630220684003,0.0,0.0060171308192813,0.5101750982913964,0.5101750982913964,-0.5101750982913964,-0.5101750982913964,-0.5101750982913964,0.5101750982913964
2000-10-31,0.022123978156786406,0.022123978156786406,-0.015321869419774314,2.0259667113397137,0.0,0.0066208316393145,-0.5101750982913964,-0.5101750982913964,0.5101750982913964,-0.5101750982913964,0.5101750982913964,0.5101750982913964
2000-11-30,-0.0034887981485230164,-0.0034887981485230164,-0.02818826191734969,2.0200198002618093,0.0,0.0042084106495823,0.5101750982913964,-0.5101750982913964,-0.5101750982913964,0.5101750982913964,-0.5101750982913964,0.5101750982913964
2000-12-31,-0.02866617980472347,-0.02866617980472347,0.02434948321520647,1.2963637505592178,0.0,0.0060171308192813,-0.5101750982913965,-0.5101750982913965,-0.5101750982913965,0.2550875491456982,0.2550875491456982,1.0203501965827928
2001-01-31,0.02384750027195902,0.02384750027195902,0.010555943009654012,1.2860097113735611,0.0,0.0063189359585271,-0.5101750982913965,0.7142451376079549,-0.5101750982913965,-0.5101750982913965,0.10203501965827928,0.7142451376079549
2001-02-28,-0.007735660708356781,-0.007735660708356781,-0.048795867360239,1.2335231439188596,0.0,0.0038068477582051,-0.5101750982913965,0.7142451376079549,-0.5101750982913965,0.7142451376079549,0.10203501965827928,-0.5101750982913965
2001-03-31,0.0621662024476486,0.0621662024476486,-0.04922215763514304,1.6841896091707032,0.0,0.0044092523317122,-0.5101750982913965,-0.5101750982913965,-0.5101750982913965,0.2550875491456982,0.2550875491456982,1.0203501965827928
2001-04-30,-0.02842473901033862,-0.02842473901033862,0.038953114457780824,1.2294134259870013,0.0,0.0040076091277567,-0.5101750982913965,0.7142451376079549,-0.5101750982913965,0.10203501965827928,-0.5101750982913965,0.7142451376079549
2001-05-31,0.02201269330140284,0.02201269330140284,-0.008216110784206476,1.248577904279172,0.0,0.0022023115407312,-0.5101750982913965,-0.5101750982913965,-0.5101750982913965,0.2550875491456982,0.2550875491456982,1.0203501965827928
2001-06-30,0.023405774679625742,0.023405774679625742,-0.021359090411263826,0.03263170765444909,0.0,0.0021021013305981,-0.5101750982913965,-0.5101750982913965,-0.5101750982913965,0.2550875491456982,0.2550875491456982,1.0203501965827928
2001-07-31,-0.04493993339419014,-0.04493993339419014,0.003869245207709149,1.2153167141683636,0.0,0.0021021013305981,-0.5101750982913965,-0.5101750982913965,0.7142451376079549,-0.5101750982913965,0.10203501965827928,0.7142451376079549
2001-08-31,-0.035499181245379936,-0.035499181245379936,-0.00915581979293889,1.2425285483247666,0.0,0.0023025317718852,-0.5101750982913965,-0.5101750982913965,-0.5101750982913965,0.10203501965827928,0.7142451376079549,0.7142451376079549
2001-09-30,0.06092035741149823,0.06092035741149823,-0.042868814854046255,1.2726456796000725,0.0,0.0030042036421848,0.7142451376079549,-0.5101750982913965,-0.5101750982913965,0.10203501965827928,-0.5101750982913965,0.7142451376079549
2001-10-31,-0.016035575928570897,-0.016035575928570897,0.013630637349292485,1.457219936265667,0.0,0.0023025317718852,0.5101750982913964,0.5101750982913964,-0.5101750982913964,0.5101750982913964,-0.5101750982913964,-0.5101750982913964
2001-11-30,-0.028768532957685562,-0.028768532957685562,0.022979445001815035,0.021159089240476547,0.0,0.0021021013305981,0.5101750982913964,0.5101750982913964,-0.5101750982913964,0.5101750982913964,-0.5101750982913964,-0.5101750982913964
2001-12-31,0.04640711987214375,0.04640711987214375,-0.008954777577066197,0.01961791698357207,0.0,0.0020019011404841,0.5101750982913964,0.5101750982913964,-0.5101750982913964,0.5101750982913964,-0.5101750982913964,-0.5101750982913964
2002-01-31,0.01874737625121817,0.01874737625121817,-0.02468739554286603,2.0584653166657754,0.0,0.0021021013305981,0.7142451376079549,-0.5101750982913965,-0.5101750982913965,-0.5101750982913965,0.10203501965827928,0.7142451376079549
2002-02-28,-0.0025173437690353215,-0.0025173437690353215,-0.0020207261760197825,1.423576898819529,0.0,0.0019017109693872,-0.5101750982913964,-0.5101750982913964,-0.5101750982913964,0.5101750982913964,0.5101750982913964,0.5101750982913964
2002-03-31,0.014041374829547088,0.014041374829547088,0.02205047615427369,0.4126114993563847,0.0,0.0020019011404841,-0.5101750982913965,-0.5101750982913965,-0.5101750982913965,0.10203501965827928,0.7142451376079549,0.7142451376079549
2002-04-30,-0.03473860678559314,-0.03473860678559314,-0.001331088822003279,0.6269576328829245,0.0,0.0022023115407312,-0.5101750982913965,-0.5101750982913965,-0.5101750982913965,0.7142451376079549,0.10203501965827928,0.7142451376079549
2002-05-31,0.03522962891057699,0.03522962891057699,0.01487175660052431,1.8713795143698626,0.0,0.0022023115407312,-0.5101750982913965,0.7142451376079549,-0.5101750982913965,0.10203501965827928,0.7142451376079549,-0.5101750982913965
2002-06-30,0.035471153427194105,0.035471153427194105,-0.007288949609461026,0.662596838376132,0.0,0.0020019011404841,-0.5101750982913965,0.7142451376079549,-0.5101750982913965,0.7142451376079549,0.10203501965827928,-0.5101750982913965
2002-07-31,0.006770251259692163,0.006770251259692163,-0.03563502705165478,0.06689769519893651,0.0,0.0022023115407312,-0.5101750982913965,0.7142451376079549,-0.5101750982913965,0.7142451376079549,0.10203501965827928,-0.5101750982913965
2002-08-31,0.0071732612144418725,0.0071732612144418725,0.010433158987546376,1.2347922184144977,0.0,0.0022023115407312,-0.5101750982913965,0.7142451376079549,0.7142451376079549,0.10203501965827928,-0.5101750982913965,-0.5101750982913965
2002-09-30,-0.007319070732698153,-0.007319070732698153,-0.04407630862954959,1.6966624321459296,0.0,0.0020019011404841,-0.5101750982913965,-0.5101750982913965,0.2550875491456982,1.0203501965827928,0.2550875491456982,-0.5101750982913965
2002-10-31,0.01706530606837767,0.01706530606837767,0.029076025631141977,1.5405479733037408,0.0,0.0023025317718852,-0.5101750982913964,1.0203501965827926,-0.5101750982913964,0.25508754914569814,0.25508754914569814,-0.5101750982913964
2002-11-30,-0.0074690269812140875,-0.0074690269812140875,0.02470264732376548,1.282631151719091,0.0,0.0020019011404841,0.5101750982913964,0.5101750982913964,-0.5101750982913964,0.5101750982913964,-0.5101750982913964,-0.5101750982913964
2002-12-31,-0.004620796388605802,-0.004620796388605802,0.005356192545459937,1.4291321218952573,0.0,0.0021021013305981,-0.5101750982913965,0.7142451376079549,-0.5101750982913965,0.10203501965827928,0.7142451376079549,-0.5101750982913965
2003-01-31,0.055129296120932245,0.055129296120932245,-0.0052626591732434225,0.04934818029653521,0.0,0.0,-0.5101750982913965,0.7142451376079549,-0.5101750982913965,0.10203501965827928,0.7142451376079549,-0.5101750982913965
2003-02-28,0.006778005999833072,0.006778005999833072,0.0009199299894242507,1.7103895390488852,0.0,0.0,-0.5101750982913964,-0.5101750982913964,1.0203501965827926,0.25508754914569814,0.25508754914569814,-0.5101750982913964
2003-03-31,0.014250028634746528,0.014250028634746528,0.0007118765660765192,1.7044022179771363,0.0,0.0,-0.5101750982913965,0.7142451376079549,-0.5101750982913965,0.7142451376079549,0.10203501965827928,-0.5101750982913965
2003-04-30,0.012634216215457073,0.012634216215457073,0.04390266004896226,1.2313770892426423,0.0,0.0,-0.5101750982913965,0.7142451376079549,0.7142451376079549,-0.5101750982913965,0.10203501965827928,-0.5101750982913965
2003-05-31,0.06363817237368863,0.06363817237368863,0.04952453470403406,1.2352117136135767,0.0,0.0,0.7142451376079549,0.7142451376079549,-0.5101750982913965,-0.5101750982913965,0.10203501965827928,-0.5101750982913965
2003-06-30,0.03358109189946022,0.03358109189946022,-0.0014577828712760699,1.2647611733165862,0.0,0.0,-0.5101750982913965,0.7142451376079549,-0.5101750982913965,0.10203501965827928,0.7142451376079549,-0.5101750982913965
2003-07-31,-0.02603112295026445,-0.02603112295026445,-0.007534471300557399,0.6435416740816828,0.0,0.0,-0.5101750982913965,0.7142451376079549,-0.5101750982913965,0.7142451376079549,0.10203501965827928,-0.5101750982913965
2003-08-31,-0.024217552694427755,-0.024217552694427755,0.006985041585706675,0.39855662200565434,0.0,0.0,-0.5101750982913964,0.5101750982913964,-0.5101750982913964,0.5101750982913964,0.5101750982913964,-0.5101750982913964
2003-09-30,0.032463249914909405,0.032463249914909405,0.03352236095528882,0.023748808539957533,0.0,0.0,-0.5101750982913964,0.5101750982913964,-0.5101750982913964,0.5101750982913964,0.5101750982913964,-0.5101750982913964
2003-10-31,0.028673483220179756,0.028673483220179756,0.023960523498449016,2.1118102594170134,0.0,0.0,-0.5101750982913964,-0.5101750982913964,0.5101750982913964,-0.5101750982913964,0.5101750982913964,0.5101750982913964
2003-11-30,-0.023788791037395365,-0.023788791037395365,0.016213877431540347,1.2945800019772582,0.0,0.0,-0.5101750982913964,-0.5101750982913964,1.0203501965827926,0.25508754914569814,0.25508754914569814,-0.5101750982913964
2003-12-31,0.0055013396950416085,0.0055013396950416085,0.05063331442830643,0.5240459910102657,0.0,0.0,-0.5101750982913964,-0.5101750982913964,0.5101750982913964,0.5101750982913964,0.5101750982913964,-0.5101750982913964
2004-01-31,0.03650060347197882,0.03650060347197882,0.009052709710837714,0.5488373119705623,0.0,0.0,-0.5101750982913964,-0.5101750982913964,1.0203501965827926,0.25508754914569814,0.25508754914569814,-0.5101750982913964
2004-02-29,-0.02012141068689471,-0.02012141068689471,0.008914564156645488,0.018250301735989405,0.0,0.0,-0.5101750982913964,-0.5101750982913964,1.0203501965827926,0.25508754914569814,0.25508754914569814,-0.5101750982913964
2004-03-31,0.024325317909050473,0.024325317909050473,0.004575978160007654,0.49016885597087867,0.0,0.0,-0.5101750982913964,-0.5101750982913964,0.5101750982913964,0.5101750982913964,0.5101750982913964,-0.5101750982913964
2004-04-30,-0.018547511484729023,-0.018547511484729023,-0.03202747580680698,1.033144632965888,0.0,0.0,-0.5101750982913964,0.5101750982913964,-0.5101750982913964,0.5101750982913964,0.5101750982913964,-0.5101750982913964
2004-05-31,-0.0064275429035037905,-0.0064275429035037905,0.008771320820335493,1.0282255973735994,0.0,0.0,-0.5101750982913964,-0.5101750982913964,0.5101750982913964,0.5101750982913964,0.5101750982913964,-0.5101750982913964
2004-06-30,-0.011495269724463714,-0.011495269724463714,0.011190230158493408,1.5530758239044649,0.0,0.0,-0.5101750982913965,-0.5101750982913965,-0.5101750982913965,0.2550875491456982,0.2550875491456982,1.0203501965827928
2004-07-31,-0.03322951864831332,-0.03322951864831332,-0.018259505651387786,2.4488902525478506,0.0,0.0,0.7142451376079549,-0.5101750982913965,0.7142451376079549,0.10203501965827928,-0.5101750982913965,-0.5101750982913965
2004-08-31,0.02301499915671576,0.02301499915671576,0.014722827915299774,1.0008003805629122,0.0,0.0022023115407312,0.5101750982913964,0.5101750982913964,0.5101750982913964,-0.5101750982913964,-0.5101750982913964,-0.5101750982913964
2004-09-30,0.02176308646152126,0.02176308646152126,0.016597170084819757,2.04442016776889,0.0,0.0021021013305981,-0.5101750982913965,0.7142451376079549,-0.5101750982913965,0.7142451376079549,0.10203501965827928,-0.5101750982913965
2004-10-31,0.021926237943363045,0.021926237943363045,0.02721990404982977,1.2382033260653473,0.0,0.0021021013305981,-0.5101750982913965,0.7142451376079549,0.7142451376079549,-0.5101750982913965,0.10203501965827928,-0.5101750982913965
2004-11-30,0.02273984786071875,0.02273984786071875,0.0440652883664745,1.4660160837378333,0.0,0.0021021013305981,-0.5101750982913964,0.5101750982913964,-0.5101750982913964,0.5101750982913964,0.5101750982913964,-0.5101750982913964
2004-12-31,-0.0035447720343838728,-0.0035447720343838728,0.027301244887431908,1.5777943081260548,0.0,0.0022023115407312,-0.5101750982913964,-0.5101750982913964,1.0203501965827926,0.25508754914569814,0.25508754914569814,-0.5101750982913964
2005-01-31,0.023731437987435926,0.023731437987435926,-0.018009085671903957,0.008768932546176306,0.0,0.0020019011404841,-0.5101750982913964,-0.5101750982913964,1.0203501965827926,0.25508754914569814,0.25508754914569814,-0.5101750982913964
2005-02-28,-0.01731910777007649,-0.01731910777007649,0.0161741224137959,0.029501222033171792,0.0,0.0019017109693872,-0.5101750982913964,-0.5101750982913964,1.0203501965827926,0.25508754914569814,0.25508754914569814,-0.5101750982913964
2005-03-31,-0.01004059504853681,-0.01004059504853681,-0.016053159290623786,0.020126234908428103,0.0,0.0022023115407312,-0.5101750982913964,-0.5101750982913964,1.0203501965827926,0.25508754914569814,0.25508754914569814,-0.5101750982913964
2005-04-30,0.0067561710990896185,0.0067561710990896185,-0.002547047491848531,1.5240900370383046,0.0,0.0021021013305981,-0.5101750982913965,0.10203501965827928,-0.5101750982913965,0.7142451376079549,0.7142451376079549,-0.5101750982913965
2005-05-31,0.04522206835269186,0.04522206835269186,-0.001754488902569462,1.5441782334216552,0.0,0.0021021013305981,-0.5101750982913965,-0.5101750982913965,-0.5101750982913965,0.2550875491456982,0.2550875491456982,1.0203501965827928
2005-06-30,0.009811888518451984,0.009811888518451984,-4.4818665406509695e-05,1.5535733624425134,0.0,0.0022023115407312,-0.5101750982913964,-0.5101750982913964,0.5101750982913964,0.5101750982913964,0.5101750982913964,-0.5101750982913964
2005-07-31,-0.0003308522419431648,-0.0003308522419431648,0.012260673131825772,1.4398269389523786,0.0,0.0020019011404841,-0.5101750982913965,-0.5101750982913965,-0.5101750982913965,0.7142451376079549,0.10203501965827928,0.7142451376079549
2005-08-31,-0.015499628367332105,-0.015499628367332105,0.013043921390037516,0.4086752369106112,0.0,0.0023025317718852,-0.5101750982913964,-0.5101750982913964,-0.5101750982913964,0.5101750982913964,0.5101750982913964,0.5101750982913964
2005-09-30,0.034295117766914684,0.034295117766914684,0.003509227003188009,1.0420592538401157,0.0,0.0021021013305981,-0.5101750982913964,0.5101750982913964,-0.5101750982913964,-0.5101750982913964,0.5101750982913964,0.5101750982913964
2005-10-31,0.004892408216725513,0.004892408216725513,-0.021193160657350774,1.0404736997039317,0.0,0.0021021013305981,-0.5101750982913964,0.5101750982913964,-0.5101750982913964,0.5101750982913964,0.5101750982913964,-0.5101750982913964
2005-11-30,0.026266846602626667,0.026266846602626667,0.011257917388529659,1.4402193796032832,0.0,0.0021021013305981,-0.5101750982913965,-0.5101750982913965,-0.5101750982913965,0.10203501965827928,0.7142451376079549,0.7142451376079549
2005-12-31,-0.011096096785617933,-0.011096096785617933,0.017076521591678162,0.6276551205641414,0.0,0.0042084106495823,-0.5101750982913965,-0.5101750982913965,-0.5101750982913965,0.7142451376079549,0.10203501965827928,0.7142451376079549
2006-01-31,-0.007763616957619401,-0.007763616957619401,0.029590668196876946,0.46293488648460984,0.0,0.0040076091277567,-0.5101750982913965,-0.5101750982913965,-0.5101750982913965,0.2550875491456982,0.2550875491456982,1.0203501965827928
2006-02-28,0.02606129892096802,0.02606129892096802,-0.002952835120293318,2.0620723440838136,0.0,0.0038068477582051,-0.5101750982913964,0.5101750982913964,0.5101750982913964,-0.5101750982913964,-0.5101750982913964,0.5101750982913964
2006-03-31,-0.005304718492352877,-0.005304718492352877,0.006509549926963398,2.0467147165232076,0.0,0.0046101341821787,-0.5101750982913964,0.5101750982913964,-0.5101750982913964,0.5101750982913964,0.5101750982913964,-0.5101750982913964
2006-04-30,-0.04446396445068182,-0.04446396445068182,0.027651495465833342,2.4367840743861606,0.0,0.0038068477582051,-0.5101750982913965,-0.5101750982913965,0.7142451376079549,-0.5101750982913965,0.10203501965827928,0.7142451376079549
2006-05-31,0.00586794759099739,0.00586794759099739,-0.009579427712649635,1.8863985037306552,0.0,0.0044092523317122,-0.5101750982913965,0.7142451376079549,-0.5101750982913965,0.10203501965827928,-0.5101750982913965,0.7142451376079549
2006-06-30,-0.021440663398619508,-0.021440663398619508,-0.004859094337308245,2.454234991100284,0.0,0.0044092523317122,-0.5101750982913964,-0.5101750982913964,1.0203501965827926,0.25508754914569814,0.25508754914569814,-0.5101750982913964
2006-07-31,0.016028394627389267,0.016028394627389267,0.007211427147981286,1.6741376451324768,0.0,0.0040076091277567,-0.5101750982913965,0.7142451376079549,-0.5101750982913965,0.7142451376079549,0.10203501965827928,-0.5101750982913965
2006-08-31,0.024571799875034044,0.024571799875034044,0.018441261137778664,1.0233068317038474,0.0,0.0046101341821787,0.5101750982913964,0.5101750982913964,-0.5101750982913964,0.5101750982913964,-0.5101750982913964,-0.5101750982913964
2006-09-30,-0.011710083231044756,-0.011710083231044756,0.005252609709792022,1.031129670053085,0.0,0.0040076091277567,-0.5101750982913964,0.5101750982913964,-0.5101750982913964,0.5101750982913964,0.5101750982913964,-0.5101750982913964
2006-10-31,0.027466051506910408,0.027466051506910408,0.024292395617105722,0.021092426155331356,0.0,0.0044092523317122,-0.5101750982913964,0.5101750982913964,-0.5101750982913964,0.5101750982913964,0.5101750982913964,-0.5101750982913964
2006-11-30,-0.015438348288556315,-0.015438348288556315,0.026168873440274742,1.43670589725872,0.0,0.0042084106495823,-0.5101750982913965,-0.5101750982913965,-0.5101750982913965,0.7142451376079549,0.10203501965827928,0.7142451376079549
2006-12-31,0.022522357790424597,0.022522357790424597,0.0027610531237172165,1.4579124124770406,0.0,0.0040076091277567,-0.5101750982913964,0.5101750982913964,-0.5101750982913964,0.5101750982913964,0.5101750982913964,-0.5101750982913964
2007-01-31,0.011160752361647562,0.011160752361647562,0.000610869102998679,0.42382530493320286,0.0,0.0040076091277567,-0.5101750982913965,0.7142451376079549,-0.5101750982913965,0.7142451376079549,0.10203501965827928,-0.5101750982913965
2007-02-28,0.004215179853772846,0.004215179853772846,0.007524035992735545,0.6292139056138102,0.0,0.0038068477582051,-0.5101750982913965,0.7142451376079549,-0.5101750982913965,0.10203501965827928,0.7142451376079549,-0.5101750982913965
2007-03-31,0.017520246373135415,0.017520246373135415,0.011415016497603014,0.42651476211668043,0.0,0.0044092523317122,-0.5101750982913964,0.5101750982913964,-0.5101750982913964,0.5101750982913964,0.5101750982913964,-0.5101750982913964
2007-04-30,0.028001216284767542,0.028001216284767542,0.029820303782732482,1.0305801003943622,0.0,0.0040076091277567,0.5101750982913964,0.5101750982913964,-0.5101750982913964,-0.5101750982913964,0.5101750982913964,-0.5101750982913964
2007-05-31,0.006428865391805446,0.006428865391805446,0.007622178357741927,1.04259969657125,0.0,0.0044092523317122,-0.5101750982913964,0.5101750982913964,-0.5101750982913964,0.5101750982913964,0.5101750982913964,-0.5101750982913964
2007-06-30,0.031714194423792884,0.031714194423792884,-0.006716283484492047,0.017028746199932693,0.0,0.0042084106495823,-0.5101750982913964,0.5101750982913964,-0.5101750982913964,0.5101750982913964,0.5101750982913964,-0.5101750982913964
2007-07-31,-0.01235829410116538,-0.01235829410116538,-0.00016930849875829157,0.01611819150124838,0.0,0.0042084106495823,-0.5101750982913964,0.5101750982913964,-0.5101750982913964,0.5101750982913964,0.5101750982913964,-0.5101750982913964
2007-08-31,-0.031255424898582775,-0.031255424898582775,0.006926645498760875,0.018757838302605967,0.0,0.0046101341821787,-0.5101750982913964,0.5101750982913964,-0.5101750982913964,0.5101750982913964,0.5101750982913964,-0.5101750982913964
2007-09-30,0.05463220246350857,0.05463220246350857,0.0376846954983987,0.019933006641622453,0.0,0.0038068477582051,-0.5101750982913964,0.5101750982913964,-0.5101750982913964,0.5101750982913964,0.5101750982913964,-0.5101750982913964
2007-10-31,-0.01735942586144669,-0.01735942586144669,0.024578338074680905,1.0678636152981316,0.0,0.0023025317718852,-0.5101750982913964,0.5101750982913964,0.5101750982913964,0.5101750982913964,-0.5101750982913964,-0.5101750982913964
2007-11-30,-0.033846735974830164,-0.033846735974830164,-0.010801470035733063,1.0243614805251298,0.0,0.0042084106495823,-0.5101750982913965,0.7142451376079549,-0.5101750982913965,0.7142451376079549,0.10203501965827928,-0.5101750982913965
2007-12-31,-0.021414399178916285,-0.021414399178916285,-0.009231795574268453,0.02375917393907153,0.0,0.0020019011404841,-0.5101750982913965,0.7142451376079549,-0.5101750982913965,0.7142451376079549,0.10203501965827928,-0.5101750982913965
2008-01-31,0.023788033065880572,0.023788033065880572,-0.025390870037274915,1.2153314025514959,0.0,0.0021021013305981,0.7142451376079549,0.7142451376079549,-0.5101750982913965,-0.5101750982913965,0.10203501965827928,-0.5101750982913965
2008-02-29,0.019828309580336573,0.019828309580336573,0.008931692705318017,1.0569117284865082,0.0,0.0020019011404841,0.5101750982913964,0.5101750982913964,0.5101750982913964,-0.5101750982913964,-0.5101750982913964,-0.5101750982913964
2008-03-31,0.07340736677863031,0.07340736677863031,0.010966861034271025,0.033009886331981875,0.0,0.0020019011404841,0.5101750982913964,0.5101750982913964,0.5101750982913964,-0.5101750982913964,-0.5101750982913964,-0.5101750982913964
2008-04-30,-0.014582336843450689,-0.014582336843450689,0.010939850944766683,1.0085708486881373,0.0,0.0022023115407312,-0.5101750982913965,0.7142451376079549,0.7142451376079549,-0.5101750982913965,0.10203501965827928,-0.5101750982913965
2008-05-31,-0.022889300551255702,-0.022889300551255702,0.001787283863046829,0.9943766961563845,0.0,0.0021021013305981,0.5101750982913964,0.5101750982913964,0.5101750982913964,-0.5101750982913964,-0.5101750982913964,-0.5101750982913964
2008-06-30,-0.008576442275774452,-0.008576442275774452,-0.04031100802057119,2.4459684735712472,0.0,0.0021021013305981,-0.5101750982913965,-0.5101750982913965,0.10203501965827928,0.7142451376079549,0.7142451376079549,-0.5101750982913965
2008-07-31,0.010248701571143154,0.010248701571143154,-0.011343954126205924,1.033759750784024,0.0,0.0022023115407312,-0.5101750982913964,0.5101750982913964,-0.5101750982913964,0.5101750982913964,0.5101750982913964,-0.5101750982913964
2008-08-31,-0.08394597105002402,-0.08394597105002402,-0.016745445821676253,0.016534708364338874,0.0,0.0021021013305981,-0.5101750982913964,0.5101750982913964,-0.5101750982913964,0.5101750982913964,0.5101750982913964,-0.5101750982913964
2008-09-30,-0.04871973515230221,-0.04871973515230221,-0.06597605634725823,1.0518531015135777,0.0,0.0021021013305981,-0.5101750982913964,0.5101750982913964,-0.5101750982913964,-0.5101750982913964,0.5101750982913964,0.5101750982913964
2008-10-31,0.09786796146575724,0.09786796146575724,-0.10131355099831318,1.2631076907293415,0.0,0.0,-0.5101750982913965,-0.5101750982913965,0.2550875491456982,-0.5101750982913965,0.2550875491456982,1.0203501965827928
2008-11-30,0.022940270418215423,0.022940270418215423,-0.006613744759143336,1.2870418894736488,0.0,0.0,0.5101750982913964,-0.5101750982913964,0.5101750982913964,-0.5101750982913964,-0.5101750982913964,0.5101750982913964
2008-12-31,-0.047423198411282154,-0.047423198411282154,0.0554356770971014,1.0086462597037331,0.0,0.0,-0.5101750982913965,-0.5101750982913965,0.7142451376079549,-0.5101750982913965,0.10203501965827928,0.7142451376079549
2009-01-31,0.07848253368146996,0.07848253368146996,-0.06090081147641435,0.09388991382507787,0.0,0.0,-0.5101750982913965,-0.5101750982913965,0.7142451376079549,-0.5101750982913965,0.10203501965827928,0.7142451376079549
2009-02-28,-0.033451064123986386,-0.033451064123986386,-0.05747671933025578,1.0207372247562594,0.0,0.0,0.5101750982913964,-0.5101750982913964,0.5101750982913964,-0.5101750982913964,-0.5101750982913964,0.5101750982913964
2009-03-31,-0.040189673345458074,-0.040189673345458074,0.044150762617619854,1.0405069746798867,0.0,0.0,-0.5101750982913964,0.5101750982913964,0.5101750982913964,-0.5101750982913964,-0.5101750982913964,0.5101750982913964
2009-04-30,-0.0011351752289065955,-0.0011351752289065955,0.04329354048696654,1.3116074142422756,0.0,0.0,-0.5101750982913965,-0.5101750982913965,0.2550875491456982,-0.5101750982913965,0.2550875491456982,1.0203501965827928
2009-05-31,-0.03682458312977211,-0.03682458312977211,0.05704479693938258,0.7813108788161092,0.0,0.0,-0.5101750982913965,-0.5101750982913965,-0.5101750982913965,0.2550875491456982,0.2550875491456982,1.0203501965827928
2009-06-30,0.02081562569066726,0.02081562569066726,-0.0010359375830089057,1.5489375864390755,0.0,0.0,-0.5101750982913964,-0.5101750982913964,0.5101750982913964,0.5101750982913964,0.5101750982913964,-0.5101750982913964
2009-07-31,0.015334572404664543,0.015334572404664543,0.04587420128584596,0.5262596587219605,0.0,0.0,-0.5101750982913964,-0.5101750982913964,1.0203501965827926,0.25508754914569814,0.25508754914569814,-0.5101750982913964
2009-08-31,-0.005526290477445583,-0.005526290477445583,0.029345260561444375,0.5203159203999548,0.0,0.0,-0.5101750982913964,-0.5101750982913964,0.5101750982913964,0.5101750982913964,0.5101750982913964,-0.5101750982913964
2009-09-30,0.024597589650762218,0.024597589650762218,0.030475927964169314,0.5061574231321789,0.0,0.0,-0.5101750982913964,-0.5101750982913964,1.0203501965827926,0.25508754914569814,0.25508754914569814,-0.5101750982913964
2009-10-31,-0.004424482363730777,-0.004424482363730777,-0.007236555507759035,1.2972962529206438,0.0,0.0,0.5101750982913964,-0.5101750982913964,0.5101750982913964,-0.5101750982913964,0.5101750982913964,-0.5101750982913964
2009-11-30,0.03636460350346562,0.03636460350346562,0.035934488404395504,1.4465798385555984,0.0,0.0,-0.5101750982913965,0.7142451376079549,0.7142451376079549,-0.5101750982913965,0.10203501965827928,-0.5101750982913965
2009-12-31,-0.0013216586258180361,-0.0013216586258180361,-0.020050953989246723,1.4550050035248394,0.0,0.0,0.5101750982913964,0.5101750982913964,-0.5101750982913964,-0.5101750982913964,0.5101750982913964,-0.5101750982913964
2010-01-31,0.016167428869441343,0.016167428869441343,-0.01814797878509966,1.4147671358253284,0.0,0.0,-0.5101750982913965,0.7142451376079549,0.7142451376079549,-0.5101750982913965,0.10203501965827928,-0.5101750982913965
2010-02-28,-0.02093841483724926,-0.02093841483724926,0.007916683652136047,2.43941184556614,0.0,0.0,0.5101750982913964,-0.5101750982913964,-0.5101750982913964,0.5101750982913964,0.5101750982913964,-0.5101750982913964
2010-03-31,0.026353119574445548,0.026353119574445548,0.018826384703533483,1.5277453702520472,0.0,0.0,-0.5101750982913965,-0.5101750982913965,-0.5101750982913965,0.2550875491456982,0.2550875491456982,1.0203501965827928
2010-04-30,0.019648093960822288,0.019648093960822288,-0.0016121623446596622,1.2659202874915891,0.0,0.0,-0.5101750982913964,-0.5101750982913964,0.5101750982913964,-0.5101750982913964,0.5101750982913964,0.5101750982913964
2010-05-31,-0.027894059401637986,-0.027894059401637986,-0.05016807296540693,1.0220432953580516,0.0,0.0,0.5101750982913964,-0.5101750982913964,-0.5101750982913964,-0.5101750982913964,0.5101750982913964,0.5101750982913964
2010-06-30,-0.03654069385791362,-0.03654069385791362,-0.00566764773747408,1.0378797381736091,0.0,0.0,-0.5101750982913964,-0.5101750982913964,-0.5101750982913964,0.5101750982913964,0.5101750982913964,0.5101750982913964
2010-07-31,-0.024747717826670054,-0.024747717826670054,0.05602284401903579,1.0558615019026452,0.0,0.0,-0.5101750982913964,-0.5101750982913964,0.5101750982913964,-0.5101750982913964,0.5101750982913964,0.5101750982913964
2010-08-31,0.05765890909791758,0.05765890909791758,-0.005622721748295145,1.0846890987995899,0.0,0.0,0.5101750982913964,-0.5101750982913964,0.5101750982913964,-0.5101750982913964,-0.5101750982913964,0.5101750982913964
2010-09-30,-0.024820136615557053,-0.024820136615557053,0.05401498499005508,1.0170684856878456,0.0,0.0,0.7142451376079549,-0.5101750982913965,0.7142451376079549,-0.5101750982913965,0.10203501965827928,-0.5101750982913965
2010-10-31,0.004657009930194326,0.004657009930194326,0.024511799107974186,0.44946417678539136,0.0,0.0,0.5101750982913964,-0.5101750982913964,0.5101750982913964,-0.5101750982913964,0.5101750982913964,-0.5101750982913964
2010-11-30,0.016239475137791802,0.016239475137791802,-0.035641180625231916,1.018018352191269,0.0,0.0,-0.5101750982913964,-0.5101750982913964,0.7142451376079549,-0.5101750982913964,0.7142451376079549,0.10203501965827926
2010-12-31,0.0030817662883928024,0.0030817662883928024,0.04353733766643564,0.4173729157780508,0.0,0.0,-0.5101750982913964,-0.5101750982913964,0.5101750982913964,-0.5101750982913964,0.5101750982913964,0.5101750982913964
2011-01-31,-0.037486896015492675,-0.037486896015492675,0.010743508941234214,0.056017595624337335,0.0,0.0,-0.5101750982913964,-0.5101750982913964,0.5101750982913964,-0.5101750982913964,0.5101750982913964,0.5101750982913964
2011-02-28,-0.00016924058737124179,-0.00016924058737124179,0.0190644575543637,0.4310954925193242,0.0,0.0,-0.5101750982913964,-0.5101750982913964,0.7142451376079549,-0.5101750982913964,0.7142451376079549,0.10203501965827926
2011-03-31,0.0018805037528804524,0.0018805037528804524,-0.003051022737709519,2.0609669550463026,0.0,0.0,0.5101750982913964,-0.5101750982913964,-0.5101750982913964,0.5101750982913964,0.5101750982913964,-0.5101750982913964
2011-04-30,-0.005277669675799359,-0.005277669675799359,0.03750411430851641,1.042398141912491,0.0,0.0,-0.5101750982913964,-0.5101750982913964,-0.5101750982913964,0.5101750982913964,0.5101750982913964,0.5101750982913964
2011-05-31,-0.03337502925321417,-0.03337502925321417,-0.010207354123056067,1.459365987761172,0.0,0.0,-0.5101750982913964,0.7142451376079549,-0.5101750982913964,-0.5101750982913964,0.7142451376079549,0.10203501965827926
2011-06-30,-0.024776936838280344,-0.024776936838280344,-0.0063450298526877,1.4112128133813349,0.0,0.0,-0.5101750982913964,-0.5101750982913964,-0.5101750982913964,0.5101750982913964,0.5101750982913964,0.5101750982913964
2011-07-31,0.045787796255381374,0.045787796255381374,0.0034492578744269586,1.5363851747990382,0.0,0.0,1.0203501965827926,-0.5101750982913964,-0.5101750982913964,-0.5101750982913964,0.25508754914569814,0.25508754914569814
2011-08-31,0.0174685591809955,0.0174685591809955,-0.021754568971800836,1.5906245142475228,0.0,0.0,-0.5101750982913964,-0.5101750982913964,1.0203501965827926,-0.5101750982913964,0.25508754914569814,0.25508754914569814
2011-09-30,0.04030722785394073,0.04030722785394073,-0.04901482962333048,0.47345928740528886,0.0,0.0,-0.5101750982913964,-0.5101750982913964,0.7142451376079549,-0.5101750982913964,0.7142451376079549,0.10203501965827926
2011-10-31,-0.041118209632818106,-0.041118209632818106,0.0475102549953923,0.6382079926050321,0.0,0.0,-0.5101750982913965,-0.5101750982913965,0.7142451376079549,-0.5101750982913965,0.10203501965827928,0.7142451376079549
2011-11-30,0.03801195241375222,0.03801195241375222,-0.019006452021246845,0.6453079865602429,0.0,0.0,-0.5101750982913964,-0.5101750982913964,0.7142451376079549,-0.5101750982913964,0.7142451376079549,0.10203501965827926
2011-12-31,0.027070973928753284,0.027070973928753284,0.004668350049285452,1.8436098298263222,0.0,0.0,-0.5101750982913965,-0.5101750982913965,-0.5101750982913965,0.7142451376079549,0.10203501965827928,0.7142451376079549
2012-01-31,-0.005140008987286621,-0.005140008987286621,0.030687669362053693,1.2424820284779303,0.0,0.0,-0.5101750982913965,-0.5101750982913965,0.7142451376079549,-0.5101750982913965,0.10203501965827928,0.7142451376079549
2012-02-29,-0.04598764806523159,-0.04598764806523159,0.017398497865686924,0.42338635270609665,0.0,0.0,-0.5101750982913964,-0.5101750982913964,0.5101750982913964,-0.5101750982913964,0.5101750982913964,0.5101750982913964
2012-03-31,-0.03305293620701149,-0.03305293620701149,0.0009502302630670645,0.031037059287892882,0.0,0.0,-0.5101750982913964,-0.5101750982913964,0.5101750982913964,-0.5101750982913964,0.5101750982913964,0.5101750982913964
2012-04-30,-0.018078528944765852,-0.018078528944765852,0.002632070912530926,1.0261933904536502,0.0,0.0,0.5101750982913964,-0.5101750982913964,-0.5101750982913964,-0.5101750982913964,0.5101750982913964,0.5101750982913964
2012-05-31,-0.028023598551391603,-0.028023598551391603,-0.04326212620198311,1.4489868722685653,0.0,0.0,0.7142451376079549,-0.5101750982913965,-0.5101750982913965,0.7142451376079549,-0.5101750982913965,0.10203501965827928
2012-06-30,-0.05064112970285677,-0.05064112970285677,0.02343200744667273,1.4250766041830774,0.0,0.0,-0.5101750982913964,-0.5101750982913964,0.5101750982913964,0.5101750982913964,-0.5101750982913964,0.5101750982913964
2012-07-31,0.048568466343848725,0.048568466343848725,0.011216697687921773,1.055747895136504,0.0,0.0,-0.5101750982913965,-0.5101750982913965,0.7142451376079549,-0.5101750982913965,0.10203501965827928,0.7142451376079549
2012-08-31,-0.029262346905868555,-0.029262346905868555,0.016022967103475283,0.024358548197591118,0.0,0.0,-0.5101750982913965,-0.5101750982913965,0.7142451376079549,-0.5101750982913965,0.10203501965827928,0.7142451376079549
2012-09-30,-0.0159650117719121,-0.0159650117719121,0.019738222218502077,0.42342709517166405,0.0,0.0,-0.5101750982913964,-0.5101750982913964,0.5101750982913964,-0.5101750982913964,0.5101750982913964,0.5101750982913964
2012-10-31,0.01660198582951606,0.01660198582951606,-0.0063943415003913096,1.2904230035828554,0.0,0.0,-0.5101750982913965,-0.5101750982913965,-0.5101750982913965,0.2550875491456982,0.2550875491456982,1.0203501965827928
2012-11-30,0.017829006252050937,0.017829006252050937,0.0056209185518383276,0.526478837628206,0.0,0.0,-0.5101750982913964,-0.5101750982913964,-0.5101750982913964,0.5101750982913964,0.5101750982913964,0.5101750982913964
2012-12-31,0.015419213661548008,0.015419213661548008,0.004262503748241997,0.5181759476706738,0.0,0.0,-0.5101750982913965,-0.5101750982913965,-0.5101750982913965,0.2550875491456982,0.2550875491456982,1.0203501965827928
2013-01-31,0.014480326198482614,0.014480326198482614,0.018077085770568324,0.4818482575694764,0.0,0.0,-0.5101750982913965,-0.5101750982913965,-0.5101750982913965,0.10203501965827928,0.7142451376079549,0.7142451376079549
2013-02-28,-0.03006908807629646,-0.03006908807629646,-0.005018977206025732,1.8638567713959646,0.0,0.0,-0.5101750982913965,0.7142451376079549,-0.5101750982913965,0.7142451376079549,-0.5101750982913965,0.10203501965827928
2013-03-31,0.018127130518532614,0.018127130518532614,0.010487448866247195,1.2277459892057918,0.0,0.0,-0.5101750982913964,0.7142451376079549,-0.5101750982913964,-0.5101750982913964,0.7142451376079549,0.10203501965827926
2013-04-30,0.019738000363021077,0.019738000363021077,0.02151764148337909,0.6352094254450062,0.0,0.0,-0.5101750982913965,0.7142451376079549,-0.5101750982913965,-0.5101750982913965,0.10203501965827928,0.7142451376079549
2013-05-31,-0.011265893979648075,-0.011265893979648075,-0.016093652656552826,1.4607725910438694,0.0,0.0,-0.5101750982913964,-0.5101750982913964,-0.5101750982913964,0.5101750982913964,0.5101750982913964,0.5101750982913964
2013-06-30,-0.040645228402907845,-0.040645228402907845,-0.015392523383560675,0.4392250149099381,0.0,0.0,-0.5101750982913965,-0.5101750982913965,-0.5101750982913965,0.10203501965827928,0.7142451376079549,0.7142451376079549
2013-07-31,-0.027447546684906655,-0.027447546684906655,0.03392231934868084,0.4486910276200243,0.0,0.0,-0.5101750982913965,-0.5101750982913965,-0.5101750982913965,0.2550875491456982,0.2550875491456982,1.0203501965827928
2013-08-31,0.007900927601461563,0.007900927601461563,-0.013030174086485324,1.2387284712366298,0.0,0.0,-0.5101750982913965,0.7142451376079549,-0.5101750982913965,0.10203501965827928,-0.5101750982913965,0.7142451376079549
2013-09-30,-0.020216916904648483,-0.020216916904648483,0.035822545331181566,1.0222340565359618,0.0,0.0,0.5101750982913964,0.5101750982913964,-0.5101750982913964,-0.5101750982913964,-0.5101750982913964,0.5101750982913964
2013-10-31,-0.0008914337477832347,-0.0008914337477832347,0.025439243174733672,1.0449455516378068,0.0,0.0,-0.5101750982913965,0.7142451376079549,-0.5101750982913965,0.10203501965827928,-0.5101750982913965,0.7142451376079549
2013-11-30,0.05321028156340626,0.05321028156340626,0.004631593082167207,0.6213948573042385,0.0,0.0,-0.5101750982913965,0.7142451376079549,-0.5101750982913965,0.7142451376079549,-0.5101750982913965,0.10203501965827928
2013-12-31,0.010238631618938815,0.010238631618938815,0.00751154421363931,1.2332981399666552,0.0,0.0,-0.5101750982913965,0.7142451376079549,-0.5101750982913965,-0.5101750982913965,0.10203501965827928,0.7142451376079549
2014-01-31,-0.018178307074895494,-0.018178307074895494,-0.014356024389216682,1.2429198338149359,0.0,0.0,-0.5101750982913965,0.7142451376079549,-0.5101750982913965,0.7142451376079549,-0.5101750982913965,0.10203501965827928
2014-02-28,0.0018113309141821491,0.0018113309141821491,0.03390163083371789,0.02539933157416207,0.0,0.0,-0.5101750982913965,0.7142451376079549,-0.5101750982913965,0.7142451376079549,-0.5101750982913965,0.10203501965827928
2014-03-31,-0.03150183977300747,-0.03150183977300747,0.0007858374219544828,1.2536903475203736,0.0,0.0,-0.5101750982913965,-0.5101750982913965,0.10203501965827928,0.7142451376079549,-0.5101750982913965,0.7142451376079549
2014-04-30,0.008209214622003622,0.008209214622003622,0.010868129071726518,2.041644643313936,0.0,0.0,0.5101750982913964,0.5101750982913964,-0.5101750982913964,0.5101750982913964,-0.5101750982913964,-0.5101750982913964
2014-05-31,-0.011029457311618971,-0.011029457311618971,0.012976794400821223,1.021399731308374,0.0,0.0,-0.5101750982913965,0.7142451376079549,-0.5101750982913965,0.7142451376079549,0.10203501965827928,-0.5101750982913965
2014-06-30,0.0031794463919382196,0.0031794463919382196,0.013690897516008604,1.0096090697029874,0.0,0.0,0.5101750982913964,0.5101750982913964,-0.5101750982913964,0.5101750982913964,-0.5101750982913964,-0.5101750982913964
2014-07-31,0.02154166159470521,0.02154166159470521,-0.012858353904379949,2.0568137285130472,0.0,0.0,-0.5101750982913964,-0.5101750982913964,-0.5101750982913964,0.5101750982913964,0.5101750982913964,0.5101750982913964
2014-08-31,0.020511626588986146,0.020511626588986146,0.014517761875532331,0.023557389436213327,0.0,0.0,-0.5101750982913964,-0.5101750982913964,-0.5101750982913964,0.5101750982913964,0.5101750982913964,0.5101750982913964
2014-09-30,0.020848709878008794,0.020848709878008794,-0.029458610320967638,0.0188329629381373,0.0,0.0,-0.5101750982913964,-0.5101750982913964,-0.5101750982913964,0.5101750982913964,0.5101750982913964,0.5101750982913964
2014-10-31,0.0334461765485609,0.0334461765485609,0.0026949748156064324,0.45122554905193013,0.0,0.0,-0.5101750982913965,-0.5101750982913965,-0.5101750982913965,0.10203501965827928,0.7142451376079549,0.7142451376079549
2014-11-30,0.011171079798643176,0.011171079798643176,0.009042282629081466,0.6302778430339834,0.0,0.0,-0.5101750982913965,-0.5101750982913965,-0.5101750982913965,0.7142451376079549,0.10203501965827928,0.7142451376079549
2014-12-31,0.003151156366186821,0.003151156366186821,-0.011731933931571126,0.6231244862953158,0.0,0.0,-0.5101750982913965,-0.5101750982913965,-0.5101750982913965,0.10203501965827928,0.7142451376079549,0.7142451376079549
2015-01-31,-0.04383192598614578,-0.04383192598614578,-0.01132763900826017,0.46556173143230417,0.0,0.0,-0.5101750982913965,-0.5101750982913965,-0.5101750982913965,0.2550875491456982,0.2550875491456982,1.0203501965827928
2015-02-28,0.04344208051160066,0.04344208051160066,0.028288654132561986,0.056103905892693984,0.0,0.0,-0.5101750982913965,-0.5101750982913965,-0.5101750982913965,0.2550875491456982,0.2550875491456982,1.0203501965827928
2015-03-31,0.03760416153376119,0.03760416153376119,-0.013265340774319623,2.4428597466312922,0.0,0.0,0.7142451376079549,-0.5101750982913965,0.7142451376079549,-0.5101750982913965,-0.5101750982913965,0.10203501965827928
2015-04-30,-0.014542184039123234,-0.014542184039123234,0.018477208770227183,2.433359202765347,0.0,0.0,-0.5101750982913965,-0.5101750982913965,-0.5101750982913965,0.7142451376079549,0.10203501965827928,0.7142451376079549
2015-05-31,0.025293636666788254,0.025293636666788254,-0.007268971408264657,1.264470619755321,0.0,0.0,0.7142451376079549,-0.5101750982913965,-0.5101750982913965,-0.5101750982913965,0.10203501965827928,0.7142451376079549
2015-06-30,0.003929781528969577,0.003929781528969577,-0.014563149101220807,1.442442615309266,0.0,0.0,-0.5101750982913964,-0.5101750982913964,-0.5101750982913964,0.5101750982913964,0.5101750982913964,0.5101750982913964
2015-07-31,-0.012332856237265724,-0.012332856237265724,0.012662186107573747,1.445644461554733,0.0,0.0,0.7142451376079549,-0.5101750982913965,-0.5101750982913965,-0.5101750982913965,0.10203501965827928,0.7142451376079549
2015-08-31,-0.06331901271808404,-0.06331901271808404,-0.036578403964898865,1.2205135779865905,0.0,0.0,-0.5101750982913965,-0.5101750982913965,-0.5101750982913965,0.2550875491456982,0.2550875491456982,1.0203501965827928
2015-09-30,0.0005330659691009706,0.0005330659691009706,-0.017389772919762514,0.4532812624502613,0.0,0.0,-0.5101750982913965,-0.5101750982913965,-0.5101750982913965,0.7142451376079549,0.10203501965827928,0.7142451376079549
2015-10-31,-0.008407750979309474,-0.008407750979309474,0.04421588814634103,2.044683287765188,0.0,0.0,-0.5101750982913964,0.5101750982913964,0.5101750982913964,0.5101750982913964,-0.5101750982913964,-0.5101750982913964
2015-11-30,-0.011629978324834409,-0.011629978324834409,-0.01133028081744547,1.042751576969167,0.0,0.0,-0.5101750982913964,0.5101750982913964,0.5101750982913964,-0.5101750982913964,-0.5101750982913964,0.5101750982913964
2015-12-31,-0.05879129628108804,-0.05879129628108804,-0.006140826386529352,2.0362288587045922,0.0,0.0,-0.5101750982913965,-0.5101750982913965,-0.5101750982913965,0.2550875491456982,0.2550875491456982,1.0203501965827928
2016-01-31,-0.004067536749436364,-0.004067536749436364,-0.02839733338974293,0.4645770656498947,0.0,0.0,-0.5101750982913965,-0.5101750982913965,-0.5101750982913965,0.10203501965827928,0.7142451376079549,0.7142451376079549
2016-02-29,0.011028125511268413,0.011028125511268413,0.009180555579225258,1.847505218007939,0.0,0.0,-0.5101750982913965,0.7142451376079549,0.10203501965827928,-0.5101750982913965,0.7142451376079549,-0.5101750982913965
2016-03-31,0.00200382918630454,0.00200382918630454,0.049592742907238474,2.3068810677840395,0.0,0.0,-0.5101750982913965,-0.5101750982913965,-0.5101750982913965,0.2550875491456982,0.2550875491456982,1.0203501965827928
2016-04-30,0.03812701806370365,0.03812701806370365,0.014708901082076453,2.491649320352562,0.0,0.0,-0.5101750982913965,0.7142451376079549,0.7142451376079549,-0.5101750982913965,-0.5101750982913965,0.10203501965827928
2016-05-31,-0.002575050712660178,-0.002575050712660178,-0.0029884054616847733,1.4544393950119037,0.0,0.0,-0.5101750982913964,0.5101750982913964,-0.5101750982913964,-0.5101750982913964,0.5101750982913964,0.5101750982913964
2016-06-30,0.02154227058096103,0.02154227058096103,0.010097108757903817,2.0289458712152637,0.0,0.0,-0.5101750982913965,0.7142451376079549,0.7142451376079549,0.10203501965827928,-0.5101750982913965,-0.5101750982913965
2016-07-31,0.009962148969487243,0.009962148969487243,0.025843908428442974,0.6500094975345807,0.0,0.0,-0.5101750982913965,0.7142451376079549,0.7142451376079549,-0.5101750982913965,0.10203501965827928,-0.5101750982913965
2016-08-31,-0.010713219715517901,-0.010713219715517901,-0.003043899843917175,1.4374459880801271,0.0,0.0,0.5101750982913964,-0.5101750982913964,0.5101750982913964,-0.5101750982913964,0.5101750982913964,-0.5101750982913964
2016-09-30,0.02256876981282758,0.02256876981282758,0.0061005113075989215,1.0256658513610604,0.0,0.0,-0.5101750982913964,0.5101750982913964,0.5101750982913964,-0.5101750982913964,0.5101750982913964,-0.5101750982913964
2016-10-31,0.016614758960921672,0.016614758960921672,-0.025700331619002204,1.0388771412869997,0.0,0.0,0.5101750982913964,-0.5101750982913964,0.5101750982913964,-0.5101750982913964,0.5101750982913964,-0.5101750982913964
2016-11-30,-0.06005583007030117,-0.06005583007030117,-0.011538708846773882,1.0432107653127565,0.0,0.0,-0.5101750982913964,-0.5101750982913964,0.7142451376079549,-0.5101750982913964,0.7142451376079549,0.10203501965827926
2016-12-31,-0.020261408066578186,-0.020261408066578186,0.011340675884709661,0.0637619394014228,0.0,0.0,-0.5101750982913964,-0.5101750982913964,0.7142451376079549,-0.5101750982913964,0.7142451376079549,0.10203501965827926
2017-01-31,0.010972354042508525,0.010972354042508525,0.01854035921840924,1.0029031824336976,0.0,0.0,-0.5101750982913964,-0.5101750982913964,0.5101750982913964,0.5101750982913964,0.5101750982913964,-0.5101750982913964
2017-02-28,0.03538523031771945,0.03538523031771945,0.018361285280297457,1.0242928123250485,0.0,0.0,-0.5101750982913964,-0.5101750982913964,0.7142451376079549,-0.5101750982913964,0.7142451376079549,0.10203501965827926
2017-03-31,0.003396769252198718,0.003396769252198718,0.007467651996981406,1.6928732761360301,0.0,0.0,-0.5101750982913965,-0.5101750982913965,-0.5101750982913965,1.0203501965827928,0.2550875491456982,0.2550875491456982
2017-04-30,-0.043757633022106925,-0.043757633022106925,0.014385420885825395,1.5419741505507807,0.0,0.0,-0.5101750982913964,-0.5101750982913964,0.10203501965827926,-0.5101750982913964,0.7142451376079549,0.7142451376079549
2017-05-31,-0.03903670624576608,-0.03903670624576608,0.020150785839515795,1.692081240904078,0.0,0.0,-0.5101750982913964,-0.5101750982913964,1.0203501965827926,0.25508754914569814,0.25508754914569814,-0.5101750982913964
2017-06-30,-0.007581438515810302,-0.007581438515810302,0.002022089092722723,1.7071478955664758,0.0,0.0,-0.5101750982913965,0.7142451376079552,0.1020350196582793,0.7142451376079552,-0.5101750982913965,-0.5101750982913965
2017-07-31,-0.04407808107438391,-0.04407808107438391,0.022005885679033055,2.4697414710460643,0.0,0.0,0.7142451376079549,-0.5101750982913965,0.10203501965827928,-0.5101750982913965,-0.5101750982913965,0.7142451376079549
2017-08-31,0.017098845230296433,0.017098845230296433,0.00584148243217264,2.0643040566187634,0.0,0.0,-0.5101750982913964,0.5101750982913964,-0.5101750982913964,-0.5101750982913964,0.5101750982913964,0.5101750982913964
2017-09-30,-0.015234523337052457,-0.015234523337052457,0.00906143931035297,0.01575740579043955,0.0,0.0,-0.5101750982913964,0.5101750982913964,-0.5101750982913964,-0.5101750982913964,0.5101750982913964,0.5101750982913964
2017-10-31,0.0005666846040102546,0.0005666846040102546,0.009645278270554725,1.0331538296567024,0.0,0.0,0.5101750982913964,0.5101750982913964,-0.5101750982913964,-0.5101750982913964,-0.5101750982913964,0.5101750982913964
2017-11-30,-0.016293470546722724,-0.016293470546722724,0.019164037216149454,2.432831925755466,0.0,0.0,-0.5101750982913964,-0.5101750982913964,-0.5101750982913964,0.7142451376079549,0.7142451376079549,0.10203501965827926
2017-12-31,0.008881975608589068,0.008881975608589068,0.009201129183511458,0.624570326164041,0.0,0.0,-0.5101750982913965,-0.5101750982913965,-0.5101750982913965,0.7142451376079549,0.10203501965827928,0.7142451376079549
2018-01-31,0.008559009848175977,0.008559009848175977,0.03921029056158454,0.6229837101418019,0.0,0.0021021013305981,-0.5101750982913965,-0.5101750982913965,0.10203501965827928,0.7142451376079549,-0.5101750982913965,0.7142451376079549
2018-02-28,-0.006556476719919442,-0.006556476719919442,-0.02834679728743905,1.8958620265625636,0.0,0.0019017109693872,-0.5101750982913965,0.7142451376079549,-0.5101750982913965,-0.5101750982913965,0.10203501965827928,0.7142451376079549
2018-03-31,0.011027510030200458,0.011027510030200458,-0.00728771115939475,1.42410941861967,0.0,0.0021021013305981,-0.5101750982913964,-0.5101750982913964,-0.5101750982913964,0.5101750982913964,0.5101750982913964,0.5101750982913964
2018-04-30,0.00385279409880981,0.00385279409880981,0.00014495789194790554,1.5409227639234047,0.0,0.0021021013305981,-0.5101750982913964,-0.5101750982913964,1.0203501965827926,-0.5101750982913964,0.25508754914569814,0.25508754914569814
2018-05-31,-0.010849582880063923,-0.010849582880063923,-0.00011321096188876556,1.216535671247085,0.0,0.0022023115407312,-0.5101750982913965,-0.5101750982913965,0.7142451376079549,0.7142451376079549,-0.5101750982913965,0.10203501965827928
2018-06-30,-0.02578684002419111,-0.02578684002419111,-0.0011180551899069302,1.683204831899244,0.0,0.0021021013305981,-0.5101750982913965,-0.5101750982913965,-0.5101750982913965,0.2550875491456982,0.2550875491456982,1.0203501965827928
2018-07-31,0.0028624186775900807,0.0028624186775900807,0.018197978960937222,0.760061828092319,0.0,0.0021021013305981,-0.5101750982913965,-0.5101750982913965,-0.5101750982913965,0.2550875491456982,1.0203501965827928,0.2550875491456982
2018-08-31,-0.023072071829650716,-0.023072071829650716,0.007470467098558142,0.7748358930688483,0.0,0.0023025317718852,-0.5101750982913965,-0.5101750982913965,-0.5101750982913965,0.2550875491456982,0.2550875491456982,1.0203501965827928
2018-09-30,0.021909098087948397,0.021909098087948397,0.00017961234171837148,0.46835505315417963,0.0,0.0019017109693872,-0.5101750982913965,-0.5101750982913965,-0.5101750982913965,0.10203501965827928,0.7142451376079549,0.7142451376079549
2018-10-31,0.016916799833959103,0.016916799833959103,-0.05089088896166527,2.438944586977219,0.0,0.0023025317718852,0.7142451376079549,-0.5101750982913965,0.7142451376079549,-0.5101750982913965,-0.5101750982913965,0.10203501965827928
2018-11-30,0.020963085775900666,0.020963085775900666,0.009277632377109324,2.0273305329714253,0.0,0.0021021013305981,0.5101750982913964,-0.5101750982913964,-0.5101750982913964,0.5101750982913964,0.5101750982913964,-0.5101750982913964
2018-12-31,0.015575468934143268,0.015575468934143268,-0.03862919025767331,2.30522160783428,0.0,0.0019017109693872,-0.5101750982913964,-0.5101750982913964,1.0203501965827926,-0.5101750982913964,0.25508754914569814,0.25508754914569814
2019-01-31,0.006431733439030904,0.006431733439030904,0.05281229176722513,1.5560878230917992,0.0,0.0021021013305981,0.5101750982913964,-0.5101750982913964,-0.5101750982913964,-0.5101750982913964,0.5101750982913964,0.5101750982913964
2019-02-28,-0.007286153133521702,-0.007286153133521702,0.015450365544845024,2.045385676358858,0.0,0.0019017109693872,-0.5101750982913964,0.10203501965827926,0.7142451376079549,-0.5101750982913964,-0.5101750982913964,0.7142451376079549
2019-03-31,-0.006787574427789328,-0.006787574427789328,0.013444374000768367,2.4376903777596386,0.0,0.0021021013305981,-0.5101750982913964,-0.5101750982913964,-0.5101750982913964,0.7142451376079549,0.7142451376079549,0.10203501965827926
2019-04-30,0.012630956915406435,0.012630956915406435,0.020777573931244575,1.4266147072080668,0.0,0.0021021013305981,-0.5101750982913964,-0.5101750982913964,0.5101750982913964,0.5101750982913964,-0.5101750982913964,0.5101750982913964
2019-05-31,-0.05570423837545017,-0.05570423837545017,-0.029996475949694235,1.4319456723326693,0.0,0.0022023115407312,-0.5101750982913964,-0.5101750982913964,-0.5101750982913964,0.7142451376079549,0.7142451376079549,0.10203501965827926
2019-06-30,-0.007347677164030487,-0.007347677164030487,0.04999135496314566,0.4044892311465762,0.0,0.0020019011404841,-0.5101750982913964,-0.5101750982913964,-0.5101750982913964,0.5101750982913964,0.5101750982913964,0.5101750982913964
2019-07-31,0.027205813014486595,0.027205813014486595,0.0015678813367745459,2.4650041298751013,0.0,0.0022023115407312,0.7142451376079549,-0.5101750982913965,0.7142451376079549,-0.5101750982913965,-0.5101750982913965,0.10203501965827928
2019-08-31,0.03352801456264405,0.03352801456264405,-0.002773893700075858,1.0193538398875128,0.0,0.0022023115407312,0.5101750982913964,0.5101750982913964,0.5101750982913964,-0.5101750982913964,-0.5101750982913964,-0.5101750982913964
2019-09-30,-0.021303852311379642,-0.021303852311379642,0.00862274153863729,1.0078161669658376,0.0,0.0020019011404841,0.7142451376079549,-0.5101750982913965,0.7142451376079549,-0.5101750982913965,-0.5101750982913965,0.10203501965827928
2019-10-31,-0.04081223949738569,-0.04081223949738569,0.018173240003715785,0.016112712714199853,0.0,0.0023025317718852,0.7142451376079549,-0.5101750982913965,0.7142451376079549,-0.5101750982913965,-0.5101750982913965,0.10203501965827928
2019-11-30,0.007471406146378629,0.007471406146378629,0.013750309234619396,2.4756603506188473,0.0,0.0020019011404841,-0.5101750982913964,-0.5101750982913964,-0.5101750982913964,0.7142451376079549,0.7142451376079549,0.10203501965827926
2019-12-31,0.0055796306001476195,0.0055796306001476195,0.020515276085801615,1.0163909047490451,0.0,0.0021021013305981,-0.5101750982913964,-0.5101750982913964,0.5101750982913964,0.5101750982913964,0.5101750982913964,-0.5101750982913964
2020-01-31,-0.006455228769193569,-0.006455228769193569,0.001923143953016515,1.4472549908830121,0.0,0.0021021013305981,-0.5101750982913965,-0.5101750982913965,-0.5101750982913965,0.7142451376079549,0.10203501965827928,0.7142451376079549
2020-02-29,-0.030608843684012732,-0.030608843684012732,-0.0506886868571228,0.46577859489885615,0.0,0.0019017109693872,-0.5101750982913965,-0.5101750982913965,-0.5101750982913965,1.0203501965827928,0.2550875491456982,0.2550875491456982
2020-03-31,0.006220370171253316,0.006220370171253316,-0.08414931867719855,1.207494778016997,0.0,0.0022023115407312,0.7142451376079549,-0.5101750982913965,-0.5101750982913965,0.7142451376079549,-0.5101750982913965,0.10203501965827928
2020-04-30,-0.03585513923964795,-0.03585513923964795,0.0697126065172946,1.4349880150188596,0.0,0.0,0.5101750982913964,-0.5101750982913964,0.5101750982913964,-0.5101750982913964,-0.5101750982913964,0.5101750982913964
2020-05-31,-0.010843834256458181,-0.010843834256458181,0.030710140853440704,0.4309751826145565,0.0,0.0,0.7142451376079549,-0.5101750982913965,0.7142451376079549,-0.5101750982913965,-0.5101750982913965,0.10203501965827928
2020-06-30,-0.005030374524060424,-0.005030374524060424,0.019168911234368036,1.2426436583859726,0.0,0.0,-0.5101750982913964,-0.5101750982913964,1.0203501965827926,-0.5101750982913964,0.25508754914569814,0.25508754914569814
2020-07-31,0.01565164385639736,0.01565164385639736,0.043781175312144205,2.2994891853248483,0.0,0.0,0.5101750982913964,0.5101750982913964,-0.5101750982913964,-0.5101750982913964,0.5101750982913964,-0.5101750982913964
2020-08-31,0.015316895821315273,0.015316895821315273,0.04069283072625751,1.0368596166099797,0.0,0.0,0.7142451376079549,-0.5101750982913964,-0.5101750982913964,-0.5101750982913964,0.7142451376079549,0.10203501965827926
2020-09-30,0.0012243575167699833,0.0012243575167699833,-0.022758643181454152,2.3205359701533688,0.0,0.0,-0.5101750982913964,-0.5101750982913964,1.0203501965827926,0.25508754914569814,0.25508754914569814,-0.5101750982913964
2020-10-31,-0.0008695103726543171,-0.0008695103726543171,-0.020080974124981332,1.553400043157154,0.0,0.0,-0.5101750982913965,-0.5101750982913965,-0.5101750982913965,1.0203501965827928,0.2550875491456982,0.2550875491456982
2020-11-30,-0.010018049749038485,-0.010018049749038485,0.0868150094360649,1.6847404254365224,0.0,0.0,-0.5101750982913965,-0.5101750982913965,0.7142451376079549,-0.5101750982913965,0.10203501965827928,0.7142451376079549
2020-12-31,-0.023508104113736113,-0.023508104113736113,0.03274153850777162,1.0459803839142434,0.0,0.0,0.5101750982913964,-0.5101750982913964,0.5101750982913964,-0.5101750982913964,-0.5101750982913964,0.5101750982913964
2021-01-31,0.0027641302891107276,0.0027641302891107276,-0.010730473811064067,1.0452782910612815,0.0,0.0,-0.5101750982913965,-0.5101750982913965,0.7142451376079549,-0.5101750982913965,0.10203501965827928,0.7142451376079549
2021-02-28,0.03333405277944087,0.03333405277944087,0.009075558981538112,1.4318585229500855,0.0,0.0,-0.5101750982913964,-0.5101750982913964,-0.5101750982913964,0.5101750982913964,0.5101750982913964,0.5101750982913964
2021-03-31,0.03754769335479416,0.03754769335479416,0.016089199073018756,0.41768551455181746,0.0,0.0,-0.5101750982913965,-0.5101750982913965,-0.5101750982913965,0.7142451376079549,0.10203501965827928,0.7142451376079549
2021-04-30,-0.020817106184315932,-0.020817106184315932,0.03584719411672821,0.640273508908183,0.0,0.0,-0.5101750982913964,-0.5101750982913964,-0.5101750982913964,0.7142451376079549,0.7142451376079549,0.10203501965827926
2021-05-31,0.01897214740976016,0.01897214740976016,0.013122096765466162,0.48054125412746207,0.0,0.0,-0.5101750982913965,-0.5101750982913965,-0.5101750982913965,1.0203501965827928,0.2550875491456982,0.2550875491456982
2021-06-30,0.0018097035513548335,0.0018097035513548335,0.007374803812440822,0.5307528929384544,0.0,0.0,-0.5101750982913964,-0.5101750982913964,-0.5101750982913964,0.5101750982913964,0.5101750982913964,0.5101750982913964
2021-07-31,-0.016603092623287602,-0.016603092623287602,0.01760951100907282,0.524776805192857,0.0,0.0,-0.5101750982913965,-0.5101750982913965,-0.5101750982913965,1.0203501965827928,0.2550875491456982,0.2550875491456982
2021-08-31,-0.001926278785089104,-0.001926278785089104,0.01595749429376836,1.23347672484958,0.0,0.0,-0.5101750982913965,0.7142451376079549,-0.5101750982913965,0.7142451376079549,-0.5101750982913965,0.10203501965827928
2021-09-30,0.004931038541285229,0.004931038541285229,-0.03557635104270762,1.4212561951634373,0.0,0.0,0.5101750982913964,-0.5101750982913964,-0.5101750982913964,0.5101750982913964,-0.5101750982913964,0.5101750982913964
2021-10-31,0.026584547065168357,0.026584547065168357,0.03874738575279579,1.0247595645983043,0.0,0.0,-0.5101750982913965,-0.5101750982913965,-0.5101750982913965,0.7142451376079549,0.10203501965827928,0.7142451376079549
2021-11-30,-0.02820643699957011,-0.02820643699957011,-0.01559509742998444,0.4259316159660268,0.0,0.0,-0.5101750982913964,-0.5101750982913964,-0.5101750982913964,0.5101750982913964,0.5101750982913964,0.5101750982913964
2021-12-31,0.024967566233616217,0.024967566233616217,0.028800877524167934,0.030629008900633303,0.0,0.0,-0.5101750982913964,-0.5101750982913964,-0.5101750982913964,0.5101750982913964,0.5101750982913964,0.5101750982913964
2022-01-31,0.0159711708823861,0.0159711708823861,-0.043852140977422516,1.4339673943121372,0.0,0.0,-0.5101750982913965,-0.5101750982913965,0.7142451376079549,-0.5101750982913965,0.10203501965827928,0.7142451376079549
2022-02-28,0.0045556295143560355,0.0045556295143560355,-0.02079213272012881,1.2320001346392337,0.0,0.0,-0.5101750982913965,-0.5101750982913965,-0.5101750982913965,0.7142451376079549,0.10203501965827928,0.7142451376079549
2022-03-31,0.0381519587523657,0.0381519587523657,0.010114456018452511,0.45658890439100186,0.0,0.0,-0.5101750982913965,-0.5101750982913965,-0.5101750982913965,0.2550875491456982,0.2550875491456982,1.0203501965827928
2022-04-30,0.009375733185455839,0.009375733185455839,-0.07606797032109003,0.4706840690549416,0.0,0.0,-0.5101750982913965,-0.5101750982913965,-0.5101750982913965,0.10203501965827928,0.7142451376079549,0.7142451376079549
2022-05-31,-0.0005195240549759762,-0.0005195240549759762,0.0009053489228965095,0.9978602547084706,0.0,0.0,0.5101750982913964,-0.5101750982913964,-0.5101750982913964,-0.5101750982913964,0.5101750982913964,0.5101750982913964
2022-06-30,0.018771209587864598,0.018771209587864598,-0.0708560470815901,1.2904406292561645,0.0,0.0,-0.5101750982913965,-0.5101750982913965,-0.5101750982913965,0.2550875491456982,0.2550875491456982,1.0203501965827928
2022-07-31,0.037357360408609284,0.037357360408609284,0.06156683195731194,1.5329059760015555,0.0,0.0,-0.5101750982913964,-0.5101750982913964,1.0203501965827926,0.25508754914569814,0.25508754914569814,-0.5101750982913964
2022-08-31,0.014840977799242986,0.014840977799242986,-0.04197742287120676,2.310570341565553,0.0,0.0023025317718852,1.0203501965827926,-0.5101750982913964,-0.5101750982913964,-0.5101750982913964,0.25508754914569814,0.25508754914569814
2022-09-30,-0.009960692166054708,-0.009960692166054708,-0.08077716558181447,1.2662558627652079,0.0,0.0021021013305981,0.5101750982913964,-0.5101750982913964,0.5101750982913964,-0.5101750982913964,0.5101750982913964,-0.5101750982913964
2022-10-31,0.01996570455925166,0.01996570455925166,0.049684400896506276,2.031747452818335,0.0,0.0021021013305981,-0.5101750982913964,-0.5101750982913964,-0.5101750982913964,0.5101750982913964,0.5101750982913964,0.5101750982913964
2022-11-30,-0.015382585227002064,-0.015382585227002064,0.0632949274687189,0.027026463491638897,0.0,0.0021021013305981,-0.5101750982913964,-0.5101750982913964,-0.5101750982913964,0.5101750982913964,0.5101750982913964,0.5101750982913964
2022-12-31,-0.014667352908731425,-0.014667352908731425,-0.03118080742051177,1.4867519183327416,0.0,0.0042084106495823,-0.5101750982913965,0.7142451376079549,-0.5101750982913965,0.7142451376079549,-0.5101750982913965,0.10203501965827928
2023-01-31,-0.011984478360789452,-0.011984478360789452,0.06015744663361566,1.0482378704966508,0.0,0.0040076091277567,0.5101750982913964,0.5101750982913964,-0.5101750982913964,0.5101750982913964,-0.5101750982913964,-0.5101750982913964
2023-02-28,0.0024382610720829877,0.0024382610720829877,-0.02624766754254282,2.065413649757665,0.0,0.0038068477582051,-0.5101750982913964,-0.5101750982913964,-0.5101750982913964,0.5101750982913964,0.5101750982913964,0.5101750982913964
2023-03-31,-0.020778045167571844,-0.020778045167571844,0.03336744682092352,0.053323176445496445,0.0,0.0046101341821787,-0.5101750982913964,-0.5101750982913964,-0.5101750982913964,0.5101750982913964,0.5101750982913964,0.5101750982913964
2023-04-30,-0.026495429464681773,-0.026495429464681773,0.01425795331698132,2.06557084052658,0.0,0.0038068477582051,-0.5101750982913964,0.5101750982913964,0.5101750982913964,-0.5101750982913964,-0.5101750982913964,0.5101750982913964
2023-05-31,-0.0030785825047951864,-0.0030785825047951864,-0.012549907078993505,1.0317724161121582,0.0,0.0044092523317122,-0.5101750982913964,0.5101750982913964,-0.5101750982913964,0.5101750982913964,-0.5101750982913964,0.5101750982913964
2023-06-30,0.04641807552179312,0.04641807552179312,0.044724939594467994,1.0296295664493542,0.0,0.0042084106495823,0.5101750982913964,0.5101750982913964,-0.5101750982913964,0.5101750982913964,-0.5101750982913964,-0.5101750982913964
2023-07-31,0.005220002155561381,0.005220002155561381,0.026140863029842087,0.035230369441878406,0.0,0.0040076091277567,0.5101750982913964,0.5101750982913964,-0.5101750982913964,0.5101750982913964,-0.5101750982913964,-0.5101750982913964
2023-08-31,0.02004718433244631,0.02004718433244631,-0.02106004274647133,0.018033924019105696,0.0,0.0046101341821787,0.5101750982913964,0.5101750982913964,-0.5101750982913964,0.5101750982913964,-0.5101750982913964,-0.5101750982913964
2023-09-30,-0.02406043230136775,-0.02406043230136775,-0.04014523288222893,1.0270641605127022,0.0,0.0040076091277567,0.7142451376079549,-0.5101750982913965,-0.5101750982913965,0.7142451376079549,0.10203501965827928,-0.5101750982913965
2023-10-31,0.02120988600431413,0.02120988600431413,-0.024304907831817157,0.9948973738533347,0.0,0.0044092523317122,0.5101750982913964,0.5101750982913964,-0.5101750982913964,0.5101750982913964,-0.5101750982913964,-0.5101750982913964
2023-11-30,0.009765788893311889,0.009765788893311889,0.08269054417887656,0.013179901561489404,0.0,0.0042084106495823,0.5101750982913964,0.5101750982913964,-0.5101750982913964,0.5101750982913964,-0.5101750982913964,-0.5101750982913964
2023-12-31,-0.009681904886040281,-0.009681904886040281,0.047599352723756816,0.04796451728703305,0.0,0.0040076091277567,0.5101750982913964,0.5101750982913964,-0.5101750982913964,0.5101750982913964,-0.5101750982913964,-0.5101750982913964
2024-01-31,0.0042494861295657126,0.0042494861295657126,0.005434845987593251,2.06832961465263,0.0,0.0042084106495823,-0.5101750982913964,1.0203501965827926,-0.5101750982913964,-0.5101750982913964,0.25508754914569814,0.25508754914569814
2024-02-29,0.0022929767977224293,0.0022929767977224293,0.029389424394766772,2.0275478176145585,0.0,0.0040076091277567,0.5101750982913964,0.5101750982913964,-0.5101750982913964,0.5101750982913964,-0.5101750982913964,-0.5101750982913964
2024-03-31,-0.009763251949559978,-0.009763251949559978,0.026225860369299747,1.0367135452405056,0.0,0.0040076091277567,0.7142451376079549,-0.5101750982913965,-0.5101750982913965,0.7142451376079549,-0.5101750982913965,0.10203501965827928
2024-04-30,0.004247120736942712,0.004247120736942712,-0.03427256211644758,1.0155044903512618,0.0,0.0044092523317122,0.5101750982913964,0.5101750982913964,-0.5101750982913964,0.5101750982913964,-0.5101750982913964,-0.5101750982913964
2024-05-31,0.01798568786907294,0.01798568786907294,0.037451525525697305,2.0435029187028912,0.0,0.0044092523317122,-0.5101750982913964,-0.5101750982913964,-0.5101750982913964,0.7142451376079549,0.7142451376079549,0.10203501965827926
2024-06-30,0.013506404092443984,0.013506404092443984,0.016016917162647637,0.4333224016817904,0.0,0.0038068477582051,-0.5101750982913964,-0.5101750982913964,-0.5101750982913964,0.5101750982913964,0.5101750982913964,0.5101750982913964
2024-07-31,-0.04566359256242841,-0.04566359256242841,0.02022608987075425,1.0242521569176917,0.0,0.0044092523317122,-0.5101750982913964,0.5101750982913964,-0.5101750982913964,0.5101750982913964,0.5101750982913964,-0.5101750982913964
2024-08-31,0.013854507820020815,0.013854507820020815,0.025969282459610055,1.0562326547332055,0.0,0.0044092523317122,0.5101750982913964,-0.5101750982913964,-0.5101750982913964,0.5101750982913964,0.5101750982913964,-0.5101750982913964
2024-09-30,0.00034012302632607273,0.00034012302632607273,0.01825555584492733,2.4845701368509863,0.0,0.0040076091277567,-0.5101750982913965,0.7142451376079549,0.7142451376079549,0.10203501965827928,-0.5101750982913965,-0.5101750982913965
2024-10-31,-0.006531509307589362,-0.006531509307589362,-0.022894609071048344,2.4627822194757054,0.0,0.0046101341821787,-0.5101750982913964,-0.5101750982913964,-0.5101750982913964,0.7142451376079549,0.7142451376079549,0.10203501965827926
2024-11-30,-4.155429888958329e-05,-4.155429888958329e-05,0.03678141774409904,0.4832162690248179,0.0,0.0040076091277567,-0.5101750982913965,-0.5101750982913965,-0.5101750982913965,1.0203501965827928,0.2550875491456982,0.2550875491456982
2024-12-31,0.020869530134145473,0.020869530134145473,-0.025150331305122453,0.02642319588887468,0.0,0.0042084106495823,-0.5101750982913965,-0.5101750982913965,-0.5101750982913965,1.0203501965827928,0.2550875491456982,0.2550875491456982
2025-01-31,0.0016909072732772502,0.0016909072732772502,0.029060556762169565,1.2084563179345604,0.0,0.0040076091277567,-0.5101750982913965,-0.5101750982913965,0.7142451376079549,0.7142451376079549,-0.5101750982913965,0.10203501965827928
2025-02-28,-0.008546178963145381,-0.008546178963145381,-0.0025954986908064415,1.4315900320053836,0.0,0.0038068477582051,-0.5101750982913964,-0.5101750982913964,-0.5101750982913964,0.5101750982913964,0.5101750982913964,0.5101750982913964
2025-03-31,-0.03945051317087622,-0.03945051317087622,-0.03333767823768108,1.0334207053950453,0.0,0.0042084106495823,-0.5101750982913964,-0.5101750982913964,0.5101750982913964,-0.5101750982913964,0.5101750982913964,0.5101750982913964
2025-04-30,-0.015481712220152804,-0.015481712220152804,0.014553129707437495,1.4520790995798127,0.0,0.0042084106495823,-0.5101750982913965,-0.5101750982913965,0.7142451376079549,0.7142451376079549,-0.5101750982913965,0.10203501965827928
2025-05-31,0.017713135719108267,0.017713135719108267,0.045231751092217776,1.2641314835613604,0.0,0.0042084106495823,-0.5101750982913965,-0.5101750982913965,-0.5101750982913965,1.0203501965827928,0.2550875491456982,0.2550875491456982
2025-06-30,-0.004756153004383505,-0.004756153004383505,0.03827306369136396,2.4525569569709647,0.0,0.0040076091277567,-0.5101750982913965,0.7142451376079549,0.7142451376079549,0.10203501965827928,-0.5101750982913965,-0.5101750982913965
2025-07-31,0.005924586808146938,0.005924586808146938,0.006737052399438559,2.4750636674231674,0.0,0.0044092523317122,0.7142451376079549,-0.5101750982913965,-0.5101750982913965,0.7142451376079549,-0.5101750982913965,0.10203501965827928
2025-08-31,0.0030431772567115394,0.0030431772567115394,0.02384049296070212,1.0061367633031468,0.0,0.0016666666666666668,0.5101750982913964,0.5101750982913964,-0.5101750982913964,0.5101750982913964,-0.5101750982913964,-0.5101750982913964
2025-09-30,0.0037214098974687527,0.0037214098974687527,0.027308758035071934,1.03014352005794,0.0,0.0016666666666666668,0.7142451376079549,0.7142451376079549,-0.5101750982913965,-0.5101750982913965,-0.5101750982913965,0.10203501965827928
2025-10-31,0.00021702195102085633,0.00021702195102085633,0.015762588192335114,1.0252983515024816,0.0,0.0016666666666666668,0.5101750982913964,0.5101750982913964,-0.5101750982913964,0.5101750982913964,-0.5101750982913964,-0.5101750982913964
