Date,ret_net,ret_gross,ret_bm,turnover,tcost,ret_rf,w_EU_Bd,w_JP_Bd,w_AU_Bd,w_US_Bd,w_CH_Bd,w_EM_Bd,w_UK_Bd
1999-03-31,-0.008122830701355643,-0.008122830701355643,0.04283066617532372,0.0,0.0,0.0016666666666666668,-0.5863658873768571,-0.5863658873768571,-0.5863658873768571,0.7818211831691428,0.7818211831691428,0.09772764789614286,0.09772764789614286
1999-04-30,0.02969644143340153,0.02969644143340153,0.0395547340779856,1.3827305249750235,0.0,0.0016666666666666668,-0.5863658873768571,0.7818211831691428,-0.5863658873768571,-0.5863658873768571,0.7818211831691428,0.09772764789614286,0.09772764789614286
1999-05-31,0.025883623510197816,0.025883623510197816,-0.034399748399274066,0.5474264437197792,0.0,0.0016666666666666668,-0.5863658873768574,1.055458597278343,-0.5863658873768574,-0.5863658873768574,0.2345463549507429,0.2345463549507429,0.2345463549507429
1999-06-30,0.010155490102045552,0.010155490102045552,0.04765170343448211,1.5280641629329867,0.0,0.0016666666666666668,-0.5863658873768572,0.5863658873768572,-0.5863658873768572,0.5863658873768572,0.5863658873768572,0.0,-0.5863658873768572
1999-07-31,0.004043128485028995,0.004043128485028995,-0.0032163690320224925,1.1926266308883136,0.0,0.0016666666666666668,-0.5863658873768571,0.7818211831691428,-0.5863658873768571,-0.5863658873768571,0.7818211831691428,0.09772764789614286,0.09772764789614286
1999-08-31,0.0025330099197000606,0.0025330099197000606,-0.0013878459771211604,0.013861480099733522,0.0,0.0016666666666666668,-0.5863658873768571,0.7818211831691428,-0.5863658873768571,-0.5863658873768571,0.7818211831691428,0.09772764789614286,0.09772764789614286
1999-09-30,0.0007199377204090461,0.0007199377204090461,-0.009399954061683258,0.5501626693026405,0.0,0.0016666666666666668,-0.5863658873768574,1.055458597278343,-0.5863658873768574,-0.5863658873768574,0.2345463549507429,0.2345463549507429,0.2345463549507429
1999-10-31,0.03210311159581482,0.03210311159581482,0.05158916586106033,1.6515676224452418,0.0,0.0016666666666666668,-0.5863658873768575,-0.5863658873768575,-0.5863658873768575,0.23454635495074297,0.23454635495074297,0.23454635495074297,1.0554585972783432
1999-11-30,0.03230789993879974,0.03230789993879974,0.028166617324002052,2.736869458471631,0.0,0.0016666666666666668,-0.5863658873768571,0.7818211831691428,0.7818211831691428,-0.5863658873768571,-0.5863658873768571,0.09772764789614286,0.09772764789614286
1999-12-31,-0.01167907941102618,-0.01167907941102618,0.08096890181306127,2.7519235759442395,0.0,0.0016666666666666668,-0.5863658873768574,-0.5863658873768574,-0.5863658873768574,0.7818211831691431,0.09772764789614288,0.09772764789614288,0.7818211831691431
2000-01-31,0.03860636939572379,0.03860636939572379,-0.057715734082967374,2.8376448281276234,0.0,0.0016666666666666668,-0.5863658873768572,0.5863658873768572,0.5863658873768572,-0.5863658873768572,0.5863658873768572,0.0,-0.5863658873768572
2000-02-29,-0.02235933745741628,-0.02235933745741628,0.002762519062270874,1.530685014802022,0.0,0.0016666666666666668,-0.5863658873768574,1.055458597278343,-0.5863658873768574,-0.5863658873768574,0.2345463549507429,0.2345463549507429,0.2345463549507429
2000-03-31,-0.019559360016423208,-0.019559360016423208,0.06991860629688929,0.011537076947602934,0.0,0.0016666666666666668,-0.5863658873768574,1.055458597278343,-0.5863658873768574,-0.5863658873768574,0.2345463549507429,0.2345463549507429,0.2345463549507429
2000-04-30,0.03866259230825701,0.03866259230825701,-0.04189354443008353,1.384682806418809,0.0,0.0016666666666666668,-0.5863658873768571,0.7818211831691428,0.7818211831691428,-0.5863658873768571,-0.5863658873768571,0.09772764789614286,0.09772764789614286
2000-05-31,-0.011268750907541779,-0.011268750907541779,-0.0240841056576665,1.3846531643723992,0.0,0.0016666666666666668,-0.5863658873768571,0.7818211831691428,-0.5863658873768571,0.7818211831691428,-0.5863658873768571,0.09772764789614286,0.09772764789614286
2000-06-30,-0.017565227916021664,-0.017565227916021664,0.034036034612150434,1.3738214459997709,0.0,0.0016666666666666668,-0.5863658873768574,1.055458597278343,-0.5863658873768574,-0.5863658873768574,0.2345463549507429,0.2345463549507429,0.2345463549507429
2000-07-31,0.029119194442605384,0.029119194442605384,-0.028303681231480637,2.359655117539207,0.0,0.0016666666666666668,-0.5863658873768572,0.5863658873768572,0.5863658873768572,0.5863658873768572,-0.5863658873768572,0.0,-0.5863658873768572
2000-08-31,0.07267106309662635,0.07267106309662635,0.03308973207497812,1.1864906649951021,0.0,0.0016666666666666668,-0.5863658873768571,-0.5863658873768571,0.7818211831691428,0.7818211831691428,0.09772764789614286,0.09772764789614286,-0.5863658873768571
2000-09-30,-0.013641053871167218,-0.013641053871167218,-0.053066579706538164,1.3965720808361703,0.0,0.0016666666666666668,-0.5863658873768571,0.7818211831691428,-0.5863658873768571,0.7818211831691428,0.09772764789614286,0.09772764789614286,-0.5863658873768571
2000-10-31,0.03308108362279395,0.03308108362279395,-0.01708632889252326,1.3830892033456155,0.0,0.0016666666666666668,-0.5863658873768574,-0.5863658873768574,0.09772764789614288,0.7818211831691431,0.7818211831691431,0.09772764789614288,-0.5863658873768574
2000-11-30,-0.00908088438824746,-0.00908088438824746,-0.0606601940442153,1.6819727762394237,0.0,0.0016666666666666668,-0.5863658873768572,0.5863658873768572,0.5863658873768572,0.5863658873768572,-0.5863658873768572,0.0,-0.5863658873768572
2000-12-31,-0.07820208109551624,-0.07820208109551624,0.01591946220662588,0.029244199003937432,0.0,0.0016666666666666668,-0.5863658873768572,0.5863658873768572,0.5863658873768572,0.5863658873768572,-0.5863658873768572,0.0,-0.5863658873768572
2001-01-31,0.025284204513845488,0.025284204513845488,0.019407621548701348,0.050306427453792324,0.0,0.0016666666666666668,-0.5863658873768572,0.5863658873768572,0.5863658873768572,0.5863658873768572,-0.5863658873768572,0.0,-0.5863658873768572
2001-02-28,0.011649576506562424,0.011649576506562424,-0.08428769373237754,1.1870448012841797,0.0,0.0016666666666666668,-0.5863658873768572,-0.5863658873768572,0.5863658873768572,0.5863658873768572,0.5863658873768572,0.0,-0.5863658873768572
2001-03-31,0.03469219830053846,0.03469219830053846,-0.0655272686679571,0.49383842761508184,0.0,0.0016666666666666668,-0.5863658873768571,-0.5863658873768571,0.7818211831691428,0.7818211831691428,0.09772764789614286,0.09772764789614286,-0.5863658873768571
2001-04-30,-0.004584302052177032,-0.004584302052177032,0.07430005225069602,0.020648041100586725,0.0,0.0016666666666666668,-0.5863658873768571,-0.5863658873768571,0.7818211831691428,0.7818211831691428,0.09772764789614286,0.09772764789614286,-0.5863658873768571
2001-05-31,0.04623330266369777,0.04623330266369777,-0.012220869933740608,1.6622053482352253,0.0,0.0016666666666666668,-0.5863658873768572,0.5863658873768572,-0.5863658873768572,0.5863658873768572,0.5863658873768572,0.0,-0.5863658873768572
2001-06-30,0.007472964991051341,0.007472964991051341,-0.030863021105020816,0.5069464685868487,0.0,0.0016666666666666668,-0.5863658873768571,0.7818211831691428,-0.5863658873768571,0.7818211831691428,0.09772764789614286,0.09772764789614286,-0.5863658873768571
2001-07-31,-0.04628371970484435,-0.04628371970484435,-0.013128855292933617,0.689914164133121,0.0,0.0016666666666666668,-0.5863658873768574,0.7818211831691431,-0.5863658873768574,0.09772764789614288,0.7818211831691431,0.09772764789614288,-0.5863658873768574
2001-08-31,-0.04347617754238568,-0.04347617754238568,-0.047819612566213254,0.5102982985923363,0.0,0.0016666666666666668,-0.5863658873768572,0.5863658873768572,-0.5863658873768572,0.5863658873768572,0.5863658873768572,0.0,-0.5863658873768572
2001-09-30,0.023446201729084203,0.023446201729084203,-0.08808865963568435,1.1946396605965413,0.0,0.0016666666666666668,-0.5863658873768571,-0.5863658873768571,-0.5863658873768571,0.7818211831691428,0.7818211831691428,0.09772764789614286,0.09772764789614286
2001-10-31,0.01766606638361155,0.01766606638361155,0.019328349104505538,0.5389973544107141,0.0,0.0016666666666666668,-0.5863658873768574,-0.5863658873768574,-0.5863658873768574,1.055458597278343,0.2345463549507429,0.2345463549507429,0.2345463549507429
2001-11-30,-0.025121781743404258,-0.025121781743404258,0.05942339866912216,0.02819276330243775,0.0,0.0016666666666666668,-0.5863658873768574,-0.5863658873768574,-0.5863658873768574,1.055458597278343,0.2345463549507429,0.2345463549507429,0.2345463549507429
2001-12-31,0.006892296987302956,0.006892296987302956,0.00642655739927922,0.6157603398139886,0.0,0.0016666666666666668,-0.5863658873768574,-0.5863658873768574,-0.5863658873768574,0.43977441553264307,0.43977441553264307,0.43977441553264307,0.43977441553264307
2002-01-31,0.012743663056334079,0.012743663056334079,-0.030179445422376716,1.488240914354234,0.0,0.0016666666666666668,-0.5863658873768572,0.5863658873768572,-0.5863658873768572,0.5863658873768572,0.5863658873768572,0.0,-0.5863658873768572
2002-02-28,0.007820162876214847,0.007820162876214847,-0.008483058878764771,0.015172768604572229,0.0,0.0016666666666666668,-0.5863658873768572,0.5863658873768572,-0.5863658873768572,0.5863658873768572,0.5863658873768572,0.0,-0.5863658873768572
2002-03-31,0.004871136987982987,0.004871136987982987,0.04461351842869887,1.181936222054683,0.0,0.0016666666666666668,-0.5863658873768572,0.5863658873768572,0.5863658873768572,0.5863658873768572,-0.5863658873768572,0.0,-0.5863658873768572
2002-04-30,-0.018794504970457877,-0.018794504970457877,-0.0335688321381763,1.1861156385490526,0.0,0.0016666666666666668,-0.5863658873768571,0.7818211831691428,-0.5863658873768571,0.7818211831691428,0.09772764789614286,0.09772764789614286,-0.5863658873768571
2002-05-31,-0.010723763351683919,-0.010723763351683919,0.0023893474624039346,0.7224302534281316,0.0,0.0016666666666666668,-0.5863658873768571,0.7818211831691428,-0.5863658873768571,0.7818211831691428,-0.5863658873768571,0.09772764789614286,0.09772764789614286
2002-06-30,-0.017564370511876808,-0.017564370511876808,-0.06034842407994079,1.376180881429748,0.0,0.0016666666666666668,-0.5863658873768574,-0.5863658873768574,-0.5863658873768574,1.055458597278343,0.2345463549507429,0.2345463549507429,0.2345463549507429
2002-07-31,0.001405133329031881,0.001405133329031881,-0.08406593142693564,1.4144096329669749,0.0,0.0016666666666666668,-0.5863658873768571,0.7818211831691428,-0.5863658873768571,0.7818211831691428,0.09772764789614286,0.09772764789614286,-0.5863658873768571
2002-08-31,-0.003917978974696588,-0.003917978974696588,0.002190545928051124,1.735649273197305,0.0,0.0016666666666666668,-0.5863658873768574,-0.5863658873768574,-0.5863658873768574,0.43977441553264307,0.43977441553264307,0.43977441553264307,0.43977441553264307
2002-09-30,0.023704713498086796,0.023704713498086796,-0.10964976491617318,0.016926967063394277,0.0,0.0016666666666666668,-0.5863658873768574,-0.5863658873768574,-0.5863658873768574,0.43977441553264307,0.43977441553264307,0.43977441553264307,0.43977441553264307
2002-10-31,-0.012694967558883335,-0.012694967558883335,0.07398839582541217,0.0323611598336217,0.0,0.0016666666666666668,-0.5863658873768574,-0.5863658873768574,-0.5863658873768574,0.43977441553264307,0.43977441553264307,0.43977441553264307,0.43977441553264307
2002-11-30,-0.024026865493454706,-0.024026865493454706,0.05413744826486555,0.6205157599290626,0.0,0.0016666666666666668,-0.5863658873768574,-0.5863658873768574,-0.5863658873768574,1.055458597278343,0.2345463549507429,0.2345463549507429,0.2345463549507429
2002-12-31,-0.04562780382512335,-0.04562780382512335,-0.04821259386869514,1.6364292290940394,0.0,0.0016666666666666668,-0.5863658873768574,1.055458597278343,-0.5863658873768574,-0.5863658873768574,0.2345463549507429,0.2345463549507429,0.2345463549507429
2003-01-31,0.013069326878964338,0.013069326878964338,-0.030203629213024774,1.564353755532368,0.0,0.0016666666666666668,0.5863658873768572,0.5863658873768572,-0.5863658873768572,-0.5863658873768572,0.5863658873768572,0.0,-0.5863658873768572
2003-02-28,-0.015836442044021612,-0.015836442044021612,-0.017100825067233427,2.5099994392189804,0.0,0.0016666666666666668,-0.5863658873768574,-0.5863658873768574,-0.5863658873768574,0.43977441553264307,0.43977441553264307,0.43977441553264307,0.43977441553264307
2003-03-31,0.009136612965804874,0.009136612965804874,-0.0026226145839067794,2.5138096943204093,0.0,0.0016666666666666668,0.5863658873768572,0.5863658873768572,-0.5863658873768572,-0.5863658873768572,-0.5863658873768572,0.0,0.5863658873768572
2003-04-30,-0.023826823773677192,-0.023826823773677192,0.08943709722386362,3.5129964225085564,0.0,0.0016666666666666668,-0.5863658873768574,-0.5863658873768574,1.055458597278343,0.2345463549507429,0.2345463549507429,0.2345463549507429,-0.5863658873768574
2003-05-31,0.03160420450924539,0.03160420450924539,0.057688236985301566,2.707434130320561,0.0,0.0016666666666666668,0.5863658873768572,0.5863658873768572,-0.5863658873768572,0.5863658873768572,-0.5863658873768572,0.0,-0.5863658873768572
2003-06-30,-0.026287169136264592,-0.026287169136264592,0.01776222084265333,0.05811717760730156,0.0,0.0016666666666666668,0.5863658873768572,0.5863658873768572,-0.5863658873768572,0.5863658873768572,-0.5863658873768572,0.0,-0.5863658873768572
2003-07-31,-0.022577920929871122,-0.022577920929871122,0.020512262629590827,2.4718131527239144,0.0,0.0016666666666666668,-0.5863658873768574,-0.5863658873768574,-0.5863658873768574,0.43977441553264307,0.43977441553264307,0.43977441553264307,0.43977441553264307
2003-08-31,0.01875876321169171,0.01875876321169171,0.021888402965644538,1.719769116247751,0.0,0.0016666666666666668,-0.5863658873768574,-0.5863658873768574,0.7818211831691431,0.09772764789614288,-0.5863658873768574,0.09772764789614288,0.7818211831691431
2003-09-30,-0.001350431335397563,-0.001350431335397563,0.006417857465833121,3.490482985931943,0.0,0.0016666666666666668,0.5863658873768572,0.5863658873768572,-0.5863658873768572,-0.5863658873768572,0.5863658873768572,0.0,-0.5863658873768572
2003-10-31,-0.008761390595857444,-0.008761390595857444,0.05954996555340464,2.7596739739599165,0.0,0.0016666666666666668,-0.5863658873768574,-0.5863658873768574,-0.5863658873768574,1.055458597278343,0.2345463549507429,0.2345463549507429,0.2345463549507429
2003-11-30,0.022628881320404484,0.022628881320404484,0.015464238130071362,1.6272539563819843,0.0,0.0016666666666666668,1.055458597278343,-0.5863658873768574,-0.5863658873768574,-0.5863658873768574,0.2345463549507429,0.2345463549507429,0.2345463549507429
2003-12-31,0.062451663860696754,0.062451663860696754,0.06307386184068275,1.5396274902424363,0.0,0.0016666666666666668,0.5863658873768572,-0.5863658873768572,-0.5863658873768572,0.5863658873768572,-0.5863658873768572,0.0,0.5863658873768572
2004-01-31,0.010158550492977458,0.010158550492977458,0.016268081395822698,0.04526130406840462,0.0,0.0016666666666666668,0.5863658873768572,-0.5863658873768572,-0.5863658873768572,0.5863658873768572,-0.5863658873768572,0.0,0.5863658873768572
2004-02-29,0.026670699803575948,0.026670699803575948,0.017137692048866615,0.012180505704818545,0.0,0.0016666666666666668,0.5863658873768572,-0.5863658873768572,-0.5863658873768572,0.5863658873768572,-0.5863658873768572,0.0,0.5863658873768572
2004-03-31,0.0018405180607569231,0.0018405180607569231,-0.006169388154118716,0.027891145724700306,0.0,0.0016666666666666668,0.5863658873768572,-0.5863658873768572,-0.5863658873768572,0.5863658873768572,-0.5863658873768572,0.0,0.5863658873768572
2004-04-30,-0.01798375003245244,-0.01798375003245244,-0.01991522122902567,1.658577110385905,0.0,0.0016666666666666668,-0.5863658873768571,-0.5863658873768571,-0.5863658873768571,0.7818211831691428,0.7818211831691428,0.09772764789614286,0.09772764789614286
2004-05-31,-0.015543870303287327,-0.015543870303287327,0.009812273395206184,0.037590671884055224,0.0,0.0016666666666666668,-0.5863658873768571,-0.5863658873768571,-0.5863658873768571,0.7818211831691428,0.7818211831691428,0.09772764789614286,0.09772764789614286
2004-06-30,0.005026248944373328,0.005026248944373328,0.02104043991082194,0.009730053655451786,0.0,0.0016666666666666668,-0.5863658873768571,-0.5863658873768571,-0.5863658873768571,0.7818211831691428,0.7818211831691428,0.09772764789614286,0.09772764789614286
2004-07-31,-0.012870184332637107,-0.012870184332637107,-0.03235879666863162,2.7427515502287774,0.0,0.0016666666666666668,0.7818211831691431,-0.5863658873768574,0.09772764789614288,-0.5863658873768574,-0.5863658873768574,0.09772764789614288,0.7818211831691431
2004-08-31,0.02194869836528101,0.02194869836528101,0.004874635144669792,1.377204874808485,0.0,0.0016666666666666668,0.7818211831691428,-0.5863658873768571,-0.5863658873768571,0.7818211831691428,-0.5863658873768571,0.09772764789614286,0.09772764789614286
2004-09-30,-0.010060730333454275,-0.010060730333454275,0.01940799002272464,1.4017849427276488,0.0,0.0016666666666666668,-0.5863658873768574,-0.5863658873768574,-0.5863658873768574,0.7818211831691431,0.09772764789614288,0.09772764789614288,0.7818211831691431
2004-10-31,-0.006116249494621202,-0.006116249494621202,0.02462376888283191,0.6990449977582425,0.0,0.0016666666666666668,-0.5863658873768574,-0.5863658873768574,-0.5863658873768574,0.43977441553264307,0.43977441553264307,0.43977441553264307,0.43977441553264307
2004-11-30,-0.014495084173377228,-0.014495084173377228,0.05302557940569641,0.02059717814871187,0.0,0.0016666666666666668,-0.5863658873768574,-0.5863658873768574,-0.5863658873768574,0.43977441553264307,0.43977441553264307,0.43977441553264307,0.43977441553264307
2004-12-31,-0.008064586947088065,-0.008064586947088065,0.03848580293450343,0.03460054560156356,0.0,0.0016666666666666668,-0.5863658873768574,-0.5863658873768574,-0.5863658873768574,0.43977441553264307,0.43977441553264307,0.43977441553264307,0.43977441553264307
2005-01-31,0.010341447468624108,0.010341447468624108,-0.022300451066896376,1.6602983005422143,0.0,0.0016666666666666668,-0.5863658873768574,-0.5863658873768574,1.055458597278343,-0.5863658873768574,0.2345463549507429,0.2345463549507429,0.2345463549507429
2005-02-28,0.015637280784339132,0.015637280784339132,0.032206314852564866,2.6955974193844674,0.0,0.0016666666666666668,0.5863658873768572,0.5863658873768572,-0.5863658873768572,-0.5863658873768572,-0.5863658873768572,0.0,0.5863658873768572
2005-03-31,0.024136804438101192,0.024136804438101192,-0.01889191673221524,1.6705176321721773,0.0,0.0016666666666666668,-0.5863658873768571,0.7818211831691428,-0.5863658873768571,-0.5863658873768571,0.7818211831691428,0.09772764789614286,0.09772764789614286
2005-04-30,0.012513180294451537,0.012513180294451537,-0.021076162438751322,2.059283964903113,0.0,0.0016666666666666668,0.7818211831691431,-0.5863658873768574,-0.5863658873768574,-0.5863658873768574,0.09772764789614288,0.09772764789614288,0.7818211831691431
2005-05-31,0.015389771662125372,0.015389771662125372,0.01859648726212315,2.0748945540089556,0.0,0.0016666666666666668,-0.5863658873768571,0.7818211831691428,-0.5863658873768571,-0.5863658873768571,0.7818211831691428,0.09772764789614286,0.09772764789614286
2005-06-30,-0.0009939457486697208,-0.0009939457486697208,0.009131850633003147,1.729577483883506,0.0,0.0016666666666666668,-0.5863658873768574,-0.5863658873768574,-0.5863658873768574,0.43977441553264307,0.43977441553264307,0.43977441553264307,0.43977441553264307
2005-07-31,0.008436073642082544,0.008436073642082544,0.0352166377963834,1.7127474086609316,0.0,0.0016666666666666668,-0.5863658873768571,-0.5863658873768571,0.7818211831691428,0.7818211831691428,0.09772764789614286,0.09772764789614286,-0.5863658873768571
2005-08-31,-0.031535188524218355,-0.031535188524218355,0.008109666139810345,1.1716769211958646,0.0,0.0016666666666666668,-0.5863658873768572,0.5863658873768572,0.5863658873768572,0.5863658873768572,-0.5863658873768572,0.0,-0.5863658873768572
2005-09-30,0.027058215257954564,0.027058215257954564,0.026295678599188133,2.3701547272045995,0.0,0.0016666666666666668,-0.5863658873768571,-0.5863658873768571,0.7818211831691428,-0.5863658873768571,0.7818211831691428,0.09772764789614286,0.09772764789614286
2005-10-31,-0.009755705142329358,-0.009755705142329358,-0.024075703741404775,1.1695742949872376,0.0,0.0016666666666666668,0.5863658873768572,-0.5863658873768572,0.5863658873768572,-0.5863658873768572,0.5863658873768572,0.0,-0.5863658873768572
2005-11-30,0.0002901326683687174,0.0002901326683687174,0.033961616946174056,1.5192532111003247,0.0,0.0016666666666666668,-0.5863658873768574,-0.5863658873768574,1.055458597278343,-0.5863658873768574,0.2345463549507429,0.2345463549507429,0.2345463549507429
2005-12-31,-0.003416456663972129,-0.003416456663972129,0.0224252729944332,1.8878519064919324,0.0,0.0016666666666666668,-0.5863658873768572,0.5863658873768572,-0.5863658873768572,-0.5863658873768572,0.5863658873768572,0.0,0.5863658873768572
2006-01-31,-0.04096861968561716,-0.04096861968561716,0.04483748566216139,1.6762976565944467,0.0,0.0016666666666666668,-0.5863658873768571,0.7818211831691428,-0.5863658873768571,0.7818211831691428,0.09772764789614286,0.09772764789614286,-0.5863658873768571
2006-02-28,0.021501481498306156,0.021501481498306156,-0.000999797041999262,1.6717084013183297,0.0,0.0016666666666666668,-0.5863658873768572,0.5863658873768572,0.5863658873768572,-0.5863658873768572,0.5863658873768572,0.0,-0.5863658873768572
2006-03-31,0.010086926575598305,0.010086926575598305,0.02255414431463776,2.3321976971393177,0.0,0.0016666666666666668,0.5863658873768572,-0.5863658873768572,0.5863658873768572,-0.5863658873768572,-0.5863658873768572,0.0,0.5863658873768572
2006-04-30,-0.015749159453226993,-0.015749159453226993,0.030871140190167345,1.655823447768391,0.0,0.0016666666666666668,-0.5863658873768571,-0.5863658873768571,0.7818211831691428,-0.5863658873768571,0.7818211831691428,0.09772764789614286,0.09772764789614286
2006-05-31,-0.00618368592788503,-0.00618368592788503,-0.03322686002788433,0.5543319522452308,0.0,0.0016666666666666668,-0.5863658873768574,-0.5863658873768574,1.055458597278343,-0.5863658873768574,0.2345463549507429,0.2345463549507429,0.2345463549507429
2006-06-30,-0.023644188708577485,-0.023644188708577485,0.00016917642886471462,1.9212126379443915,0.0,0.0016666666666666668,0.7818211831691431,-0.5863658873768574,-0.5863658873768574,-0.5863658873768574,0.09772764789614288,0.09772764789614288,0.7818211831691431
2006-07-31,0.017317414691823563,0.017317414691823563,0.006500453645624127,0.014933136387294405,0.0,0.0016666666666666668,0.7818211831691431,-0.5863658873768574,-0.5863658873768574,-0.5863658873768574,0.09772764789614288,0.09772764789614288,0.7818211831691431
2006-08-31,0.01011814479175255,0.01011814479175255,0.026565280250777423,0.016913937038870445,0.0,0.0016666666666666668,0.7818211831691431,-0.5863658873768574,-0.5863658873768574,-0.5863658873768574,0.09772764789614288,0.09772764789614288,0.7818211831691431
2006-09-30,-0.02237327559932037,-0.02237327559932037,0.012300178675419104,0.02701809427495476,0.0,0.0016666666666666668,0.7818211831691431,-0.5863658873768574,-0.5863658873768574,-0.5863658873768574,0.09772764789614288,0.09772764789614288,0.7818211831691431
2006-10-31,0.019391597917005076,0.019391597917005076,0.036921223069855014,0.01190927499641508,0.0,0.0016666666666666668,0.7818211831691431,-0.5863658873768574,-0.5863658873768574,-0.5863658873768574,0.09772764789614288,0.09772764789614288,0.7818211831691431
2006-11-30,-0.016229532171383527,-0.016229532171383527,0.025043929226053807,1.925025290757097,0.0,0.0016666666666666668,-0.5863658873768574,1.055458597278343,-0.5863658873768574,-0.5863658873768574,0.2345463549507429,0.2345463549507429,0.2345463549507429
2006-12-31,-0.024545685977565908,-0.024545685977565908,0.020609772745839194,2.7127375459977796,0.0,0.0016666666666666668,0.5863658873768572,-0.5863658873768572,-0.5863658873768572,0.5863658873768572,-0.5863658873768572,0.0,0.5863658873768572
2007-01-31,0.014412524380539289,0.014412524380539289,0.012002475847035843,1.6563174593155243,0.0,0.0016666666666666668,-0.5863658873768571,0.7818211831691428,-0.5863658873768571,0.7818211831691428,-0.5863658873768571,0.09772764789614286,0.09772764789614286
2007-02-28,0.009464561885591236,0.009464561885591236,-0.004733413109958895,1.6567150818026308,0.0,0.0016666666666666668,0.5863658873768572,0.5863658873768572,-0.5863658873768572,-0.5863658873768572,-0.5863658873768572,0.0,0.5863658873768572
2007-03-31,0.010622688302625229,0.010622688302625229,0.01883460937027248,0.02120548100216041,0.0,0.0016666666666666668,0.5863658873768572,0.5863658873768572,-0.5863658873768572,-0.5863658873768572,-0.5863658873768572,0.0,0.5863658873768572
2007-04-30,-0.003603289090534612,-0.003603289090534612,0.044737551188138935,1.6641279627507295,0.0,0.0016666666666666668,-0.5863658873768571,0.7818211831691428,-0.5863658873768571,0.7818211831691428,-0.5863658873768571,0.09772764789614286,0.09772764789614286
2007-05-31,-0.0073459004334480524,-0.0073459004334480524,0.029036232002326745,1.1799385388900043,0.0,0.0016666666666666668,0.5863658873768572,0.5863658873768572,-0.5863658873768572,0.5863658873768572,-0.5863658873768572,0.0,-0.5863658873768572
2007-06-30,0.0018925221028273742,0.0018925221028273742,-0.0072830389662880135,1.169404742237274,0.0,0.0016666666666666668,-0.5863658873768571,0.7818211831691428,-0.5863658873768571,0.7818211831691428,-0.5863658873768571,0.09772764789614286,0.09772764789614286
2007-07-31,-0.001658051074862281,-0.001658051074862281,-0.021967697461999003,0.009167545892596392,0.0,0.0016666666666666668,-0.5863658873768571,0.7818211831691428,-0.5863658873768571,0.7818211831691428,-0.5863658873768571,0.09772764789614286,0.09772764789614286
2007-08-31,0.019007822185739535,0.019007822185739535,-0.0002279066250172601,0.02356005155686027,0.0,0.0016666666666666668,-0.5863658873768571,0.7818211831691428,-0.5863658873768571,0.7818211831691428,-0.5863658873768571,0.09772764789614286,0.09772764789614286
2007-09-30,-0.011086929147373702,-0.011086929147373702,0.04795587953595981,0.7024826755857185,0.0,0.0016666666666666668,-0.5863658873768574,0.7818211831691431,-0.5863658873768574,0.09772764789614288,-0.5863658873768574,0.09772764789614288,0.7818211831691431
2007-10-31,-0.0011537117131368933,-0.0011537117131368933,0.030927915665916794,0.7007578230188661,0.0,0.0016666666666666668,-0.5863658873768571,0.7818211831691428,-0.5863658873768571,0.7818211831691428,-0.5863658873768571,0.09772764789614286,0.09772764789614286
2007-11-30,0.031675886320366144,0.031675886320366144,-0.03984876878122068,1.6733737853438668,0.0,0.0016666666666666668,0.5863658873768572,-0.5863658873768572,-0.5863658873768572,0.5863658873768572,-0.5863658873768572,0.0,0.5863658873768572
2007-12-31,0.022623981138524554,0.022623981138524554,-0.012600712313260098,1.6671162675606002,0.0,0.0016666666666666668,-0.5863658873768571,0.7818211831691428,-0.5863658873768571,0.7818211831691428,-0.5863658873768571,0.09772764789614286,0.09772764789614286
2008-01-31,-0.01293486266184729,-0.01293486266184729,-0.0761839057564242,0.014243400538604359,0.0,0.0016666666666666668,-0.5863658873768571,0.7818211831691428,-0.5863658873768571,0.7818211831691428,-0.5863658873768571,0.09772764789614286,0.09772764789614286
2008-02-29,0.013210051063296,0.013210051063296,-0.005224110405081528,0.035354641476401445,0.0,0.0016666666666666668,-0.5863658873768571,0.7818211831691428,-0.5863658873768571,0.7818211831691428,-0.5863658873768571,0.09772764789614286,0.09772764789614286
2008-03-31,0.034492282375782155,0.034492282375782155,-0.008998766825300097,1.1941101359267254,0.0,0.0016666666666666668,0.5863658873768572,0.5863658873768572,-0.5863658873768572,0.5863658873768572,-0.5863658873768572,0.0,-0.5863658873768572
2008-04-30,-0.025333582059574037,-0.025333582059574037,0.05335303075147335,0.023543031452543772,0.0,0.0016666666666666668,0.5863658873768572,0.5863658873768572,-0.5863658873768572,0.5863658873768572,-0.5863658873768572,0.0,-0.5863658873768572
2008-05-31,-0.006034409380999842,-0.006034409380999842,0.016581378250427825,1.177049061790513,0.0,0.0016666666666666668,-0.5863658873768571,0.7818211831691428,-0.5863658873768571,0.7818211831691428,-0.5863658873768571,0.09772764789614286,0.09772764789614286
2008-06-30,0.004703971394270956,0.004703971394270956,-0.07935291512275178,1.3679389232478552,0.0,0.0016666666666666668,0.7818211831691428,-0.5863658873768571,-0.5863658873768571,0.7818211831691428,-0.5863658873768571,0.09772764789614286,0.09772764789614286
2008-07-31,-0.0025098385621214843,-0.0025098385621214843,-0.02414453452772447,1.3785108799250365,0.0,0.0016666666666666668,-0.5863658873768571,0.7818211831691428,-0.5863658873768571,0.7818211831691428,-0.5863658873768571,0.09772764789614286,0.09772764789614286
2008-08-31,0.03268012912313284,0.03268012912313284,-0.01350476264793432,0.015354970664436418,0.0,0.0016666666666666668,-0.5863658873768571,0.7818211831691428,-0.5863658873768571,0.7818211831691428,-0.5863658873768571,0.09772764789614286,0.09772764789614286
2008-09-30,0.011783486015661001,0.011783486015661001,-0.11846789781273004,0.7130046258355911,0.0,0.0016666666666666668,-0.5863658873768571,0.7818211831691428,-0.5863658873768571,0.7818211831691428,0.09772764789614286,0.09772764789614286,-0.5863658873768571
2008-10-31,0.0987294269299271,0.0987294269299271,-0.18933973784097713,1.3804027058894794,0.0,0.0016666666666666668,-0.5863658873768571,-0.5863658873768571,0.7818211831691428,0.7818211831691428,0.09772764789614286,0.09772764789614286,-0.5863658873768571
2008-11-30,0.011233792366298208,0.011233792366298208,-0.06394059877426561,0.7363113782319108,0.0,0.0016666666666666668,-0.5863658873768574,-0.5863658873768574,0.7818211831691431,0.09772764789614288,0.7818211831691431,0.09772764789614288,-0.5863658873768574
2008-12-31,-0.09170781632798362,-0.09170781632798362,0.03258936916813693,1.2145653025092178,0.0,0.0016666666666666668,-0.5863658873768572,0.5863658873768572,0.5863658873768572,-0.5863658873768572,0.5863658873768572,0.0,-0.5863658873768572
2009-01-31,0.08199242464495925,0.08199242464495925,-0.08730113673050555,1.7166910105648663,0.0,0.0016666666666666668,-0.5863658873768571,-0.5863658873768571,0.7818211831691428,0.7818211831691428,0.09772764789614286,0.09772764789614286,-0.5863658873768571
2009-02-28,-0.024980071932578098,-0.024980071932578098,-0.10159760210629931,0.5892692174251614,0.0,0.0016666666666666668,-0.5863658873768574,-0.5863658873768574,1.055458597278343,0.2345463549507429,0.2345463549507429,0.2345463549507429,-0.5863658873768574
2009-03-31,-0.01574699364828445,-0.01574699364828445,0.07615713944271807,0.5555047856908437,0.0,0.0016666666666666668,-0.5863658873768571,-0.5863658873768571,0.7818211831691428,0.7818211831691428,0.09772764789614286,0.09772764789614286,-0.5863658873768571
2009-04-30,-0.01074826503136196,-0.01074826503136196,0.11324564009729876,1.9481745487804674,0.0,0.0016666666666666668,-0.5863658873768574,1.055458597278343,-0.5863658873768574,0.2345463549507429,0.2345463549507429,0.2345463549507429,-0.5863658873768574
2009-05-31,-0.09517163007266197,-0.09517163007266197,0.09185675718646058,1.882682491779754,0.0,0.0016666666666666668,-0.5863658873768572,-0.5863658873768572,0.5863658873768572,0.5863658873768572,0.5863658873768572,0.0,-0.5863658873768572
2009-06-30,0.011948470990047241,0.011948470990047241,-0.0040197378708376474,1.6961009038275394,0.0,0.0016666666666666668,-0.5863658873768574,-0.5863658873768574,-0.5863658873768574,0.09772764789614288,0.7818211831691431,0.09772764789614288,0.7818211831691431
2009-07-31,0.02101599962356779,0.02101599962356779,0.08503109556755106,1.3927355173373468,0.0,0.0016666666666666668,0.7818211831691431,-0.5863658873768574,-0.5863658873768574,-0.5863658873768574,0.09772764789614288,0.09772764789614288,0.7818211831691431
2009-08-31,-0.012173637649731617,-0.012173637649731617,0.041814216867368525,2.0658159332771957,0.0,0.0016666666666666668,-0.5863658873768571,0.7818211831691428,-0.5863658873768571,-0.5863658873768571,0.7818211831691428,0.09772764789614286,0.09772764789614286
2009-09-30,0.025192421272061758,0.025192421272061758,0.040222053001574665,1.181006479219671,0.0,0.0016666666666666668,0.5863658873768572,0.5863658873768572,-0.5863658873768572,-0.5863658873768572,0.5863658873768572,0.0,-0.5863658873768572
2009-10-31,-0.012937796383530965,-0.012937796383530965,-0.017553967719263652,1.1917660953540448,0.0,0.0016666666666666668,0.5863658873768572,0.5863658873768572,-0.5863658873768572,0.5863658873768572,-0.5863658873768572,0.0,-0.5863658873768572
2009-11-30,-0.01943365306647542,-0.01943365306647542,0.04145071138963807,2.703253721401694,0.0,0.0016666666666666668,-0.5863658873768574,-0.5863658873768574,1.055458597278343,0.2345463549507429,0.2345463549507429,0.2345463549507429,-0.5863658873768574
2009-12-31,-0.06585267196792041,-0.06585267196792041,0.018300893397894757,2.7138834146866646,0.0,0.0016666666666666668,0.5863658873768572,-0.5863658873768572,-0.5863658873768572,0.5863658873768572,-0.5863658873768572,0.0,0.5863658873768572
2010-01-31,0.03932223758919115,0.03932223758919115,-0.04113383464488407,1.5089063476401756,0.0,0.0016666666666666668,-0.5863658873768574,-0.5863658873768574,-0.5863658873768574,1.055458597278343,0.2345463549507429,0.2345463549507429,0.2345463549507429
2010-02-28,0.003810502295599839,0.003810502295599839,0.014578066110316312,1.9331449570550794,0.0,0.0016666666666666668,-0.5863658873768571,0.7818211831691428,-0.5863658873768571,-0.5863658873768571,0.7818211831691428,0.09772764789614286,0.09772764789614286
2010-03-31,-0.014428003617253899,-0.014428003617253899,0.06259140646105377,1.3816009530536648,0.0,0.0016666666666666668,-0.5863658873768571,-0.5863658873768571,-0.5863658873768571,0.7818211831691428,0.7818211831691428,0.09772764789614286,0.09772764789614286
2010-04-30,0.010313755917942851,0.010313755917942851,0.0006613133264841142,1.1765532942247947,0.0,0.0016666666666666668,-0.5863658873768572,0.5863658873768572,-0.5863658873768572,0.5863658873768572,0.5863658873768572,0.0,-0.5863658873768572
2010-05-31,-0.04367419438661349,-0.04367419438661349,-0.09483964571368098,2.3592170780971276,0.0,0.0016666666666666668,-0.5863658873768571,-0.5863658873768571,0.7818211831691428,-0.5863658873768571,0.7818211831691428,0.09772764789614286,0.09772764789614286
2010-06-30,-0.015052591703152112,-0.015052591703152112,-0.033732754494871675,1.4309864141437953,0.0,0.0016666666666666668,-0.5863658873768571,-0.5863658873768571,0.7818211831691428,0.7818211831691428,0.09772764789614286,0.09772764789614286,-0.5863658873768571
2010-07-31,-0.09720548894552744,-0.09720548894552744,0.08137651794092315,1.6922433929904928,0.0,0.0016666666666666668,-0.5863658873768572,0.5863658873768572,-0.5863658873768572,0.5863658873768572,0.5863658873768572,0.0,-0.5863658873768572
2010-08-31,0.01883711494890171,0.01883711494890171,-0.03682114156080951,0.05542237222055618,0.0,0.0016666666666666668,-0.5863658873768572,0.5863658873768572,-0.5863658873768572,0.5863658873768572,0.5863658873768572,0.0,-0.5863658873768572
2010-09-30,-0.06185119109398196,-0.06185119109398196,0.09371618956713901,1.2028997961193086,0.0,0.0016666666666666668,-0.5863658873768572,0.5863658873768572,-0.5863658873768572,0.5863658873768572,-0.5863658873768572,0.0,0.5863658873768572
2010-10-31,-0.013097122967593463,-0.013097122967593463,0.037526268351718794,1.7053092524155513,0.0,0.0016666666666666668,-0.5863658873768571,-0.5863658873768571,-0.5863658873768571,0.7818211831691428,0.7818211831691428,0.09772764789614286,0.09772764789614286
2010-11-30,0.01797771907396739,0.01797771907396739,-0.02102918749571281,1.9188113044701058,0.0,0.0016666666666666668,-0.5863658873768574,-0.5863658873768574,1.055458597278343,0.2345463549507429,-0.5863658873768574,0.2345463549507429,0.2345463549507429
2010-12-31,0.028760762460691116,0.028760762460691116,0.07386333423223213,0.558559007398834,0.0,0.0016666666666666668,-0.5863658873768571,-0.5863658873768571,0.7818211831691428,0.7818211831691428,-0.5863658873768571,0.09772764789614286,0.09772764789614286
2011-01-31,-0.0364425171132668,-0.0364425171132668,0.022823856372704343,1.332528600249625,0.0,0.0016666666666666668,-0.5863658873768574,-0.5863658873768574,1.055458597278343,-0.5863658873768574,0.2345463549507429,0.2345463549507429,0.2345463549507429
2011-02-28,0.011119113586170574,0.011119113586170574,0.03555554140297201,1.3608312892846166,0.0,0.0016666666666666668,-0.5863658873768571,0.7818211831691428,0.7818211831691428,-0.5863658873768571,-0.5863658873768571,0.09772764789614286,0.09772764789614286
2011-03-31,0.0031558512576456534,0.0031558512576456534,-0.009306559794327374,1.3774336748381435,0.0,0.0016666666666666668,-0.5863658873768571,-0.5863658873768571,0.7818211831691428,0.7818211831691428,-0.5863658873768571,0.09772764789614286,0.09772764789614286
2011-04-30,0.09130611084236089,0.09130611084236089,0.04295455297512851,1.6773788352772294,0.0,0.0016666666666666668,0.5863658873768572,-0.5863658873768572,0.5863658873768572,-0.5863658873768572,-0.5863658873768572,0.0,0.5863658873768572
2011-05-31,-0.05704002220747626,-0.05704002220747626,-0.01963673228133167,0.47856739174903123,0.0,0.0016666666666666668,0.7818211831691428,-0.5863658873768571,0.7818211831691428,-0.5863658873768571,-0.5863658873768571,0.09772764789614286,0.09772764789614286
2011-06-30,-0.015493195616152214,-0.015493195616152214,-0.015369907274990324,1.3874798556458867,0.0,0.0016666666666666668,-0.5863658873768574,-0.5863658873768574,1.055458597278343,0.2345463549507429,-0.5863658873768574,0.2345463549507429,0.2345463549507429
2011-07-31,0.015426367565451949,0.015426367565451949,-0.017841431825199483,1.9233980606009715,0.0,0.0016666666666666668,-0.5863658873768571,-0.5863658873768571,-0.5863658873768571,0.7818211831691428,0.7818211831691428,0.09772764789614286,0.09772764789614286
2011-08-31,-0.0582001184694174,-0.0582001184694174,-0.06991438955532248,2.7827478046077165,0.0,0.0016666666666666668,-0.5863658873768571,0.7818211831691428,0.7818211831691428,-0.5863658873768571,0.09772764789614286,0.09772764789614286,-0.5863658873768571
2011-09-30,0.08192469776275411,0.08192469776275411,-0.08583053817391872,2.7523252025114937,0.0,0.0016666666666666668,-0.5863658873768574,-0.5863658873768574,-0.5863658873768574,0.43977441553264307,0.43977441553264307,0.43977441553264307,0.43977441553264307
2011-10-31,-0.07195399878332154,-0.07195399878332154,0.10372466056979146,0.6534732856932679,0.0,0.0016666666666666668,-0.5863658873768574,-0.5863658873768574,-0.5863658873768574,1.055458597278343,0.2345463549507429,0.2345463549507429,0.2345463549507429
2011-11-30,0.05556581564817848,0.05556581564817848,-0.023792429260518166,0.5797901793431549,0.0,0.0016666666666666668,-0.5863658873768571,-0.5863658873768571,-0.5863658873768571,0.7818211831691428,0.7818211831691428,0.09772764789614286,0.09772764789614286
2011-12-31,-0.0013147096189067876,-0.0013147096189067876,-0.000172542670917597,2.053347915044318,0.0,0.0016666666666666668,0.7818211831691431,-0.5863658873768574,-0.5863658873768574,-0.5863658873768574,0.09772764789614288,0.09772764789614288,0.7818211831691431
2012-01-31,-0.017612686432746407,-0.017612686432746407,0.05047694702786787,2.0642602895677116,0.0,0.0016666666666666668,-0.5863658873768571,-0.5863658873768571,-0.5863658873768571,0.7818211831691428,0.7818211831691428,0.09772764789614286,0.09772764789614286
2012-02-29,-0.028240914033848936,-0.028240914033848936,0.04954783716221334,0.5580811654327981,0.0,0.0016666666666666668,-0.5863658873768574,-0.5863658873768574,-0.5863658873768574,1.055458597278343,0.2345463549507429,0.2345463549507429,0.2345463549507429
2012-03-31,0.011138687658240859,0.011138687658240859,0.013473604552079799,0.015898462643817113,0.0,0.0016666666666666668,-0.5863658873768574,-0.5863658873768574,-0.5863658873768574,1.055458597278343,0.2345463549507429,0.2345463549507429,0.2345463549507429
2012-04-30,-0.005701262596929472,-0.005701262596929472,-0.010814283325261131,1.6286738412606994,0.0,0.0016666666666666668,-0.5863658873768574,-0.5863658873768574,1.055458597278343,-0.5863658873768574,0.2345463549507429,0.2345463549507429,0.2345463549507429
2012-05-31,-0.05370216815854536,-0.05370216815854536,-0.08529178665397297,1.930387904887286,0.0,0.0016666666666666668,0.7818211831691431,-0.5863658873768574,0.09772764789614288,-0.5863658873768574,-0.5863658873768574,0.09772764789614288,0.7818211831691431
2012-06-30,-0.034382020722710294,-0.034382020722710294,0.051469591691896355,2.5946736245895883,0.0,0.0016666666666666668,-0.5863658873768574,-0.5863658873768574,-0.5863658873768574,1.055458597278343,0.2345463549507429,0.2345463549507429,0.2345463549507429
2012-07-31,-0.011006100957891287,-0.011006100957891287,0.013132389373181175,1.5409868588345892,0.0,0.0016666666666666668,-0.5863658873768572,0.5863658873768572,-0.5863658873768572,0.5863658873768572,0.5863658873768572,0.0,-0.5863658873768572
2012-08-31,0.009702710151203463,0.009702710151203463,0.0259882933652551,1.6838058615287455,0.0,0.0016666666666666668,-0.5863658873768574,0.7818211831691431,-0.5863658873768574,-0.5863658873768574,0.09772764789614288,0.09772764789614288,0.7818211831691431
2012-09-30,-0.016997644829251205,-0.016997644829251205,0.02797679416740184,2.0679786757326437,0.0,0.0016666666666666668,-0.5863658873768571,-0.5863658873768571,-0.5863658873768571,0.7818211831691428,0.7818211831691428,0.09772764789614286,0.09772764789614286
2012-10-31,-0.014521911880240126,-0.014521911880240126,-0.006462394477743549,1.6690752494959753,0.0,0.0016666666666666668,-0.5863658873768572,0.5863658873768572,-0.5863658873768572,0.5863658873768572,-0.5863658873768572,0.0,0.5863658873768572
2012-11-30,-0.006902299022461086,-0.006902299022461086,0.013671400231141106,1.6587228515924384,0.0,0.0016666666666666668,-0.5863658873768571,0.7818211831691428,0.7818211831691428,-0.5863658873768571,-0.5863658873768571,0.09772764789614286,0.09772764789614286
2012-12-31,0.013329241398270169,0.013329241398270169,0.019349727620516344,2.3555475984058023,0.0,0.0016666666666666668,0.5863658873768572,0.5863658873768572,-0.5863658873768572,-0.5863658873768572,0.5863658873768572,0.0,-0.5863658873768572
2013-01-31,-0.039597629804000514,-0.039597629804000514,0.051249936803956286,2.501035099907258,0.0,0.0016666666666666668,-0.5863658873768574,-0.5863658873768574,-0.5863658873768574,0.43977441553264307,0.43977441553264307,0.43977441553264307,0.43977441553264307
2013-02-28,-0.023489674453799222,-0.023489674453799222,0.0022423719505926254,1.480786746080241,0.0,0.0016666666666666668,0.5863658873768572,-0.5863658873768572,-0.5863658873768572,-0.5863658873768572,0.5863658873768572,0.0,0.5863658873768572
2013-03-31,-0.002927621794911541,-0.002927621794911541,0.024104585258702294,2.3417798754570676,0.0,0.0016666666666666668,0.5863658873768572,0.5863658873768572,0.5863658873768572,-0.5863658873768572,-0.5863658873768572,0.0,-0.5863658873768572
2013-04-30,-0.034848199762866114,-0.034848199762866114,0.032085630617879835,2.3543298575488496,0.0,0.0016666666666666668,-0.5863658873768571,0.7818211831691428,-0.5863658873768571,0.7818211831691428,0.09772764789614286,0.09772764789614286,-0.5863658873768571
2013-05-31,-0.012215385292267573,-0.012215385292267573,0.0013263058609005451,1.1944395160902346,0.0,0.0016666666666666668,-0.5863658873768572,0.5863658873768572,0.5863658873768572,0.5863658873768572,-0.5863658873768572,0.0,-0.5863658873768572
2013-06-30,-0.0008532371444244639,-0.0008532371444244639,-0.02421388146936021,2.317069535247147,0.0,0.0016666666666666668,-0.5863658873768571,-0.5863658873768571,-0.5863658873768571,0.7818211831691428,0.7818211831691428,0.09772764789614286,0.09772764789614286
2013-07-31,0.028314262664475197,0.028314262664475197,0.05309084726735125,1.3840557901987915,0.0,0.0016666666666666668,0.7818211831691428,-0.5863658873768571,-0.5863658873768571,-0.5863658873768571,0.7818211831691428,0.09772764789614286,0.09772764789614286
2013-08-31,0.0017668079715920993,0.0017668079715920993,-0.020754631929659206,1.3861381189855249,0.0,0.0016666666666666668,0.7818211831691428,0.7818211831691428,-0.5863658873768571,-0.5863658873768571,-0.5863658873768571,0.09772764789614286,0.09772764789614286
2013-09-30,0.01366860916301033,0.01366860916301033,0.05056020918098314,0.4896594889792978,0.0,0.0016666666666666668,0.5863658873768572,0.5863658873768572,-0.5863658873768572,-0.5863658873768572,-0.5863658873768572,0.0,0.5863658873768572
2013-10-31,0.0008393617892167616,0.0008393617892167616,0.039451676616607756,0.5135739609107868,0.0,0.0016666666666666668,0.7818211831691428,0.7818211831691428,-0.5863658873768571,-0.5863658873768571,-0.5863658873768571,0.09772764789614286,0.09772764789614286
2013-11-30,0.022742644962957817,0.022742644962957817,0.01832016986560303,0.01707715734709516,0.0,0.0016666666666666668,0.7818211831691428,0.7818211831691428,-0.5863658873768571,-0.5863658873768571,-0.5863658873768571,0.09772764789614286,0.09772764789614286
2013-12-31,0.022156411716462893,0.022156411716462893,0.021571458322364068,0.016367251473835193,0.0,0.0016666666666666668,0.7818211831691428,0.7818211831691428,-0.5863658873768571,-0.5863658873768571,-0.5863658873768571,0.09772764789614286,0.09772764789614286
2014-01-31,0.022563882463313752,0.022563882463313752,-0.03671169826396692,1.3775359219690606,0.0,0.0016666666666666668,-0.5863658873768571,0.7818211831691428,-0.5863658873768571,-0.5863658873768571,0.7818211831691428,0.09772764789614286,0.09772764789614286
2014-02-28,0.011971205550928055,0.011971205550928055,0.05067748013840356,1.3992240993218217,0.0,0.0016666666666666668,0.7818211831691428,0.7818211831691428,-0.5863658873768571,-0.5863658873768571,-0.5863658873768571,0.09772764789614286,0.09772764789614286
2014-03-31,-0.017948965626026832,-0.017948965626026832,0.002204508967721175,1.3864914423974928,0.0,0.0016666666666666668,-0.5863658873768571,0.7818211831691428,-0.5863658873768571,-0.5863658873768571,0.7818211831691428,0.09772764789614286,0.09772764789614286
2014-04-30,0.009164181551157512,0.009164181551157512,0.010789269863882511,1.6770517284624988,0.0,0.0016666666666666668,0.5863658873768572,0.5863658873768572,-0.5863658873768572,-0.5863658873768572,-0.5863658873768572,0.0,0.5863658873768572
2014-05-31,-0.006060867745515045,-0.006060867745515045,0.020720344334937302,1.6691134289607603,0.0,0.0016666666666666668,0.7818211831691428,-0.5863658873768571,-0.5863658873768571,-0.5863658873768571,0.7818211831691428,0.09772764789614286,0.09772764789614286
2014-06-30,-0.0048846877541644735,-0.0048846877541644735,0.018288139895402455,1.3798487924345757,0.0,0.0016666666666666668,-0.5863658873768571,0.7818211831691428,-0.5863658873768571,-0.5863658873768571,0.7818211831691428,0.09772764789614286,0.09772764789614286
2014-07-31,0.01633298480716755,0.01633298480716755,-0.015615716084129705,1.3806252757072324,0.0,0.0016666666666666668,-0.5863658873768571,-0.5863658873768571,-0.5863658873768571,0.7818211831691428,0.7818211831691428,0.09772764789614286,0.09772764789614286
2014-08-31,-0.0003523118674531563,-0.0003523118674531563,0.022555589966118283,1.9175635025609636,0.0,0.0016666666666666668,-0.5863658873768574,-0.5863658873768574,1.055458597278343,-0.5863658873768574,0.2345463549507429,0.2345463549507429,0.2345463549507429
2014-09-30,0.06504084241900081,0.06504084241900081,-0.02661915559213912,1.926499310830694,0.0,0.0016666666666666668,-0.5863658873768571,0.7818211831691428,-0.5863658873768571,-0.5863658873768571,0.7818211831691428,0.09772764789614286,0.09772764789614286
2014-10-31,-0.0007654176203621824,-0.0007654176203621824,0.006777703785632694,1.7399399228204566,0.0,0.0016666666666666668,-0.5863658873768574,-0.5863658873768574,-0.5863658873768574,0.43977441553264307,0.43977441553264307,0.43977441553264307,0.43977441553264307
2014-11-30,0.02575820428120669,0.02575820428120669,0.02068095579833762,1.467709432867219,0.0,0.0016666666666666668,-0.5863658873768572,0.5863658873768572,-0.5863658873768572,0.5863658873768572,0.5863658873768572,0.0,-0.5863658873768572
2014-12-31,0.036064344353712356,0.036064344353712356,-0.01564344976201837,1.1837037664386,0.0,0.0016666666666666668,-0.5863658873768571,0.7818211831691428,-0.5863658873768571,0.7818211831691428,-0.5863658873768571,0.09772764789614286,0.09772764789614286
2015-01-31,0.09753504857247064,0.09753504857247064,-0.017815065535336294,1.1895496036597362,0.0,0.0016666666666666668,-0.5863658873768572,0.5863658873768572,-0.5863658873768572,0.5863658873768572,0.5863658873768572,0.0,-0.5863658873768572
2015-02-28,0.003507635640947847,0.003507635640947847,0.05915638243749055,1.708210172129452,0.0,0.0016666666666666668,-0.5863658873768574,0.7818211831691431,-0.5863658873768574,-0.5863658873768574,0.09772764789614288,0.09772764789614288,0.7818211831691431
2015-03-31,0.053475888475013944,0.053475888475013944,-0.014848645215165712,1.6556506970935838,0.0,0.0016666666666666668,-0.5863658873768572,0.5863658873768572,-0.5863658873768572,0.5863658873768572,0.5863658873768572,0.0,-0.5863658873768572
2015-04-30,-0.04809928490156312,-0.04809928490156312,0.023956317492407342,1.1769932389841748,0.0,0.0016666666666666668,-0.5863658873768571,-0.5863658873768571,-0.5863658873768571,0.7818211831691428,0.7818211831691428,0.09772764789614286,0.09772764789614286
2015-05-31,0.044293599527114806,0.044293599527114806,0.004374360224432383,0.027474692411214086,0.0,0.0016666666666666668,-0.5863658873768571,-0.5863658873768571,-0.5863658873768571,0.7818211831691428,0.7818211831691428,0.09772764789614286,0.09772764789614286
2015-06-30,0.022054216958748072,0.022054216958748072,-0.0228228248889496,2.836608115916145,0.0,0.0016666666666666668,-0.5863658873768572,0.5863658873768572,0.5863658873768572,-0.5863658873768572,-0.5863658873768572,0.0,0.5863658873768572
2015-07-31,0.04031518665623805,0.04031518665623805,0.018305250697551623,2.345412147279418,0.0,0.0016666666666666668,-0.5863658873768572,0.5863658873768572,-0.5863658873768572,0.5863658873768572,0.5863658873768572,0.0,-0.5863658873768572
2015-08-31,-0.02799707864813921,-0.02799707864813921,-0.06568021561976112,2.3424585949072645,0.0,0.0016666666666666668,-0.5863658873768572,0.5863658873768572,0.5863658873768572,-0.5863658873768572,-0.5863658873768572,0.0,0.5863658873768572
2015-09-30,0.0012278444744501125,0.0012278444744501125,-0.036296212531534144,2.3461309533179326,0.0,0.0016666666666666668,-0.5863658873768574,-0.5863658873768574,-0.5863658873768574,0.09772764789614288,0.7818211831691431,0.09772764789614288,0.7818211831691431
2015-10-31,-0.007713657162795562,-0.007713657162795562,0.0795682585772115,1.6728492583828543,0.0,0.0016666666666666668,-0.5863658873768572,0.5863658873768572,-0.5863658873768572,0.5863658873768572,0.5863658873768572,0.0,-0.5863658873768572
2015-11-30,0.029516451845648776,0.029516451845648776,-0.004379764163474187,0.017163520015754885,0.0,0.0016666666666666668,-0.5863658873768572,0.5863658873768572,-0.5863658873768572,0.5863658873768572,0.5863658873768572,0.0,-0.5863658873768572
2015-12-31,-0.03435052271685131,-0.03435052271685131,-0.017156340725706043,1.1753357273253109,0.0,0.0016666666666666668,-0.5863658873768571,0.7818211831691428,-0.5863658873768571,-0.5863658873768571,0.7818211831691428,0.09772764789614286,0.09772764789614286
2016-01-31,-0.029658003946593486,-0.029658003946593486,-0.059538973858199284,1.1699263109127243,0.0,0.0016666666666666668,-0.5863658873768572,0.5863658873768572,0.5863658873768572,-0.5863658873768572,0.5863658873768572,0.0,-0.5863658873768572
2016-02-29,0.002729043626383978,0.002729043626383978,-0.00676253110413727,0.5197147646471716,0.0,0.0016666666666666668,-0.5863658873768571,0.7818211831691428,0.7818211831691428,-0.5863658873768571,0.09772764789614286,0.09772764789614286,-0.5863658873768571
2016-03-31,-0.09150189322807356,-0.09150189322807356,0.06864433640322143,1.6805489128490683,0.0,0.0016666666666666668,-0.5863658873768572,0.5863658873768572,-0.5863658873768572,0.5863658873768572,0.5863658873768572,0.0,-0.5863658873768572
2016-04-30,0.003592395594263779,0.003592395594263779,0.01641146814688077,0.5285354674978453,0.0,0.0016666666666666668,-0.5863658873768571,0.7818211831691428,-0.5863658873768571,0.7818211831691428,0.09772764789614286,0.09772764789614286,-0.5863658873768571
2016-05-31,-0.04790210453142516,-0.04790210453142516,0.006600259303734202,3.416824598964444,0.0,0.0016666666666666668,0.5863658873768572,-0.5863658873768572,0.5863658873768572,-0.5863658873768572,-0.5863658873768572,0.5863658873768572,0.0
2016-06-30,-0.004025165060526546,-0.004025165060526546,-0.010704717911692807,2.335403008516566,0.0,0.0016666666666666668,0.5863658873768572,0.5863658873768572,-0.5863658873768572,0.5863658873768572,-0.5863658873768572,-0.5863658873768572,0.0
2016-07-31,-0.020365883648066258,-0.020365883648066258,0.04254361725526312,2.372661471978757,0.0,0.0016666666666666668,-0.5863658873768571,0.7818211831691428,-0.5863658873768571,-0.5863658873768571,0.7818211831691428,0.09772764789614286,0.09772764789614286
2016-08-31,-0.00702425696802061,-0.00702425696802061,0.0014128280647713876,2.354117676250376,0.0,0.0016666666666666668,0.5863658873768572,0.5863658873768572,-0.5863658873768572,0.5863658873768572,0.0,-0.5863658873768572,-0.5863658873768572
2016-09-30,0.022728362219090064,0.022728362219090064,0.005790199333901125,1.7580149008511627,0.0,0.0016666666666666668,0.5863658873768572,-0.5863658873768572,0.5863658873768572,0.5863658873768572,-0.5863658873768572,0.0,-0.5863658873768572
2016-10-31,0.06196183974321587,0.06196183974321587,-0.019046579664470986,1.1819821190752435,0.0,0.0016666666666666668,-0.5863658873768571,-0.5863658873768571,0.7818211831691428,0.7818211831691428,0.09772764789614286,0.09772764789614286,-0.5863658873768571
2016-11-30,-0.03334203496528241,-0.03334203496528241,0.0150758408630991,1.6678766448549052,0.0,0.0016666666666666668,0.5863658873768572,-0.5863658873768572,0.5863658873768572,-0.5863658873768572,0.5863658873768572,0.0,-0.5863658873768572
2016-12-31,-0.015112511830538147,-0.015112511830538147,0.02430890857393364,2.2324575738520656,0.0,0.0016666666666666668,-0.5863658873768574,0.7818211831691431,0.7818211831691431,0.09772764789614288,0.09772764789614288,-0.5863658873768574,-0.5863658873768574
2017-01-31,0.03907611848374491,0.03907611848374491,0.024399205081860664,0.7014646065876764,0.0,0.0016666666666666668,-0.5863658873768572,0.781821183169143,0.781821183169143,0.09772764789614287,-0.5863658873768572,-0.5863658873768572,0.09772764789614287
2017-02-28,-0.0017615556828063463,-0.0017615556828063463,0.028305195232747327,2.757647321132403,0.0,0.0016666666666666668,0.781821183169143,-0.5863658873768572,-0.5863658873768572,0.09772764789614287,0.781821183169143,-0.5863658873768572,0.09772764789614287
2017-03-31,0.0006381059106619243,0.0006381059106619243,0.011473333778207806,1.6798493105230512,0.0,0.0016666666666666668,0.5863658873768572,-0.5863658873768572,0.5863658873768572,0.0,-0.5863658873768572,-0.5863658873768572,0.5863658873768572
2017-04-30,0.003262049024096887,0.003262049024096887,0.015329756057862465,1.082139377876005,0.0,0.0016666666666666668,0.781821183169143,-0.5863658873768572,0.781821183169143,-0.5863658873768572,0.09772764789614287,-0.5863658873768572,0.09772764789614287
2017-05-31,-0.022075607906435656,-0.022075607906435656,0.022151706942694194,3.5210160564265647,0.0,0.0016666666666666668,-0.5863658873768572,0.5863658873768572,-0.5863658873768572,0.5863658873768572,-0.5863658873768572,0.5863658873768572,0.0
2017-06-30,-0.03253780591456182,-0.03253780591456182,0.0042543191443555894,1.6785643216650226,0.0,0.0016666666666666668,-0.5863658873768572,0.781821183169143,-0.5863658873768572,0.09772764789614287,0.781821183169143,-0.5863658873768572,0.09772764789614287
2017-07-31,-0.002792347119907324,-0.002792347119907324,0.024266424105817697,1.6668967892255742,0.0,0.0016666666666666668,0.5863658873768572,-0.5863658873768572,-0.5863658873768572,0.5863658873768572,0.5863658873768572,-0.5863658873768572,0.0
2017-08-31,-0.007188196366764042,-0.007188196366764042,0.0019895624207131313,2.3466289690464244,0.0,0.0016666666666666668,0.7818211831691428,-0.5863658873768571,0.7818211831691428,-0.5863658873768571,-0.5863658873768571,0.09772764789614286,0.09772764789614286
2017-09-30,-0.003754626278082281,-0.003754626278082281,0.02291483006535433,0.025172858799461288,0.0,0.0016666666666666668,0.7818211831691428,-0.5863658873768571,0.7818211831691428,-0.5863658873768571,-0.5863658873768571,0.09772764789614286,0.09772764789614286
2017-10-31,0.021230821976218926,0.021230821976218926,0.019166245507121316,2.335354427023875,0.0,0.0016666666666666668,0.5863658873768572,0.5863658873768572,-0.5863658873768572,-0.5863658873768572,0.5863658873768572,0.0,-0.5863658873768572
2017-11-30,0.01339938307988033,0.01339938307988033,0.02224122131027695,2.3419716582193235,0.0,0.0016666666666666668,0.5863658873768572,-0.5863658873768572,0.5863658873768572,-0.5863658873768572,-0.5863658873768572,0.0,0.5863658873768572
2017-12-31,-0.0145452053851142,-0.0145452053851142,0.013865376518407357,2.3585444701640483,0.0,0.0016666666666666668,0.5863658873768572,0.5863658873768572,-0.5863658873768572,-0.5863658873768572,0.5863658873768572,-0.5863658873768572,0.0
2018-01-31,0.01763394093418828,0.01763394093418828,0.05305683494915692,0.6082532694886547,0.0,0.0016666666666666668,0.5863658873768572,0.0,-0.5863658873768572,-0.5863658873768572,0.5863658873768572,-0.5863658873768572,0.5863658873768572
2018-02-28,-0.00614987963632628,-0.00614987963632628,-0.040948095978964316,0.6245655570278852,0.0,0.0016666666666666668,0.5863658873768572,-0.5863658873768572,-0.5863658873768572,-0.5863658873768572,0.5863658873768572,0.0,0.5863658873768572
2018-03-31,-0.02693969568384099,-0.02693969568384099,-0.021035277324526147,1.644651714393739,0.0,0.0016666666666666668,-0.5863658873768571,-0.5863658873768571,0.7818211831691428,-0.5863658873768571,0.7818211831691428,0.09772764789614286,0.09772764789614286
2018-04-30,0.02409403720387237,0.02409403720387237,0.01211031563564724,2.0567406393907044,0.0,0.0016666666666666668,-0.5863658873768572,0.781821183169143,-0.5863658873768572,-0.5863658873768572,0.09772764789614287,0.781821183169143,0.09772764789614287
2018-05-31,-0.0319652745492684,-0.0319652745492684,0.007227008176986072,1.1732159714771724,0.0,0.0016666666666666668,0.5863658873768572,0.5863658873768572,-0.5863658873768572,-0.5863658873768572,-0.5863658873768572,0.5863658873768572,0.0
2018-06-30,-0.006109166460234561,-0.006109166460234561,-8.148939079111184e-05,1.1799912553999854,0.0,0.0016666666666666668,-0.5863658873768572,0.781821183169143,-0.5863658873768572,-0.5863658873768572,0.09772764789614287,0.781821183169143,0.09772764789614287
2018-07-31,-0.00528383066349862,-0.00528383066349862,0.03151734067650058,1.3668205897898629,0.0,0.0016666666666666668,-0.5863658873768571,0.7818211831691428,-0.5863658873768571,0.7818211831691428,0.09772764789614286,0.09772764789614286,-0.5863658873768571
2018-08-31,-0.007638204671047747,-0.007638204671047747,0.012918587757645428,2.049828054859543,0.0,0.0016666666666666668,0.7818211831691428,0.7818211831691428,-0.5863658873768571,-0.5863658873768571,-0.5863658873768571,0.09772764789614286,0.09772764789614286
2018-09-30,-0.00016834750220132448,-0.00016834750220132448,0.006062778861925189,2.739394751342495,0.0,0.0016666666666666668,-0.5863658873768574,0.7818211831691431,0.09772764789614288,0.09772764789614288,0.7818211831691431,-0.5863658873768574,-0.5863658873768574
2018-10-31,-0.016082623494172953,-0.016082623494172953,-0.07318309743114637,2.2397130303523483,0.0,0.0016666666666666668,0.5863658873768572,-0.5863658873768572,-0.5863658873768572,0.5863658873768572,0.5863658873768572,-0.5863658873768572,0.0
2018-11-30,0.0015275901716924056,0.0015275901716924056,0.011937101716059662,1.7683439911624599,0.0,0.0016666666666666668,0.5863658873768572,0.5863658873768572,0.0,-0.5863658873768572,0.5863658873768572,-0.5863658873768572,-0.5863658873768572
2018-12-31,0.015126840689031933,0.015126840689031933,-0.07562923425417822,2.1269933854530585,0.0,0.0016666666666666668,-0.5863658873768574,1.055458597278343,-0.5863658873768574,-0.5863658873768574,0.2345463549507429,0.2345463549507429,0.2345463549507429
2019-01-31,-0.010706584032185993,-0.010706584032185993,0.07821671452246504,1.5310182301155766,0.0,0.0016666666666666668,-0.5863658873768572,0.5863658873768572,0.5863658873768572,-0.5863658873768572,0.5863658873768572,-0.5863658873768572,0.0
2019-02-28,0.022102113637043713,0.022102113637043713,0.030656471488933912,1.1976463426073511,0.0,0.0016666666666666668,-0.5863658873768571,0.7818211831691428,-0.5863658873768571,-0.5863658873768571,0.7818211831691428,0.09772764789614286,0.09772764789614286
2019-03-31,0.00834593020043207,0.00834593020043207,0.013909444044370334,1.375784499858845,0.0,0.0016666666666666668,-0.5863658873768571,0.7818211831691428,-0.5863658873768571,0.7818211831691428,-0.5863658873768571,0.09772764789614286,0.09772764789614286
2019-04-30,0.010537247935804283,0.010537247935804283,0.03602883048752492,0.5019233071517234,0.0,0.0016666666666666668,-0.5863658873768572,0.5863658873768572,-0.5863658873768572,0.5863658873768572,-0.5863658873768572,0.5863658873768572,0.0
2019-05-31,0.04512774079597405,0.04512774079597405,-0.05681771129129787,1.1655140135776991,0.0,0.0016666666666666668,-0.5863658873768572,0.5863658873768572,-0.5863658873768572,0.5863658873768572,0.5863658873768572,-0.5863658873768572,0.0
2019-06-30,-0.004408641375081958,-0.004408641375081958,0.06635086234743204,0.030383696326795384,0.0,0.0016666666666666668,-0.5863658873768572,0.5863658873768572,-0.5863658873768572,0.5863658873768572,0.5863658873768572,-0.5863658873768572,0.0
2019-07-31,0.01070387975007776,0.01070387975007776,0.005260894511322833,1.2016517159922948,0.0,0.0016666666666666668,0.5863658873768572,0.5863658873768572,-0.5863658873768572,0.5863658873768572,0.0,-0.5863658873768572,-0.5863658873768572
2019-08-31,0.048162647219864296,0.048162647219864296,-0.019903497292386385,0.015996114238832126,0.0,0.0016666666666666668,0.5863658873768572,0.5863658873768572,-0.5863658873768572,0.5863658873768572,0.0,-0.5863658873768572,-0.5863658873768572
2019-09-30,-0.02384460077731864,-0.02384460077731864,0.021827681482483374,2.1652753697863725,0.0,0.0016666666666666668,-0.5863658873768574,0.09772764789614288,-0.5863658873768574,0.09772764789614288,0.7818211831691431,0.7818211831691431,-0.5863658873768574
2019-10-31,-0.02199626760640786,-0.02199626760640786,0.025727575172623585,2.0483280975056752,0.0,0.0016666666666666668,-0.5863658873768572,0.781821183169143,-0.5863658873768572,0.781821183169143,0.09772764789614287,-0.5863658873768572,0.09772764789614287
2019-11-30,0.013457953983812908,0.013457953983812908,0.0283783863835374,1.0801338620786698,0.0,0.0016666666666666668,-0.5863658873768572,0.5863658873768572,-0.5863658873768572,0.5863658873768572,-0.5863658873768572,0.0,0.5863658873768572
2019-12-31,0.027750840225418696,0.027750840225418696,0.030363063576867688,1.6618669743805232,0.0,0.0016666666666666668,-0.5863658873768574,-0.5863658873768574,0.7818211831691431,0.09772764789614288,-0.5863658873768574,0.09772764789614288,0.7818211831691431
2020-01-31,0.05378674685618517,0.05378674685618517,-0.0057813886924513724,1.3967279851475822,0.0,0.0016666666666666668,-0.5863658873768574,-0.5863658873768574,-0.5863658873768574,0.09772764789614288,0.09772764789614288,0.7818211831691431,0.7818211831691431
2020-02-29,-0.0349306059799174,-0.0349306059799174,-0.08417582112531241,1.6721630723202743,0.0,0.0016666666666666668,-0.5863658873768572,-0.5863658873768572,0.5863658873768572,-0.5863658873768572,0.5863658873768572,0.5863658873768572,0.0
2020-03-31,0.030506580332410937,0.030506580332410937,-0.13168671410486532,1.6641875334179952,0.0,0.0016666666666666668,-0.5863658873768571,-0.5863658873768571,-0.5863658873768571,0.7818211831691428,0.7818211831691428,0.09772764789614286,0.09772764789614286
2020-04-30,-0.05324879377394501,-0.05324879377394501,0.11002046506587715,1.3752105644906276,0.0,0.0016666666666666668,-0.5863658873768571,0.7818211831691428,-0.5863658873768571,0.7818211831691428,0.09772764789614286,0.09772764789614286,-0.5863658873768571
2020-05-31,-0.017894833634028114,-0.017894833634028114,0.048963632894325704,2.279381426456527,0.0,0.0016666666666666668,0.5863658873768572,-0.5863658873768572,-0.5863658873768572,0.5863658873768572,-0.5863658873768572,0.5863658873768572,0.0
2020-06-30,-0.028599224416097704,-0.028599224416097704,0.026916608715676915,1.1858591495115078,0.0,0.0016666666666666668,-0.5863658873768572,-0.5863658873768572,-0.5863658873768572,0.781821183169143,0.09772764789614287,0.781821183169143,0.09772764789614287
2020-07-31,0.030221899371182633,0.030221899371182633,0.04822341719475376,2.3646960002889448,0.0,0.0016666666666666668,0.5863658873768572,-0.5863658873768572,0.5863658873768572,0.5863658873768572,-0.5863658873768572,-0.5863658873768572,0.0
2020-08-31,-0.02638911486079757,-0.02638911486079757,0.06728294477392005,1.2164218630518784,0.0,0.0016666666666666668,0.5863658873768572,-0.5863658873768572,-0.5863658873768572,0.5863658873768572,0.5863658873768572,-0.5863658873768572,0.0
2020-09-30,-0.023016504355280895,-0.023016504355280895,-0.03404712538396337,1.67863149052076,0.0,0.0016666666666666668,-0.5863658873768572,-0.5863658873768572,0.781821183169143,0.781821183169143,0.09772764789614287,-0.5863658873768572,0.09772764789614287
2020-10-31,0.006872477033310246,0.006872477033310246,-0.030428818263848467,2.3337022749380654,0.0,0.0016666666666666668,0.5863658873768572,-0.5863658873768572,0.5863658873768572,-0.5863658873768572,0.0,0.5863658873768572,-0.5863658873768572
2020-11-30,-0.02538265825360141,-0.02538265825360141,0.12828403587751724,2.332205734798304,0.0,0.0016666666666666668,-0.5863658873768572,-0.5863658873768572,-0.5863658873768572,0.781821183169143,0.09772764789614287,0.781821183169143,0.09772764789614287
2020-12-31,0.013906973674129026,0.013906973674129026,0.04279291529869855,1.6882168432120161,0.0,0.0016666666666666668,0.5863658873768572,-0.5863658873768572,-0.5863658873768572,-0.5863658873768572,0.5863658873768572,0.5863658873768572,0.0
2021-01-31,-0.0009894081632046145,-0.0009894081632046145,-0.0096726899958125,0.033417030058097874,0.0,0.0016666666666666668,0.5863658873768572,-0.5863658873768572,-0.5863658873768572,-0.5863658873768572,0.5863658873768572,0.5863658873768572,0.0
2021-02-28,0.002790983711858012,0.002790983711858012,0.02599111334571913,1.6651966049937352,0.0,0.0016666666666666668,-0.5863658873768571,-0.5863658873768571,0.7818211831691428,-0.5863658873768571,0.7818211831691428,0.09772764789614286,0.09772764789614286
2021-03-31,0.0034316384749033474,0.0034316384749033474,0.03398856251546967,0.6892260108762859,0.0,0.0016666666666666668,-0.5863658873768572,-0.5863658873768572,0.781821183169143,-0.5863658873768572,0.09772764789614287,0.781821183169143,0.09772764789614287
2021-04-30,0.004461931799566405,0.004461931799566405,0.046993376343310356,0.4947640154041285,0.0,0.0016666666666666668,-0.5863658873768572,-0.5863658873768572,0.5863658873768572,-0.5863658873768572,0.0,0.5863658873768572,0.5863658873768572
2021-05-31,0.007423270119280999,0.007423270119280999,0.014975131276260267,0.7128845725482156,0.0,0.0016666666666666668,-0.5863658873768574,-0.5863658873768574,1.055458597278343,-0.5863658873768574,0.2345463549507429,0.2345463549507429,0.2345463549507429
2021-06-30,-0.03341590247579451,-0.03341590247579451,0.015271243816805447,0.5613441205778392,0.0,0.0016666666666666668,-0.5863658873768571,-0.5863658873768571,0.7818211831691428,-0.5863658873768571,0.7818211831691428,0.09772764789614286,0.09772764789614286
2021-07-31,-0.006871654884069631,-0.006871654884069631,0.01818369056726321,0.03143209641484756,0.0,0.0016666666666666668,-0.5863658873768571,-0.5863658873768571,0.7818211831691428,-0.5863658873768571,0.7818211831691428,0.09772764789614286,0.09772764789614286
2021-08-31,0.002403861412840964,0.002403861412840964,0.02524838777323457,1.9332741886168059,0.0,0.0016666666666666668,-0.5863658873768574,1.055458597278343,-0.5863658873768574,-0.5863658873768574,0.2345463549507429,0.2345463549507429,0.2345463549507429
2021-09-30,0.005267211329737479,0.005267211329737479,-0.0409716872030218,0.5521915837711182,0.0,0.0016666666666666668,-0.5863658873768571,0.7818211831691428,-0.5863658873768571,-0.5863658873768571,0.7818211831691428,0.09772764789614286,0.09772764789614286
2021-10-31,-0.022494175051210173,-0.022494175051210173,0.05690030631624787,1.6556580416789632,0.0,0.0016666666666666668,-0.5863658873768572,0.5863658873768572,-0.5863658873768572,0.5863658873768572,-0.5863658873768572,0.5863658873768572,0.0
2021-11-30,-0.03379009020218314,-0.03379009020218314,-0.021530962315698177,2.359934907312282,0.0,0.0016666666666666668,-0.5863658873768572,-0.5863658873768572,0.781821183169143,-0.5863658873768572,0.09772764789614287,0.781821183169143,0.09772764789614287
2021-12-31,0.036567380402850215,0.036567380402850215,0.04306379751648315,0.4819807192553431,0.0,0.0016666666666666668,-0.5863658873768572,-0.5863658873768572,0.5863658873768572,-0.5863658873768572,0.0,0.5863658873768572,0.5863658873768572
2022-01-31,0.04322936811626586,0.04322936811626586,-0.05269148175938354,2.356943438168803,0.0,0.0016666666666666668,-0.5863658873768574,0.7818211831691431,-0.5863658873768574,0.09772764789614288,0.09772764789614288,0.7818211831691431,-0.5863658873768574
2022-02-28,0.026031682096411077,0.026031682096411077,-0.024875177160341932,1.7443109552781197,0.0,0.0016666666666666668,-0.5863658873768572,0.5863658873768572,0.5863658873768572,-0.5863658873768572,-0.5863658873768572,0.5863658873768572,0.0
2022-03-31,-0.011644262786518207,-0.011644262786518207,0.02814149013683509,2.3538800730077964,0.0,0.0016666666666666668,-0.5863658873768574,-0.5863658873768574,-0.5863658873768574,0.2345463549507429,0.2345463549507429,1.055458597278343,0.2345463549507429
2022-04-30,0.04720862862991493,0.04720862862991493,-0.082672372381836,2.352596048379865,0.0,0.0016666666666666668,-0.5863658873768572,0.5863658873768572,0.5863658873768572,-0.5863658873768572,-0.5863658873768572,0.5863658873768572,0.0
2022-05-31,0.003304110654236856,0.003304110654236856,0.0015263861140393242,1.2126150265376519,0.0,0.0016666666666666668,-0.5863658873768572,-0.5863658873768572,0.781821183169143,-0.5863658873768572,0.09772764789614287,0.781821183169143,0.09772764789614287
2022-06-30,0.0294030556255509,0.0294030556255509,-0.08625541764222988,1.3762643661013796,0.0,0.0016666666666666668,-0.5863658873768574,-0.5863658873768574,-0.5863658873768574,0.2345463549507429,0.2345463549507429,1.055458597278343,0.2345463549507429
2022-07-31,-0.012289312734981685,-0.012289312734981685,0.07972424315970272,2.725112122825751,0.0,0.0016666666666666668,-0.5863658873768574,0.7818211831691431,0.7818211831691431,0.09772764789614288,0.09772764789614288,-0.5863658873768574,-0.5863658873768574
2022-08-31,-0.029710159859769287,-0.029710159859769287,-0.041374529605258226,2.7651930566802436,0.0,0.0016666666666666668,-0.5863658873768574,-0.5863658873768574,-0.5863658873768574,0.2345463549507429,1.055458597278343,0.2345463549507429,0.2345463549507429
2022-09-30,0.05505487648694937,0.05505487648694937,-0.09241023620387423,1.5141281996948168,0.0,0.0016666666666666668,-0.5863658873768572,0.5863658873768572,-0.5863658873768572,0.5863658873768572,0.5863658873768572,-0.5863658873768572,0.0
2022-10-31,0.022838754602399577,0.022838754602399577,0.0720743369670207,1.530310096564625,0.0,0.0016666666666666668,-0.5863658873768574,1.055458597278343,-0.5863658873768574,-0.5863658873768574,0.2345463549507429,0.2345463549507429,0.2345463549507429
2022-11-30,-0.04422451474496693,-0.04422451474496693,0.07004994638709006,0.02321295898750074,0.0,0.0016666666666666668,-0.5863658873768574,1.055458597278343,-0.5863658873768574,-0.5863658873768574,0.2345463549507429,0.2345463549507429,0.2345463549507429
2022-12-31,-0.04101196986230363,-0.04101196986230363,-0.04208373050758829,1.5631030922504277,0.0,0.0016666666666666668,0.5863658873768572,0.5863658873768572,-0.5863658873768572,-0.5863658873768572,-0.5863658873768572,0.0,0.5863658873768572
2023-01-31,0.022652591542303143,0.022652591542303143,0.07105447097840578,2.34530061939719,0.0,0.0016666666666666668,-0.5863658873768574,-0.5863658873768574,-0.5863658873768574,0.09772764789614288,0.7818211831691431,0.09772764789614288,0.7818211831691431
2023-02-28,-0.012704301360449408,-0.012704301360449408,-0.023612020263774847,2.114950731042946,0.0,0.0016666666666666668,-0.5863658873768572,-0.5863658873768572,0.781821183169143,-0.5863658873768572,0.09772764789614287,0.781821183169143,0.09772764789614287
2023-03-31,0.016473600373168626,0.016473600373168626,0.03175241986882016,1.900327950293357,0.0,0.0016666666666666668,-0.5863658873768574,-0.5863658873768574,-0.5863658873768574,1.055458597278343,0.2345463549507429,0.2345463549507429,0.2345463549507429
2023-04-30,-0.028214212288827895,-0.028214212288827895,0.018030878539369244,2.7440408872108177,0.0,0.0016666666666666668,-0.5863658873768572,0.5863658873768572,0.5863658873768572,-0.5863658873768572,-0.5863658873768572,0.5863658873768572,0.0
2023-05-31,0.023821032431080635,0.023821032431080635,-0.009198761977582182,1.5321635795498756,0.0,0.0016666666666666668,-0.5863658873768574,1.055458597278343,-0.5863658873768574,-0.5863658873768574,0.2345463549507429,0.2345463549507429,0.2345463549507429
2023-06-30,-0.01601197878513943,-0.01601197878513943,0.060874724261699154,2.0948103661528306,0.0,0.0016666666666666668,0.5863658873768572,0.5863658873768572,-0.5863658873768572,0.0,0.5863658873768572,-0.5863658873768572,-0.5863658873768572
2023-07-31,-0.018630650829367625,-0.018630650829367625,0.033889553950999796,0.030880442490905602,0.0,0.0016666666666666668,0.5863658873768572,0.5863658873768572,-0.5863658873768572,0.0,0.5863658873768572,-0.5863658873768572,-0.5863658873768572
2023-08-31,0.00880917955762811,0.00880917955762811,-0.02343149987885884,1.7699219817242409,0.0,0.0016666666666666668,-0.5863658873768572,0.781821183169143,0.09772764789614287,-0.5863658873768572,0.781821183169143,-0.5863658873768572,0.09772764789614287
2023-09-30,-0.0034224188969305003,-0.0034224188969305003,-0.042705386139554435,1.3764681831894683,0.0,0.0016666666666666668,-0.5863658873768571,-0.5863658873768571,0.7818211831691428,-0.5863658873768571,0.7818211831691428,0.09772764789614286,0.09772764789614286
2023-10-31,0.024430809599991547,0.024430809599991547,-0.02878366128566201,2.3072178084057153,0.0,0.0016666666666666668,0.5863658873768572,0.5863658873768572,-0.5863658873768572,-0.5863658873768572,0.5863658873768572,-0.5863658873768572,0.0
2023-11-30,0.029461836438605407,0.029461836438605407,0.09428480129885441,1.1841254395030978,0.0,0.0016666666666666668,0.5863658873768572,-0.5863658873768572,-0.5863658873768572,-0.5863658873768572,0.5863658873768572,0.5863658873768572,0.0
2023-12-31,0.023403243177453473,0.023403243177453473,0.04944657113909945,0.0719893319647103,0.0,0.0016666666666666668,0.5863658873768572,-0.5863658873768572,-0.5863658873768572,-0.5863658873768572,0.5863658873768572,0.5863658873768572,0.0
2024-01-31,0.01054337562754478,0.01054337562754478,0.012261945729694856,1.6866059610336444,0.0,0.0016666666666666668,-0.5863658873768571,0.7818211831691428,-0.5863658873768571,-0.5863658873768571,0.7818211831691428,0.09772764789614286,0.09772764789614286
2024-02-29,-0.0001630088366450181,-0.0001630088366450181,0.04281991876882607,1.9029418792334172,0.0,0.0016666666666666668,-0.5863658873768574,-0.5863658873768574,1.055458597278343,-0.5863658873768574,0.2345463549507429,0.2345463549507429,0.2345463549507429
2024-03-31,-0.00420536140780376,-0.00420536140780376,0.03280241172908105,2.686328764511931,0.0,0.0016666666666666668,0.5863658873768572,0.5863658873768572,-0.5863658873768572,-0.5863658873768572,0.5863658873768572,-0.5863658873768572,0.0
2024-04-30,0.007891582320315848,0.007891582320315848,-0.03669620191916756,1.7613226108675875,0.0,0.0016666666666666668,-0.5863658873768572,0.5863658873768572,-0.5863658873768572,-0.5863658873768572,0.0,0.5863658873768572,0.5863658873768572
2024-05-31,0.027577096111317,0.027577096111317,0.0453197210152505,2.3557435175356036,0.0,0.0016666666666666668,-0.5863658873768574,-0.5863658873768574,0.2345463549507429,0.2345463549507429,0.2345463549507429,-0.5863658873768574,1.055458597278343
2024-06-30,0.03847072070316172,0.03847072070316172,0.020679277486634673,1.6655661097134722,0.0,0.0016666666666666668,-0.5863658873768574,-0.5863658873768574,-0.5863658873768574,0.2345463549507429,1.055458597278343,0.2345463549507429,0.2345463549507429
2024-07-31,-0.01772267654644821,-0.01772267654644821,0.01789025740302219,1.898000341933277,0.0,0.0016666666666666668,-0.5863658873768572,-0.5863658873768572,0.5863658873768572,0.0,-0.5863658873768572,0.5863658873768572,0.5863658873768572
2024-08-31,0.018006711973356848,0.018006711973356848,0.02680134836431547,1.209298208474408,0.0,0.0016666666666666668,-0.5863658873768572,-0.5863658873768572,0.5863658873768572,-0.5863658873768572,0.5863658873768572,0.5863658873768572,0.0
2024-09-30,-0.005004424265904254,-0.005004424265904254,0.018771913381583127,1.2103372941224577,0.0,0.0016666666666666668,-0.5863658873768572,-0.5863658873768572,-0.5863658873768572,0.0,0.5863658873768572,0.5863658873768572,0.5863658873768572
2024-10-31,-0.005403980158247956,-0.005403980158247956,-0.01961238998172654,0.46646744645517313,0.0,0.0016666666666666668,-0.5863658873768574,-0.5863658873768574,-0.5863658873768574,0.43977441553264307,0.43977441553264307,0.43977441553264307,0.43977441553264307
2024-11-30,0.013312301101194456,0.013312301101194456,0.0462499625681414,0.06725573231466828,0.0,0.0016666666666666668,-0.5863658873768574,-0.5863658873768574,-0.5863658873768574,0.43977441553264307,0.43977441553264307,0.43977441553264307,0.43977441553264307
2024-12-31,0.0010025263291544746,0.0010025263291544746,-0.025739893554061255,2.490615717962383,0.0,0.0016666666666666668,-0.5863658873768572,0.5863658873768572,0.5863658873768572,-0.5863658873768572,0.5863658873768572,0.0,-0.5863658873768572
2025-01-31,-0.007932848824965444,-0.007932848824965444,0.03553918394779765,2.3345992595683214,0.0,0.0016666666666666668,-0.5863658873768572,-0.5863658873768572,-0.5863658873768572,0.5863658873768572,0.5863658873768572,0.0,0.5863658873768572
2025-02-28,0.0013103679666001027,0.0013103679666001027,-0.006877922134427172,1.0578200382614509,0.0,0.0016666666666666668,-0.5863658873768574,-0.5863658873768574,-0.5863658873768574,0.2345463549507429,0.2345463549507429,1.055458597278343,0.2345463549507429
2025-03-31,-0.0063797132824899745,-0.0063797132824899745,-0.043895745161649846,1.5182563725556346,0.0,0.0016666666666666668,-0.5863658873768572,-0.5863658873768572,0.5863658873768572,0.5863658873768572,-0.5863658873768572,0.5863658873768572,0.0
2025-04-30,-0.0009980676191086377,-0.0009980676191086377,0.00934537400269364,1.1836916933043788,0.0,0.0016666666666666668,-0.5863658873768572,-0.5863658873768572,-0.5863658873768572,0.5863658873768572,0.5863658873768572,0.5863658873768572,0.0
2025-05-31,0.008437800073158998,0.008437800073158998,0.05989076238836755,0.7148118603728231,0.0,0.0016666666666666668,-0.5863658873768574,-0.5863658873768574,-0.5863658873768574,0.2345463549507429,1.055458597278343,0.2345463549507429,0.2345463549507429
2025-06-30,0.018137183786522557,0.018137183786522557,0.043488264387247844,1.5312269737073618,0.0,0.0016666666666666668,0.5863658873768572,-0.5863658873768572,-0.5863658873768572,0.5863658873768572,0.5863658873768572,-0.5863658873768572,0.0
2025-07-31,0.002840148691536719,0.002840148691536719,0.013121147840592817,2.360963016417939,0.0,0.0016666666666666668,-0.5863658873768572,-0.5863658873768572,0.09772764789614287,-0.5863658873768572,0.781821183169143,0.781821183169143,0.09772764789614287
2025-08-31,0.0045189826839961995,0.0045189826839961995,0.026408418382837917,1.3805828730641616,0.0,0.0016666666666666668,-0.5863658873768571,-0.5863658873768571,-0.5863658873768571,0.7818211831691428,0.7818211831691428,0.09772764789614286,0.09772764789614286
2025-09-30,0.01969810013782423,0.01969810013782423,0.03257397590137967,2.273371402968314,0.0,0.0016666666666666668,0.5863658873768572,-0.5863658873768572,0.0,-0.5863658873768572,0.5863658873768572,0.5863658873768572,-0.5863658873768572
2025-10-31,-0.008882802483627628,-0.008882802483627628,0.020226026495081317,0.5962995651548708,0.0,0.0016666666666666668,0.5863658873768572,-0.5863658873768572,-0.5863658873768572,0.0,0.5863658873768572,0.5863658873768572,-0.5863658873768572
