Date,ret_net,ret_gross,ret_bm,turnover,tcost,ret_rf,w_CH_Rt,w_EU_Rt,w_AU_Rt,w_US_Rt,w_EM_Rt,w_UK_Rt,w_JP_Rt
1999-04-30,0.018318348440405696,0.018318348440405696,0.0395547340779856,0.0,0.0,0.0016666666666666668,1.5,0.0,-1.5,-1.5,1.5,0.0,0.0
1999-05-31,-0.0008600480908529098,-0.0008600480908529098,-0.034399748399274066,4.258851608093486,0.0,0.0016666666666666668,-1.5000000000000004,0.25,2.0,-1.5000000000000004,0.25,0.25,0.25
1999-06-30,-0.010152133463877444,-0.010152133463877444,0.04765170343448211,4.24941252374132,0.0,0.0016666666666666668,1.5,0.0,-1.5,-1.5,1.5,0.0,0.0
1999-07-31,-0.008355371833162206,-0.008355371833162206,-0.0032163690320224925,3.0035643668043743,0.0,0.0016666666666666668,-1.5,0.0,0.0,-1.5,1.5,0.0,1.5
1999-08-31,2.7311065800284407e-05,2.7311065800284407e-05,-0.0013878459771211604,2.499813093845299,0.0,0.0016666666666666668,-1.5000000000000004,0.25,2.0,-1.5000000000000004,0.25,0.25,0.25
1999-09-30,-0.017934858596287184,-0.017934858596287184,-0.009399954061683258,3.0012250584528535,0.0,0.0016666666666666668,1.5,0.0,1.5,-1.5,-1.5,0.0,0.0
1999-10-31,0.0007835972389779733,0.0007835972389779733,0.05158916586106033,1.509443951607586,0.0,0.0016666666666666668,1.5,0.0,0.0,-1.5,-1.5,0.0,1.5
1999-11-30,0.005437704161566803,0.005437704161566803,0.028166617324002052,4.498402648529074,0.0,0.0016666666666666668,-1.5,0.0,1.5,-1.5,1.5,0.0,0.0
1999-12-31,0.007128258288699729,0.007128258288699729,0.08096890181306127,3.0020056058238214,0.0,0.0016666666666666668,-1.5,0.0,-1.5,0.0,1.5,0.0,1.5
2000-01-31,0.0011190175623227994,0.0011190175623227994,-0.057715734082967374,3.0041774524128915,0.0,0.0016666666666666668,1.5,0.0,-1.5,-1.5,1.5,0.0,0.0
2000-02-29,-0.00045887363011665183,-0.00045887363011665183,0.002762519062270874,1.9969217449778274,0.0,0.0016666666666666668,1.0,-1.0,-1.0,-1.0,1.0,0.0,1.0
2000-03-31,0.0023097625472913164,0.0023097625472913164,0.06991860629688929,0.002660565490279765,0.0,0.0016666666666666668,1.0,-1.0,-1.0,-1.0,1.0,0.0,1.0
2000-04-30,-0.0022254426213839107,-0.0022254426213839107,-0.04189354443008353,2.001456578934686,0.0,0.0016666666666666668,-1.0,-1.0,1.0,-1.0,1.0,0.0,1.0
2000-05-31,-0.009653794690085316,-0.009653794690085316,-0.0240841056576665,2.001782610785781,0.0,0.0016666666666666668,-1.0,1.0,-1.0,-1.0,1.0,0.0,1.0
2000-06-30,0.002470861024459814,0.002470861024459814,0.034036034612150434,2.001990699093953,0.0,0.0016666666666666668,-1.0,-1.0,-1.0,1.0,1.0,0.0,1.0
2000-07-31,0.007075565743515422,0.007075565743515422,-0.028303681231480637,0.8383329148115111,0.0,0.0016666666666666668,-1.0,-1.0,-1.0,1.3333333333333335,0.16666666666666669,0.16666666666666669,1.3333333333333335
2000-08-31,-0.004427023664345534,-0.004427023664345534,0.03308973207497812,3.500129838395962,0.0,0.0016666666666666668,-0.9999999999999998,-0.9999999999999998,1.333333333333333,-0.9999999999999998,1.333333333333333,0.16666666666666663,0.16666666666666663
2000-09-30,-0.004386916838879669,-0.004386916838879669,-0.053066579706538164,2.334511164303959,0.0,0.0016666666666666668,-1.0,-1.0,-1.0,0.16666666666666669,1.3333333333333335,0.16666666666666669,1.3333333333333335
2000-10-31,0.004065452695411772,0.004065452695411772,-0.01708632889252326,2.335601794876029,0.0,0.0016666666666666668,1.3333333333333335,-1.0,-1.0,0.16666666666666669,1.3333333333333335,0.16666666666666669,-1.0
2000-11-30,0.002602203368393008,0.002602203368393008,-0.0606601940442153,0.8373535105212069,0.0,0.0016666666666666668,1.0,-1.0,-1.0,1.0,1.0,0.0,-1.0
2000-12-31,-0.0005418488114444787,-0.0005418488114444787,0.01591946220662588,4.00184635976368,0.0,0.0016666666666666668,-0.9999999999999998,-0.9999999999999998,1.333333333333333,-0.9999999999999998,1.333333333333333,0.16666666666666663,0.16666666666666663
2001-01-31,0.009972939905046479,0.009972939905046479,0.019407621548701348,1.1737490082546578,0.0,0.0016666666666666668,-1.0,-1.0,1.3333333333333335,0.16666666666666669,1.3333333333333335,0.16666666666666669,-1.0
2001-02-28,0.0025292570974843054,0.0025292570974843054,-0.08428769373237754,0.8399751869801644,0.0,0.0016666666666666668,-1.0,-1.0,1.0,1.0,1.0,0.0,-1.0
2001-03-31,0.0037755408135403006,0.0037755408135403006,-0.0655272686679571,1.203642962562827,0.0,0.0016666666666666668,-1.0,-1.0,1.7999999999999998,0.4,0.4,0.4,-1.0
2001-04-30,0.016620434742543266,0.016620434742543266,0.07430005225069602,3.2030352813954917,0.0,0.0016666666666666668,-1.0,-1.0,-1.0,1.0,1.0,0.0,1.0
2001-05-31,-0.00963190314017015,-0.00963190314017015,-0.012220869933740608,2.0073637102877346,0.0,0.0016666666666666668,-1.0,-1.0,1.0,1.0,-1.0,0.0,1.0
2001-06-30,0.0007043516190008425,0.0007043516190008425,-0.030863021105020816,2.003494092400298,0.0,0.0016666666666666668,-1.0,-1.0,-1.0,1.0,1.0,0.0,1.0
2001-07-31,0.0019155750209688405,0.0019155750209688405,-0.013128855292933617,0.0018369816990330134,0.0,0.0016666666666666668,-1.0,-1.0,-1.0,1.0,1.0,0.0,1.0
2001-08-31,0.0011025858468045602,0.0011025858468045602,-0.047819612566213254,0.0017338573076232655,0.0,0.0016666666666666668,-1.0,-1.0,-1.0,1.0,1.0,0.0,1.0
2001-09-30,0.012411659552098775,0.012411659552098775,-0.08808865963568435,2.0040085554547113,0.0,0.0016666666666666668,1.0,-1.0,-1.0,1.0,1.0,0.0,-1.0
2001-10-31,0.0009474853646931786,0.0009474853646931786,0.019328349104505538,2.6061831907719553,0.0,0.0016666666666666668,-1.0,-1.0,-1.0,1.7999999999999998,0.4,0.4,0.4
2001-11-30,-0.0016881269145300189,-0.0016881269145300189,0.05942339866912216,2.8060403386553503,0.0,0.0016666666666666668,-1.0,-1.0,1.7999999999999998,0.4,0.4,0.4,-1.0
2001-12-31,0.0008915387005022484,0.0008915387005022484,0.00642655739927922,0.0026763080443568676,0.0,0.0016666666666666668,-1.0,-1.0,1.7999999999999998,0.4,0.4,0.4,-1.0
2002-01-31,-0.001150281252736085,-0.001150281252736085,-0.030179445422376716,3.199653921312545,0.0,0.0016666666666666668,-1.0,1.0,-1.0,1.0,1.0,0.0,-1.0
2002-02-28,-0.0004668164505003588,-0.0004668164505003588,-0.008483058878764771,2.8342272382202696,0.0,0.0016666666666666668,-1.0,-1.0,-1.0,1.3333333333333335,0.16666666666666669,0.16666666666666669,1.3333333333333335
2002-03-31,0.0011040866424563145,0.0011040866424563145,0.04461351842869887,0.8336125169914201,0.0,0.0016666666666666668,-1.0,-1.0,-1.0,1.0,1.0,0.0,1.0
2002-04-30,0.0004919035196786492,0.0004919035196786492,-0.0335688321381763,1.998770222586563,0.0,0.0016666666666666668,-1.0,-1.0,1.0,1.0,-1.0,0.0,1.0
2002-05-31,0.007936870634505176,0.007936870634505176,0.0023893474624039346,4.007725643613673,0.0,0.0016666666666666668,1.3333333333333335,-1.0,-1.0,-1.0,0.16666666666666669,0.16666666666666669,1.3333333333333335
2002-06-30,-0.004226292372123819,-0.004226292372123819,-0.06034842407994079,3.2707320706739234,0.0,0.0016666666666666668,-1.0,-1.0,-1.0,1.7999999999999998,0.4,0.4,0.4
2002-07-31,-0.00795176941770059,-0.00795176941770059,-0.08406593142693564,0.9370955023206984,0.0,0.0016666666666666668,-0.9999999999999998,-0.9999999999999998,-0.9999999999999998,1.333333333333333,1.333333333333333,0.16666666666666663,0.16666666666666663
2002-08-31,-0.0016930444600791405,-0.0016930444600791405,0.002190545928051124,3.0403380503995767,0.0,0.0016666666666666668,-1.0,-1.0,1.7999999999999998,0.4,0.4,0.4,-1.0
2002-09-30,-0.005015486746257569,-0.005015486746257569,-0.10964976491617318,2.7995107898644513,0.0,0.0016666666666666668,-1.0,-1.0,-1.0,0.7500000000000002,0.7500000000000002,0.7500000000000002,0.7500000000000002
2002-10-31,-0.0013456558705076853,-0.0013456558705076853,0.07398839582541217,2.9201271799243855,0.0,0.0016666666666666668,-0.9999999999999998,1.333333333333333,-0.9999999999999998,-0.9999999999999998,1.333333333333333,0.16666666666666663,0.16666666666666663
2002-11-30,-0.0019089873641413568,-0.0019089873641413568,0.05413744826486555,3.999552269164969,0.0,0.0016666666666666668,1.0,1.0,-1.0,1.0,-1.0,0.0,-1.0
2002-12-31,-0.0013235647268956912,-0.0013235647268956912,-0.04821259386869514,4.001223243265569,0.0,0.0016666666666666668,-1.0,-1.0,0.16666666666666669,1.3333333333333335,-1.0,0.16666666666666669,1.3333333333333335
2003-01-31,0.0012667530604150157,0.0012667530604150157,-0.030203629213024774,4.002668796578155,0.0,0.0016666666666666668,-1.0,1.0,-1.0,1.0,1.0,0.0,-1.0
2003-02-28,-0.002845148482062576,-0.002845148482062576,-0.017100825067233427,2.5007330955040086,0.0,0.0016666666666666668,-1.0,-1.0,-1.0,0.7500000000000002,0.7500000000000002,0.7500000000000002,0.7500000000000002
2003-03-31,0.0013471443830018008,0.0013471443830018008,-0.0026226145839067794,1.1679372960130465,0.0,0.0016666666666666668,-1.0,-1.0,-1.0,0.16666666666666669,1.3333333333333335,0.16666666666666669,1.3333333333333335
2003-04-30,0.0031302850637994206,0.0031302850637994206,0.08943709722386362,4.002764097970167,0.0,0.0016666666666666668,1.0,1.0,-1.0,-1.0,-1.0,0.0,1.0
2003-05-31,0.0013690055502038057,0.0013690055502038057,0.057688236985301566,1.9992138504309331,0.0,0.0016666666666666668,1.0,-1.0,-1.0,-1.0,1.0,0.0,1.0
2003-06-30,0.0012195777282797782,0.0012195777282797782,0.01776222084265333,4.835768468533367,0.0,0.0016666666666666668,-0.9999999999999998,1.333333333333333,-0.9999999999999998,1.333333333333333,-0.9999999999999998,0.16666666666666663,0.16666666666666663
2003-07-31,0.001067519849726084,0.001067519849726084,0.020512262629590827,4.001544666857028,0.0,0.0016666666666666668,1.0,1.0,-1.0,-1.0,1.0,0.0,-1.0
2003-08-31,0.0006934414001510403,0.0006934414001510403,0.021888402965644538,2.0020794982772974,0.0,0.0016666666666666668,-1.0,1.0,-1.0,1.0,1.0,0.0,-1.0
2003-09-30,0.0016543780295770413,0.0016543780295770413,0.006417857465833121,4.600807389914905,0.0,0.0016666666666666668,1.7999999999999998,-1.0,-1.0,-1.0,0.4,0.4,0.4
2003-10-31,0.008921040525758815,0.008921040525758815,0.05954996555340464,0.9346636575391514,0.0,0.0016666666666666668,1.333333333333333,-0.9999999999999998,-0.9999999999999998,-0.9999999999999998,1.333333333333333,0.16666666666666663,0.16666666666666663
2003-11-30,0.005776507030423317,0.005776507030423317,0.015464238130071362,0.8377688486791386,0.0,0.0016666666666666668,1.0,-1.0,-1.0,-1.0,1.0,0.0,1.0
2003-12-31,0.00031351932626955126,0.00031351932626955126,0.06307386184068275,2.0028882535152115,0.0,0.0016666666666666668,-1.0,-1.0,-1.0,1.0,1.0,0.0,1.0
2004-01-31,0.0004550788801396255,0.0004550788801396255,0.016268081395822698,0.0027972699160835335,0.0,0.0016666666666666668,-1.0,-1.0,-1.0,1.0,1.0,0.0,1.0
2004-02-29,-0.0008215807344875703,-0.0008215807344875703,0.017137692048866615,2.001431128888221,0.0,0.0016666666666666668,1.0,-1.0,-1.0,-1.0,1.0,0.0,1.0
2004-03-31,0.0017375192910936326,0.0017375192910936326,-0.006169388154118716,2.8338967512332904,0.0,0.0016666666666666668,-0.9999999999999998,1.333333333333333,-0.9999999999999998,-0.9999999999999998,1.333333333333333,0.16666666666666663,0.16666666666666663
2004-04-30,-0.0030728812635814795,-0.0030728812635814795,-0.01991522122902567,0.0017015538547267006,0.0,0.0016666666666666668,-0.9999999999999998,1.333333333333333,-0.9999999999999998,-0.9999999999999998,1.333333333333333,0.16666666666666663,0.16666666666666663
2004-05-31,0.0013109394536866548,0.0013109394536866548,0.009812273395206184,1.998269247589847,0.0,0.0016666666666666668,1.0,1.0,-1.0,-1.0,1.0,0.0,-1.0
2004-06-30,-0.003433740781898398,-0.003433740781898398,0.02104043991082194,4.002189202180151,0.0,0.0016666666666666668,1.0,-1.0,-1.0,1.0,-1.0,0.0,1.0
2004-07-31,-0.0006334456916193831,-0.0006334456916193831,-0.03235879666863162,2.002492428631897,0.0,0.0016666666666666668,1.0,-1.0,-1.0,-1.0,1.0,0.0,1.0
2004-08-31,-0.0015746805726513842,-0.0015746805726513842,0.004874635144669792,2.001627338835325,0.0,0.0016666666666666668,-1.0,-1.0,-1.0,0.16666666666666669,1.3333333333333335,0.16666666666666669,1.3333333333333335
2004-09-30,0.0006092567920158443,0.0006092567920158443,0.01940799002272464,4.001579043052971,0.0,0.0016666666666666668,1.0,1.0,-1.0,-1.0,-1.0,0.0,1.0
2004-10-31,0.010993365372418053,0.010993365372418053,0.02462376888283191,2.8333335795065113,0.0,0.0016666666666666668,-0.9999999999999998,1.333333333333333,-0.9999999999999998,-0.9999999999999998,1.333333333333333,0.16666666666666663,0.16666666666666663
2004-11-30,9.638242836029765e-05,9.638242836029765e-05,0.05302557940569641,2.8390342435289875,0.0,0.0016666666666666668,1.0,1.0,-1.0,-1.0,-1.0,0.0,1.0
2004-12-31,0.005411237855114992,0.005411237855114992,0.03848580293450343,2.0000436923999088,0.0,0.0016666666666666668,1.0,1.0,-1.0,-1.0,1.0,0.0,-1.0
2005-01-31,0.001389523293681175,0.001389523293681175,-0.022300451066896376,4.000127111785612,0.0,0.0016666666666666668,1.333333333333333,-0.9999999999999998,1.333333333333333,-0.9999999999999998,-0.9999999999999998,0.16666666666666663,0.16666666666666663
2005-02-28,-0.005928421740186041,-0.005928421740186041,0.032206314852564866,3.9974649244433103,0.0,0.0016666666666666668,1.0,1.0,-1.0,-1.0,1.0,0.0,-1.0
2005-03-31,0.00858397578771423,0.00858397578771423,-0.01889191673221524,1.996585712795157,0.0,0.0016666666666666668,1.333333333333333,1.333333333333333,-0.9999999999999998,-0.9999999999999998,-0.9999999999999998,0.16666666666666663,0.16666666666666663
2005-04-30,-0.00870032491302656,-0.00870032491302656,-0.021076162438751322,0.004291987893857083,0.0,0.0016666666666666668,1.333333333333333,1.333333333333333,-0.9999999999999998,-0.9999999999999998,-0.9999999999999998,0.16666666666666663,0.16666666666666663
2005-05-31,0.010243786130152865,0.010243786130152865,0.01859648726212315,2.3392403833835416,0.0,0.0016666666666666668,1.3333333333333335,-1.0,-1.0,0.16666666666666669,-1.0,0.16666666666666669,1.3333333333333335
2005-06-30,0.00014788803397869366,0.00014788803397869366,0.009131850633003147,2.0054836493906714,0.0,0.0016666666666666668,1.0,1.0,-1.0,-1.0,-1.0,0.0,1.0
2005-07-31,0.0016326222145714622,0.0016326222145714622,0.0352166377963834,0.8333624406668318,0.0,0.0016666666666666668,1.333333333333333,1.333333333333333,-0.9999999999999998,-0.9999999999999998,-0.9999999999999998,0.16666666666666663,0.16666666666666663
2005-08-31,0.0013354968728778172,0.0013354968728778172,0.008109666139810345,0.8341578588990046,0.0,0.0016666666666666668,1.0,1.0,-1.0,-1.0,-1.0,0.0,1.0
2005-09-30,0.004608125284298584,0.004608125284298584,0.026295678599188133,2.8344122229194064,0.0,0.0016666666666666668,1.333333333333333,-0.9999999999999998,-0.9999999999999998,1.333333333333333,-0.9999999999999998,0.16666666666666663,0.16666666666666663
2005-10-31,0.004900512320912931,0.004900512320912931,-0.024075703741404775,2.8342566643938234,0.0,0.0016666666666666668,-1.0,-1.0,1.0,1.0,-1.0,0.0,1.0
2005-11-30,-0.000754896156245873,-0.000754896156245873,0.033961616946174056,2.000606939664857,0.0,0.0016666666666666668,-1.0,0.16666666666666669,-1.0,1.3333333333333335,-1.0,0.16666666666666669,1.3333333333333335
2005-12-31,-0.002675235776304019,-0.002675235776304019,0.0224252729944332,1.1677433514830868,0.0,0.0016666666666666668,-1.0,-1.0,0.16666666666666669,1.3333333333333335,-1.0,0.16666666666666669,1.3333333333333335
2006-01-31,0.00019724618749839007,0.00019724618749839007,0.04483748566216139,1.1680042845548186,0.0,0.0016666666666666668,-1.0,-1.0,-1.0,1.3333333333333335,0.16666666666666669,0.16666666666666669,1.3333333333333335
2006-02-28,-0.001071527783728654,-0.001071527783728654,-0.000999797041999262,2.833501529489319,0.0,0.0016666666666666668,1.0,-1.0,-1.0,-1.0,1.0,0.0,1.0
2006-03-31,0.002380552908728166,0.002380552908728166,0.02255414431463776,0.8333055899559542,0.0,0.0016666666666666668,1.3333333333333335,-1.0,-1.0,-1.0,0.16666666666666669,0.16666666666666669,1.3333333333333335
2006-04-30,-0.0020678775120834825,-0.0020678775120834825,0.030871140190167345,3.9998984378207374,0.0,0.0016666666666666668,1.0,1.0,1.0,-1.0,-1.0,0.0,-1.0
2006-05-31,0.00029048470534986937,0.00029048470534986937,-0.03322686002788433,2.00166395799738,0.0,0.0016666666666666668,1.0,-1.0,1.0,1.0,-1.0,0.0,-1.0
2006-06-30,-0.0014357355442135011,-0.0014357355442135011,0.00016917642886471462,1.9995821949868595,0.0,0.0016666666666666668,1.0,-1.0,-1.0,1.0,-1.0,0.0,1.0
2006-07-31,0.006694914611465763,0.006694914611465763,0.006500453645624127,2.0011689242816946,0.0,0.0016666666666666668,1.0,-1.0,-1.0,1.0,1.0,0.0,-1.0
2006-08-31,0.000897027393571892,0.000897027393571892,0.026565280250777423,2.0034985093834536,0.0,0.0016666666666666668,-1.0,1.0,-1.0,1.0,1.0,0.0,-1.0
2006-09-30,0.001923036886083196,0.001923036886083196,0.012300178675419104,2.0022003581327295,0.0,0.0016666666666666668,1.0,-1.0,-1.0,1.0,1.0,0.0,-1.0
2006-10-31,0.004565110557350982,0.004565110557350982,0.036921223069855014,2.001593265606438,0.0,0.0016666666666666668,1.0,-1.0,-1.0,-1.0,1.0,0.0,1.0
2006-11-30,-0.0005381448437531411,-0.0005381448437531411,0.025043929226053807,0.002534055983380523,0.0,0.0016666666666666668,1.0,-1.0,-1.0,-1.0,1.0,0.0,1.0
2006-12-31,0.0032261904442385525,0.0032261904442385525,0.020609772745839194,2.0004643461802503,0.0,0.0016666666666666668,1.0,-1.0,-1.0,1.0,1.0,0.0,-1.0
2007-01-31,-0.003486697762896007,-0.003486697762896007,0.012002475847035843,2.0013422312726923,0.0,0.0016666666666666668,1.0,1.0,-1.0,-1.0,1.0,0.0,-1.0
2007-02-28,-0.0026080961467694146,-0.0026080961467694146,-0.004733413109958895,4.001273547757275,0.0,0.0016666666666666668,-0.9999999999999998,-0.9999999999999998,-0.9999999999999998,1.333333333333333,1.333333333333333,0.16666666666666663,0.16666666666666663
2007-03-31,0.00016842200309807875,0.00016842200309807875,0.01883460937027248,2.8334499533017787,0.0,0.0016666666666666668,-1.0,-1.0,1.0,-1.0,1.0,0.0,1.0
2007-04-30,0.004089616843478083,0.004089616843478083,0.044737551188138935,4.0017005987575525,0.0,0.0016666666666666668,1.0,-1.0,1.0,1.0,-1.0,0.0,-1.0
2007-05-31,-0.004163197811597685,-0.004163197811597685,0.029036232002326745,4.0001527661290295,0.0,0.0016666666666666668,-1.0,-1.0,-1.0,1.0,1.0,0.0,1.0
2007-06-30,-0.00333685993118904,-0.00333685993118904,-0.0072830389662880135,3.99783507227591,0.0,0.0016666666666666668,1.0,-1.0,1.0,1.0,-1.0,0.0,-1.0
2007-07-31,-0.0025540844920508565,-0.0025540844920508565,-0.021967697461999003,2.001149272019424,0.0,0.0016666666666666668,-1.0,-1.0,1.0,1.0,-1.0,0.0,1.0
2007-08-31,-0.001459499237868589,-0.001459499237868589,-0.0002279066250172601,2.0010927099271285,0.0,0.0016666666666666668,-1.0,-1.0,-1.0,1.0,1.0,0.0,1.0
2007-09-30,0.0036590058287217326,0.0036590058287217326,0.04795587953595981,0.8395945652946379,0.0,0.0016666666666666668,-1.0,-1.0,-1.0,0.16666666666666669,1.3333333333333335,0.16666666666666669,1.3333333333333335
2007-10-31,-0.0006703161869303642,-0.0006703161869303642,0.030927915665916794,2.836292653237699,0.0,0.0016666666666666668,1.0,-1.0,-1.0,1.0,-1.0,0.0,1.0
2007-11-30,0.011000717202713783,0.011000717202713783,-0.03984876878122068,2.0026812246403187,0.0,0.0016666666666666668,1.0,-1.0,-1.0,1.0,1.0,0.0,-1.0
2007-12-31,0.0029046273133431035,0.0029046273133431035,-0.012600712313260098,2.838380031214567,0.0,0.0016666666666666668,-1.0,-1.0,-1.0,1.3333333333333335,0.16666666666666669,0.16666666666666669,1.3333333333333335
2008-01-31,0.01571404379829633,0.01571404379829633,-0.0761839057564242,2.8336639386063207,0.0,0.0016666666666666668,1.0,-1.0,-1.0,1.0,1.0,0.0,-1.0
2008-02-29,0.00753944712436172,0.00753944712436172,-0.005224110405081528,2.0101737855538673,0.0,0.0016666666666666668,-1.0,-1.0,-1.0,1.0,1.0,0.0,1.0
2008-03-31,0.005077253455992858,0.005077253455992858,-0.008998766825300097,2.002901098921683,0.0,0.0016666666666666668,1.0,-1.0,-1.0,1.0,1.0,0.0,-1.0
2008-04-30,0.0007925066293160141,0.0007925066293160141,0.05335303075147335,1.995814998345684,0.0,0.0016666666666666668,-1.0,0.16666666666666669,-1.0,1.3333333333333335,1.3333333333333335,0.16666666666666669,-1.0
2008-05-31,-0.00029680965821821115,-0.00029680965821821115,0.016581378250427825,1.9991873142115681,0.0,0.0016666666666666668,-1.0,-1.0,-1.0,1.0,1.0,0.0,1.0
2008-06-30,-0.0045182444779210025,-0.0045182444779210025,-0.07935291512275178,0.8346856236538274,0.0,0.0016666666666666668,-0.9999999999999998,-0.9999999999999998,-0.9999999999999998,1.333333333333333,1.333333333333333,0.16666666666666663,0.16666666666666663
2008-07-31,0.003720929598673095,0.003720929598673095,-0.02414453452772447,2.0007216386901283,0.0,0.0016666666666666668,-1.0,-1.0,1.0,1.0,1.0,0.0,-1.0
2008-08-31,0.004034639639613591,0.004034639639613591,-0.01350476264793432,2.00403466361236,0.0,0.0016666666666666668,1.0,-1.0,1.0,1.0,-1.0,0.0,-1.0
2008-09-30,-0.015494334583116292,-0.015494334583116292,-0.11846789781273004,4.00328994567982,0.0,0.0016666666666666668,1.333333333333333,-0.9999999999999998,-0.9999999999999998,-0.9999999999999998,1.333333333333333,0.16666666666666663,0.16666666666666663
2008-10-31,-0.010080676349080867,-0.010080676349080867,-0.18933973784097713,1.1743802769337668,0.0,0.0016666666666666668,1.3333333333333335,-1.0,0.16666666666666669,-1.0,1.3333333333333335,0.16666666666666669,-1.0
2008-11-30,-0.0010784780961607954,-0.0010784780961607954,-0.06394059877426561,2.84169415264045,0.0,0.0016666666666666668,1.0,1.0,1.0,-1.0,-1.0,0.0,-1.0
2008-12-31,-0.0020987401105016703,-0.0020987401105016703,0.03258936916813693,2.0129953652432633,0.0,0.0016666666666666668,-0.9999999999999998,1.333333333333333,1.333333333333333,-0.9999999999999998,-0.9999999999999998,0.16666666666666663,0.16666666666666663
2009-01-31,0.010265074385883604,0.010265074385883604,-0.08730113673050555,1.1783285832542176,0.0,0.0016666666666666668,-0.9999999999999998,1.333333333333333,1.333333333333333,-0.9999999999999998,0.16666666666666663,0.16666666666666663,-0.9999999999999998
2009-02-28,-0.00878527692333928,-0.00878527692333928,-0.10159760210629931,2.333583443907249,0.0,0.0016666666666666668,-1.0,-1.0,1.7999999999999998,-1.0,0.4,0.4,0.4
2009-03-31,0.0014026143089433207,0.0014026143089433207,0.07615713944271807,2.331736222100213,0.0,0.0016666666666666668,-0.9999999999999998,1.333333333333333,1.333333333333333,-0.9999999999999998,0.16666666666666663,0.16666666666666663,-0.9999999999999998
2009-04-30,0.0013588553246228763,0.0013588553246228763,0.11324564009729876,2.834301208785729,0.0,0.0016666666666666668,1.0,1.0,-1.0,-1.0,1.0,0.0,-1.0
2009-05-31,0.006226473829901824,0.006226473829901824,0.09185675718646058,0.0015188289652703357,0.0,0.0016666666666666668,1.0,1.0,-1.0,-1.0,1.0,0.0,-1.0
2009-06-30,0.0025395871812122035,0.0025395871812122035,-0.0040197378708376474,2.833033600965008,0.0,0.0016666666666666668,-1.0,0.16666666666666669,-1.0,-1.0,1.3333333333333335,0.16666666666666669,1.3333333333333335
2009-07-31,-0.0009714518451212628,-0.0009714518451212628,0.08503109556755106,0.8344095876786736,0.0,0.0016666666666666668,-1.0,1.0,-1.0,-1.0,1.0,0.0,1.0
2009-08-31,0.0023325136899124965,0.0023325136899124965,0.041814216867368525,0.004982205685954477,0.0,0.0016666666666666668,-1.0,1.0,-1.0,-1.0,1.0,0.0,1.0
2009-09-30,-0.00020049209318873107,-0.00020049209318873107,0.040222053001574665,2.0013650916728647,0.0,0.0016666666666666668,-1.0,1.0,-1.0,1.0,1.0,0.0,-1.0
2009-10-31,0.00418301683309541,0.00418301683309541,-0.017553967719263652,2.00035732082481,0.0,0.0016666666666666668,1.0,1.0,-1.0,-1.0,1.0,0.0,-1.0
2009-11-30,0.001064120761439506,0.001064120761439506,0.04145071138963807,3.997801257658158,0.0,0.0016666666666666668,-1.0,-1.0,0.16666666666666669,1.3333333333333335,1.3333333333333335,0.16666666666666669,-1.0
2009-12-31,-0.00023584574284318816,-0.00023584574284318816,0.018300893397894757,2.000733495082234,0.0,0.0016666666666666668,1.0,-1.0,-1.0,1.0,1.0,0.0,-1.0
2010-01-31,-0.0001756161785597492,-0.0001756161785597492,-0.04113383464488407,0.8345909802067263,0.0,0.0016666666666666668,1.3333333333333335,-1.0,-1.0,0.16666666666666669,1.3333333333333335,0.16666666666666669,-1.0
2010-02-28,-0.0005672267051325766,-0.0005672267051325766,0.014578066110316312,3.500368233795043,0.0,0.0016666666666666668,1.333333333333333,1.333333333333333,-0.9999999999999998,-0.9999999999999998,-0.9999999999999998,0.16666666666666663,0.16666666666666663
2010-03-31,0.0034005800927763277,0.0034005800927763277,0.06259140646105377,1.1685853026549795,0.0,0.0016666666666666668,1.333333333333333,1.333333333333333,-0.9999999999999998,-0.9999999999999998,0.16666666666666663,0.16666666666666663,-0.9999999999999998
2010-04-30,-0.0006838834947386907,-0.0006838834947386907,0.0006613133264841142,0.8350159997499588,0.0,0.0016666666666666668,1.0,1.0,-1.0,-1.0,1.0,0.0,-1.0
2010-05-31,0.00166751637301632,0.00166751637301632,-0.09483964571368098,0.0009714539239333853,0.0,0.0016666666666666668,1.0,1.0,-1.0,-1.0,1.0,0.0,-1.0
2010-06-30,-0.00045737383086175143,-0.00045737383086175143,-0.033732754494871675,2.0014680076579667,0.0,0.0016666666666666668,1.0,-1.0,-1.0,1.0,1.0,0.0,-1.0
2010-07-31,-0.0033988813733668577,-0.0033988813733668577,0.08137651794092315,1.9990440077168745,0.0,0.0016666666666666668,1.0,1.0,-1.0,1.0,-1.0,0.0,-1.0
2010-08-31,-0.00184330899378371,-0.00184330899378371,-0.03682114156080951,2.0015962809024934,0.0,0.0016666666666666668,1.0,-1.0,-1.0,1.0,-1.0,0.0,1.0
2010-09-30,0.0046577451819670435,0.0046577451819670435,0.09371618956713901,2.0011200317707916,0.0,0.0016666666666666668,1.0,-1.0,-1.0,-1.0,1.0,0.0,1.0
2010-10-31,-0.00158134497090745,-0.00158134497090745,0.037526268351718794,2.001983456638543,0.0,0.0016666666666666668,1.0,1.0,-1.0,-1.0,1.0,0.0,-1.0
2010-11-30,3.761738095053868e-05,3.761738095053868e-05,-0.02102918749571281,2.0009307682535162,0.0,0.0016666666666666668,1.0,-1.0,-1.0,-1.0,1.0,0.0,1.0
2010-12-31,-0.0006767067258902637,-0.0006767067258902637,0.07386333423223213,2.001138699818971,0.0,0.0016666666666666668,1.0,-1.0,-1.0,1.0,1.0,0.0,-1.0
2011-01-31,-0.004752159577940618,-0.004752159577940618,0.022823856372704343,3.00117471033084,0.0,0.0016666666666666668,1.0,1.0,-1.0,-1.0,0.0,1.0,-1.0
2011-02-28,0.0009318151652687456,0.0009318151652687456,0.03555554140297201,2.000545323076196,0.0,0.0016666666666666668,1.0,1.0,-1.0,0.0,1.0,-1.0,-1.0
2011-03-31,-0.001962878599176987,-0.001962878599176987,-0.009306559794327374,2.0008638526807845,0.0,0.0016666666666666668,1.0,-1.0,-1.0,1.0,1.0,-1.0,0.0
2011-04-30,-0.006587871856216121,-0.006587871856216121,0.04295455297512851,4.001189423928534,0.0,0.0016666666666666668,-1.0,1.0,1.0,0.0,1.0,-1.0,-1.0
2011-05-31,-5.094869226296428e-05,-5.094869226296428e-05,-0.01963673228133167,5.002050005549728,0.0,0.0016666666666666668,1.0,-1.0,-1.0,-1.0,1.0,0.0,1.0
2011-06-30,0.0011000176676336793,0.0011000176676336793,-0.015369907274990324,1.000933028868476,0.0,0.0016666666666666668,1.0,-1.0,-1.0,-1.0,0.0,1.0,1.0
2011-07-31,0.0035123147544238176,0.0035123147544238176,-0.017841431825199483,1.002023703892301,0.0,0.0016666666666666668,1.0,-1.0,-1.0,-1.0,1.0,1.0,0.0
2011-08-31,0.0031313150422278557,0.0031313150422278557,-0.06991438955532248,2.0015632749710326,0.0,0.0016666666666666668,1.0,-1.0,1.0,-1.0,1.0,0.0,-1.0
2011-09-30,0.00012329934028931788,0.00012329934028931788,-0.08583053817391872,3.002734862298374,0.0,0.0016666666666666668,1.0,1.0,-1.0,-1.0,0.0,1.0,-1.0
2011-10-31,-0.004443784031409565,-0.004443784031409565,0.10372466056979146,3.8337833056593063,0.0,0.0016666666666666668,-0.9999999999999998,1.333333333333333,1.333333333333333,-0.9999999999999998,-0.9999999999999998,0.16666666666666663,0.16666666666666663
2011-11-30,0.0026705719140871498,0.0026705719140871498,-0.023792429260518166,2.83121641797496,0.0,0.0016666666666666668,-1.0,0.0,1.0,-1.0,1.0,1.0,-1.0
2011-12-31,0.005183235651297746,0.005183235651297746,-0.000172542670917597,2.0014474246131493,0.0,0.0016666666666666668,1.0,-1.0,0.0,-1.0,1.0,1.0,-1.0
2012-01-31,-0.0009075952148892563,-0.0009075952148892563,0.05047694702786787,3.001325325899032,0.0,0.0016666666666666668,-1.0,1.0,1.0,-1.0,0.0,1.0,-1.0
2012-02-29,-0.0008547815009425364,-0.0008547815009425364,0.04954783716221334,3.0009369428140875,0.0,0.0016666666666666668,-1.0,-1.0,0.0,1.0,1.0,1.0,-1.0
2012-03-31,-0.0009503274574820253,-0.0009503274574820253,0.013473604552079799,3.0006252714481985,0.0,0.0016666666666666668,-1.0,1.0,-1.0,-1.0,1.0,1.0,0.0
2012-04-30,-0.002136590776324776,-0.002136590776324776,-0.010814283325261131,0.0010742067357942808,0.0,0.0016666666666666668,-1.0,1.0,-1.0,-1.0,1.0,1.0,0.0
2012-05-31,-0.009626325651267087,-0.009626325651267087,-0.08529178665397297,2.001520158535163,0.0,0.0016666666666666668,-1.0,1.0,-1.0,0.0,1.0,-1.0,1.0
2012-06-30,-0.0049354142924650235,-0.0049354142924650235,0.051469591691896355,4.004787970355159,0.0,0.0016666666666666668,1.0,1.0,1.0,-1.0,-1.0,-1.0,0.0
2012-07-31,0.0018311956570230548,0.0018311956570230548,0.013132389373181175,2.0023649533443417,0.0,0.0016666666666666668,1.0,0.0,1.0,-1.0,-1.0,1.0,-1.0
2012-08-31,0.0020969326708754066,0.0020969326708754066,0.0259882933652551,4.001216907366118,0.0,0.0016666666666666668,-1.0,1.0,-1.0,1.0,0.0,1.0,-1.0
2012-09-30,-0.0028503451481992625,-0.0028503451481992625,0.02797679416740184,2.0012422970628734,0.0,0.0016666666666666668,-1.0,1.0,-1.0,-1.0,0.0,1.0,1.0
2012-10-31,-0.0015216678458911392,-0.0015216678458911392,-0.006462394477743549,2.0018249101822336,0.0,0.0016666666666666668,-1.0,1.0,-1.0,0.0,1.0,1.0,-1.0
2012-11-30,0.0007265049571137938,0.0007265049571137938,0.013671400231141106,1.9993911496257741,0.0,0.0016666666666666668,1.0,1.0,-1.0,-1.0,1.0,0.0,-1.0
2012-12-31,0.0030294441881184575,0.0030294441881184575,0.019349727620516344,2.9996401493330582,0.0,0.0016666666666666668,-1.0,1.0,1.0,-1.0,1.0,-1.0,0.0
2013-01-31,0.0011116256058706364,0.0011116256058706364,0.051249936803956286,2.0016171821602486,0.0,0.0016666666666666668,-1.0,1.0,-1.0,0.0,1.0,-1.0,1.0
2013-02-28,-0.003476129348302992,-0.003476129348302992,0.0022423719505926254,2.9997402363245738,0.0,0.0016666666666666668,-1.0,0.0,1.0,1.0,1.0,-1.0,-1.0
2013-03-31,-0.00019957823632443805,-0.00019957823632443805,0.024104585258702294,2.00132477749122,0.0,0.0016666666666666668,-1.0,-1.0,0.0,1.0,1.0,-1.0,1.0
2013-04-30,-0.001178064712412441,-0.001178064712412441,0.032085630617879835,2.000601170552779,0.0,0.0016666666666666668,-1.0,-1.0,0.0,-1.0,1.0,1.0,1.0
2013-05-31,-0.0035983484001838417,-0.0035983484001838417,0.0013263058609005451,1.8344242254255436,0.0,0.0016666666666666668,-1.0,-1.0,-1.0,0.16666666666666669,0.16666666666666669,1.3333333333333335,1.3333333333333335
2013-06-30,-0.0004768048458867838,-0.0004768048458867838,-0.02421388146936021,3.498485392180673,0.0,0.0016666666666666668,-0.9999999999999998,1.333333333333333,-0.9999999999999998,-0.9999999999999998,1.333333333333333,0.16666666666666663,0.16666666666666663
2013-07-31,-0.0007064099215263742,-0.0007064099215263742,0.05309084726735125,3.9994619612735347,0.0,0.0016666666666666668,-1.0,1.0,1.0,1.0,-1.0,-1.0,0.0
2013-08-31,0.0011275702305018065,0.0011275702305018065,-0.020754631929659206,1.0020461808936068,0.0,0.0016666666666666668,-1.0,1.0,1.0,1.0,0.0,-1.0,-1.0
2013-09-30,0.0015199903054161634,0.0015199903054161634,0.05056020918098314,1.0008734018097831,0.0,0.0016666666666666668,-1.0,1.0,1.0,0.0,1.0,-1.0,-1.0
2013-10-31,-0.0016377248760478524,-0.0016377248760478524,0.039451676616607756,1.0008093748330706,0.0,0.0016666666666666668,-1.0,0.0,1.0,1.0,1.0,-1.0,-1.0
2013-11-30,0.0005084010191257482,0.0005084010191257482,0.01832016986560303,2.000818862438024,0.0,0.0016666666666666668,-1.0,0.0,1.0,-1.0,1.0,-1.0,1.0
2013-12-31,0.0009067645673567215,0.0009067645673567215,0.021571458322364068,3.999954564900973,0.0,0.0016666666666666668,-1.0,1.0,-1.0,1.0,-1.0,0.0,1.0
2014-01-31,-0.0018001888821492784,-0.0018001888821492784,-0.03671169826396692,4.999546617716321,0.0,0.0016666666666666668,1.0,-1.0,1.0,-1.0,0.0,-1.0,1.0
2014-02-28,5.890497530613992e-05,5.890497530613992e-05,0.05067748013840356,4.000995137275087,0.0,0.0016666666666666668,-1.0,1.0,-1.0,1.0,0.0,-1.0,1.0
2014-03-31,0.0015119768277823686,0.0015119768277823686,0.002204508967721175,2.0001772338142123,0.0,0.0016666666666666668,1.0,1.0,-1.0,-1.0,0.0,-1.0,1.0
2014-04-30,0.0007555656776971897,0.0007555656776971897,0.010789269863882511,3.9998641986758807,0.0,0.0016666666666666668,-1.0,1.0,-1.0,0.0,1.0,1.0,-1.0
2014-05-31,0.00031995963539617933,0.00031995963539617933,0.020720344334937302,2.8336056531896885,0.0,0.0016666666666666668,-0.9999999999999998,-0.9999999999999998,-0.9999999999999998,1.333333333333333,1.333333333333333,0.16666666666666663,0.16666666666666663
2014-06-30,-9.70267511960129e-05,-9.70267511960129e-05,0.018288139895402455,0.00045715968324983036,0.0,0.0016666666666666668,-0.9999999999999998,-0.9999999999999998,-0.9999999999999998,1.333333333333333,1.333333333333333,0.16666666666666663,0.16666666666666663
2014-07-31,0.000532673762091096,0.000532673762091096,-0.015615716084129705,2.8340904121743904,0.0,0.0016666666666666668,-1.0,1.0,-1.0,0.0,1.0,1.0,-1.0
2014-08-31,-0.0035876788867421627,-0.0035876788867421627,0.022555589966118283,2.0008317284508417,0.0,0.0016666666666666668,-1.0,1.0,-1.0,0.0,1.0,-1.0,1.0
2014-09-30,0.0009519944583585849,0.0009519944583585849,-0.02661915559213912,0.0025037388366039304,0.0,0.0016666666666666668,-1.0,1.0,-1.0,0.0,1.0,-1.0,1.0
2014-10-31,0.004086403140929562,0.004086403140929562,0.006777703785632694,2.000780313091976,0.0,0.0016666666666666668,-1.0,1.0,-1.0,-1.0,1.0,1.0,0.0
2014-11-30,0.0042990315955969685,0.0042990315955969685,0.02068095579833762,0.8318922644418651,0.0,0.0016666666666666668,-1.0,1.333333333333333,-1.0,-1.0,0.16666666666666663,1.333333333333333,0.16666666666666663
2014-12-31,0.0014329675686920451,0.0014329675686920451,-0.01564344976201837,0.8355645923751773,0.0,0.0016666666666666668,-1.0,1.0,-1.0,-1.0,1.0,1.0,0.0
2015-01-31,-0.006454848876379593,-0.006454848876379593,-0.017815065535336294,0.0016224909036778867,0.0,0.0016666666666666668,-1.0,1.0,-1.0,-1.0,1.0,1.0,0.0
2015-02-28,-0.0020296355394314736,-0.0020296355394314736,0.05915638243749055,2.004914316925768,0.0,0.0016666666666666668,1.0,1.0,-1.0,-1.0,-1.0,1.0,0.0
2015-03-31,0.00027537718065506755,0.00027537718065506755,-0.014848645215165712,1.001808164176489,0.0,0.0016666666666666668,1.0,1.0,-1.0,-1.0,0.0,1.0,-1.0
2015-04-30,-5.314354830820989e-05,-5.314354830820989e-05,0.023956317492407342,2.0012425736595,0.0,0.0016666666666666668,1.0,1.0,1.0,-1.0,0.0,-1.0,-1.0
2015-05-31,0.0014846939726285147,0.0014846939726285147,0.004374360224432383,2.0002310832983783,0.0,0.0016666666666666668,1.0,0.0,1.0,-1.0,-1.0,1.0,-1.0
2015-06-30,0.00100125191667505,0.00100125191667505,-0.0228228248889496,4.000638981402918,0.0,0.0016666666666666668,-1.0,1.333333333333333,1.333333333333333,-1.0,0.16666666666666663,-1.0,0.16666666666666663
2015-07-31,-0.0018885627012907857,-0.0018885627012907857,0.018305250697551623,3.999613835380665,0.0,0.0016666666666666668,1.0,-1.0,1.0,-1.0,-1.0,1.0,0.0
2015-08-31,-0.0019521073443999892,-0.0019521073443999892,-0.06568021561976112,4.001042056289686,0.0,0.0016666666666666668,1.0,1.0,-1.0,1.0,-1.0,-1.0,0.0
2015-09-30,-0.0011273535572170479,-0.0011273535572170479,-0.036296212531534144,3.00079527240696,0.0,0.0016666666666666668,-1.0,1.0,1.0,1.0,-1.0,0.0,-1.0
2015-10-31,-0.0010782260621624573,-0.0010782260621624573,0.0795682585772115,1.0000559101853763,0.0,0.0016666666666666668,-1.0,1.0,0.0,1.0,-1.0,1.0,-1.0
2015-11-30,0.004486451347912923,0.004486451347912923,-0.004379764163474187,3.001141756490868,0.0,0.0016666666666666668,0.0,1.0,-1.0,-1.0,1.0,1.0,-1.0
2015-12-31,-0.0008346897009070542,-0.0008346897009070542,-0.017156340725706043,1.0022432256739564,0.0,0.0016666666666666668,1.0,1.0,-1.0,-1.0,1.0,0.0,-1.0
2016-01-31,-0.0017166046694979675,-0.0017166046694979675,-0.059538973858199284,0.0029038133439565073,0.0,0.0016666666666666668,1.0,1.0,-1.0,-1.0,1.0,0.0,-1.0
2016-02-29,7.459814570964785e-05,7.459814570964785e-05,-0.00676253110413727,3.0024963107682727,0.0,0.0016666666666666668,-1.0,1.0,-1.0,1.0,1.0,-1.0,0.0
2016-03-31,-0.0005267813046931913,-0.0005267813046931913,0.06864433640322143,2.0020990888244246,0.0,0.0016666666666666668,-1.0,1.0,-1.0,1.0,-1.0,1.0,0.0
2016-04-30,-0.002453443099525443,-0.002453443099525443,0.01641146814688077,1.002657902957398,0.0,0.0016666666666666668,-1.0,1.0,-1.0,0.0,-1.0,1.0,1.0
2016-05-31,-0.00025581107736727393,-0.00025581107736727393,0.006600259303734202,2.0003155834608024,0.0,0.0016666666666666668,-1.0,1.0,-1.0,-1.0,1.0,0.0,1.0
2016-06-30,-0.0037543454077688665,-0.0037543454077688665,-0.010704717911692807,1.0008996090177722,0.0,0.0016666666666666668,-1.0,1.0,-1.0,0.0,1.0,-1.0,1.0
2016-07-31,0.0019907112250363004,0.0019907112250363004,0.04254361725526312,3.835710210293882,0.0,0.0016666666666666668,-0.9999999999999998,-0.9999999999999998,1.333333333333333,-0.9999999999999998,1.333333333333333,0.16666666666666663,0.16666666666666663
2016-08-31,-0.0009217617679588841,-0.0009217617679588841,0.0014128280647713876,2.83432642390043,0.0,0.0016666666666666668,-1.0,1.0,-1.0,-1.0,1.0,1.0,0.0
2016-09-30,0.00026111209805016833,0.00026111209805016833,0.005790199333901125,2.8333745968979334,0.0,0.0016666666666666668,-0.9999999999999998,-0.9999999999999998,1.333333333333333,-0.9999999999999998,1.333333333333333,0.16666666666666663,0.16666666666666663
2016-10-31,-0.0011427162843946623,-0.0011427162843946623,-0.019046579664470986,0.0005450337553055684,0.0,0.0016666666666666668,-0.9999999999999998,-0.9999999999999998,1.333333333333333,-0.9999999999999998,1.333333333333333,0.16666666666666663,0.16666666666666663
2016-11-30,-0.00038672444559173513,-0.00038672444559173513,0.0150758408630991,2.8328129576225898,0.0,0.0016666666666666668,-1.0,-1.0,-1.0,1.0,1.0,0.0,1.0
2016-12-31,-0.004763627844951435,-0.004763627844951435,0.02430890857393364,2.0005059565119683,0.0,0.0016666666666666668,-1.0,1.0,-1.0,0.0,1.0,-1.0,1.0
2017-01-31,-0.003389696875559789,-0.003389696875559789,0.024399205081860664,2.003826470771327,0.0,0.0016666666666666668,-1.0,1.0,-1.0,0.0,1.0,1.0,-1.0
2017-02-28,0.0029749528445097706,0.0029749528445097706,0.028305195232747327,2.0022189913074016,0.0,0.0016666666666666668,-1.0,1.0,-1.0,0.0,-1.0,1.0,1.0
2017-03-31,0.0020196754152217444,0.0020196754152217444,0.011473333778207806,4.002226028859479,0.0,0.0016666666666666668,-1.0,1.0,1.0,-1.0,1.0,0.0,-1.0
2017-04-30,0.0010015099749636214,0.0010015099749636214,0.015329756057862465,2.0010098377076107,0.0,0.0016666666666666668,-1.0,1.0,-1.0,-1.0,1.0,1.0,0.0
2017-05-31,0.0019789726904764215,0.0019789726904764215,0.022151706942694194,3.0011127373955806,0.0,0.0016666666666666668,-1.0,1.0,1.0,0.0,1.0,-1.0,-1.0
2017-06-30,-0.0009104453022629189,-0.0009104453022629189,0.0042543191443555894,1.0008921722152266,0.0,0.0016666666666666668,-1.0,1.0,1.0,-1.0,1.0,0.0,-1.0
2017-07-31,-0.0015020455052185966,-0.0015020455052185966,0.024266424105817697,1.0004552226511314,0.0,0.0016666666666666668,-1.0,1.0,1.0,0.0,1.0,-1.0,-1.0
2017-08-31,-0.00011486320008802231,-0.00011486320008802231,0.0019895624207131313,2.001204720492821,0.0,0.0016666666666666668,-1.0,1.0,-1.0,1.0,1.0,-1.0,0.0
2017-09-30,0.0031758438186290094,0.0031758438186290094,0.02291483006535433,2.001002710457307,0.0,0.0016666666666666668,-1.0,1.0,1.0,0.0,1.0,-1.0,-1.0
2017-10-31,-0.002030214029494326,-0.002030214029494326,0.019166245507121316,2.9985667718595925,0.0,0.0016666666666666668,1.0,1.0,-1.0,-1.0,1.0,0.0,-1.0
2017-11-30,-0.0024546248872665544,-0.0024546248872665544,0.02224122131027695,3.0010660411467276,0.0,0.0016666666666666668,-1.0,1.0,1.0,0.0,1.0,-1.0,-1.0
2017-12-31,-0.0011954767874693406,-0.0011954767874693406,0.013865376518407357,1.9992306752010944,0.0,0.0016666666666666668,-1.0,1.0,1.0,1.0,-1.0,-1.0,0.0
2018-01-31,0.0034991377888164976,0.0034991377888164976,0.05305683494915692,2.001650702487659,0.0,0.0016666666666666668,1.0,1.0,1.0,0.0,-1.0,-1.0,-1.0
2018-02-28,-0.002900799726388681,-0.002900799726388681,-0.040948095978964316,1.9984984627178366,0.0,0.0016666666666666668,-1.0,1.0,1.0,0.0,-1.0,1.0,-1.0
2018-03-31,-0.0009444402402200014,-0.0009444402402200014,-0.021035277324526147,2.0010588571850425,0.0,0.0016666666666666668,-1.0,1.0,1.0,0.0,1.0,-1.0,-1.0
2018-04-30,-0.0025488984539506765,-0.0025488984539506765,0.01211031563564724,1.9998215519127926,0.0,0.0016666666666666668,-1.0,1.0,-1.0,1.0,1.0,-1.0,0.0
2018-05-31,-0.0055900204076317905,-0.0055900204076317905,0.007227008176986072,0.0021355910075925855,0.0,0.0016666666666666668,-1.0,1.0,-1.0,1.0,1.0,-1.0,0.0
2018-06-30,0.002276563865340253,0.002276563865340253,-8.148939079111184e-05,4.001320083950128,0.0,0.0016666666666666668,1.0,1.0,-1.0,0.0,-1.0,1.0,-1.0
2018-07-31,-0.0018107654317957023,-0.0018107654317957023,0.03151734067650058,0.003088910373826914,0.0,0.0016666666666666668,1.0,1.0,-1.0,0.0,-1.0,1.0,-1.0
2018-08-31,-9.076522747597515e-05,-9.076522747597515e-05,0.012918587757645428,0.000956311659835285,0.0,0.0016666666666666668,1.0,1.0,-1.0,0.0,-1.0,1.0,-1.0
2018-09-30,0.00277074261803556,0.00277074261803556,0.006062778861925189,2.001321593562305,0.0,0.0016666666666666668,1.0,1.0,-1.0,1.0,-1.0,-1.0,0.0
2018-10-31,-0.0001104929579133958,-0.0001104929579133958,-0.07318309743114637,2.000290203755712,0.0,0.0016666666666666668,-0.9999999999999998,1.333333333333333,-0.9999999999999998,1.333333333333333,-0.9999999999999998,0.16666666666666663,0.16666666666666663
2018-11-30,-0.003169298160238254,-0.003169298160238254,0.011937101716059662,4.000367452453728,0.0,0.0016666666666666668,1.0,1.0,1.0,0.0,-1.0,-1.0,-1.0
2018-12-31,0.0006554086612123866,0.0006554086612123866,-0.07562923425417822,3.001374550744523,0.0,0.0016666666666666668,1.0,1.0,-1.0,-1.0,0.0,1.0,-1.0
2019-01-31,0.0056108131926156934,0.0056108131926156934,0.07821671452246504,2.0005259989964794,0.0,0.0016666666666666668,1.0,1.0,-1.0,-1.0,1.0,-1.0,0.0
2019-02-28,-0.0008557522094347902,-0.0008557522094347902,0.030656471488933912,2.002707845620698,0.0,0.0016666666666666668,-1.0,1.0,-1.0,-1.0,1.0,1.0,0.0
2019-03-31,0.003189746563994067,0.003189746563994067,0.013909444044370334,0.0011587614262869028,0.0,0.0016666666666666668,-1.0,1.0,-1.0,-1.0,1.0,1.0,0.0
2019-04-30,-0.0024794151982597823,-0.0024794151982597823,0.03602883048752492,2.0027193461853234,0.0,0.0016666666666666668,-1.0,1.0,-1.0,1.0,1.0,-1.0,0.0
2019-05-31,0.001557836264997503,0.001557836264997503,-0.05681771129129787,3.001389778134149,0.0,0.0016666666666666668,-1.0,1.0,0.0,-1.0,1.0,1.0,-1.0
2019-06-30,0.0033532250036414357,0.0033532250036414357,0.06635086234743204,2.000878094964791,0.0,0.0016666666666666668,-1.0,1.0,1.0,-1.0,-1.0,1.0,0.0
2019-07-31,0.003605676537814295,0.003605676537814295,0.005260894511322833,0.0027523236102221516,0.0,0.0016666666666666668,-1.0,1.0,1.0,-1.0,-1.0,1.0,0.0
2019-08-31,0.003048980827721093,0.003048980827721093,-0.019903497292386385,2.00280673087875,0.0,0.0016666666666666668,1.0,1.0,1.0,-1.0,-1.0,-1.0,0.0
2019-09-30,-0.003945481128878159,-0.003945481128878159,0.021827681482483374,1.0012335390027463,0.0,0.0016666666666666668,1.0,1.0,1.0,-1.0,-1.0,0.0,-1.0
2019-10-31,-0.0029006375062804457,-0.0029006375062804457,0.025727575172623585,0.0019727405644390794,0.0,0.0016666666666666668,1.0,1.0,1.0,-1.0,-1.0,0.0,-1.0
2019-11-30,-0.0014838492350028876,-0.0014838492350028876,0.0283783863835374,2.0009008905654393,0.0,0.0016666666666666668,1.0,-1.0,1.0,-1.0,1.0,0.0,-1.0
2019-12-31,0.0007806333392120779,0.0007806333392120779,0.030363063576867688,4.001256392589061,0.0,0.0016666666666666668,-1.0,-1.0,-1.0,1.0,1.0,0.0,1.0
2020-01-31,0.00043730803803421203,0.00043730803803421203,-0.0057813886924513724,1.9997796896902433,0.0,0.0016666666666666668,-1.0,-1.0,1.0,1.0,-1.0,0.0,1.0
2020-02-29,-0.006643858984298386,-0.006643858984298386,-0.08417582112531241,0.8340457644296807,0.0,0.0016666666666666668,-1.0,-1.0,0.16666666666666669,1.3333333333333335,-1.0,0.16666666666666669,1.3333333333333335
2020-03-31,0.008221885621393477,0.008221885621393477,-0.13168671410486532,3.6699885961588157,0.0,0.0016666666666666668,-1.0,1.0,1.0,-1.0,-1.0,1.0,0.0
2020-04-30,0.0019488448982805107,0.0019488448982805107,0.11002046506587715,2.0046026695602084,0.0,0.0016666666666666668,1.0,1.0,1.0,-1.0,-1.0,0.0,-1.0
2020-05-31,0.0029651306403185584,0.0029651306403185584,0.048963632894325704,4.00097442244914,0.0,0.0016666666666666668,-1.0,-1.0,1.0,-1.0,1.0,1.0,0.0
2020-06-30,0.004906129315790042,0.004906129315790042,0.026916608715676915,0.0014825653201592792,0.0,0.0016666666666666668,-1.0,-1.0,1.0,-1.0,1.0,1.0,0.0
2020-07-31,0.0032324939718005874,0.0032324939718005874,0.04822341719475376,0.003104988342078563,0.0,0.0016666666666666668,-1.0,-1.0,1.0,-1.0,1.0,1.0,0.0
2020-08-31,-2.6841320988402195e-05,-2.6841320988402195e-05,0.06728294477392005,1.002338000457149,0.0,0.0016666666666666668,-1.0,0.0,1.0,-1.0,1.0,1.0,-1.0
2020-09-30,-0.0005784818657635915,-0.0005784818657635915,-0.03404712538396337,1.0004015601466436,0.0,0.0016666666666666668,-1.0,1.0,1.0,-1.0,1.0,0.0,-1.0
2020-10-31,0.0005613660717572744,0.0005613660717572744,-0.030428818263848467,1.000207382030964,0.0,0.0016666666666666668,-1.0,1.0,1.0,-1.0,0.0,1.0,-1.0
2020-11-30,0.0001938718735020606,0.0001938718735020606,0.12828403587751724,2.000379958326259,0.0,0.0016666666666666668,1.0,1.0,1.0,-1.0,0.0,-1.0,-1.0
2020-12-31,-0.0022191595713666468,-0.0022191595713666468,0.04279291529869855,0.0002954668083015588,0.0,0.0016666666666666668,1.0,1.0,1.0,-1.0,0.0,-1.0,-1.0
2021-01-31,0.0012149223165608403,0.0012149223165608403,-0.0096726899958125,2.00131143008714,0.0,0.0016666666666666668,-1.0,1.0,1.0,-1.0,1.0,-1.0,0.0
2021-02-28,-0.0019346346233076739,-0.0019346346233076739,0.02599111334571913,1.9995469135300508,0.0,0.0016666666666666668,-1.0,0.0,1.0,-1.0,1.0,1.0,-1.0
2021-03-31,0.0001582341404628984,0.0001582341404628984,0.03398856251546967,0.9993403465962933,0.0,0.0016666666666666668,-1.0,1.0,1.0,-1.0,1.0,0.0,-1.0
2021-04-30,5.175876190421924e-05,5.175876190421924e-05,0.046993376343310356,4.000476415441308,0.0,0.0016666666666666668,-1.0,-1.0,-1.0,1.0,1.0,0.0,1.0
2021-05-31,-7.826939381616604e-05,-7.826939381616604e-05,0.014975131276260267,5.000077586733895,0.0,0.0016666666666666668,1.0,1.0,0.0,-1.0,1.0,-1.0,-1.0
2021-06-30,3.6610470739957936e-05,3.6610470739957936e-05,0.015271243816805447,4.000140876516865,0.0,0.0016666666666666668,-1.0,-1.0,1.333333333333333,0.16666666666666663,1.333333333333333,-1.0,0.16666666666666663
2021-07-31,-4.4273036119868436e-05,-4.4273036119868436e-05,0.01818369056726321,3.000257518788902,0.0,0.0016666666666666668,0.0,1.0,1.0,-1.0,1.0,-1.0,-1.0
2021-08-31,5.166892190744399e-05,5.166892190744399e-05,0.02524838777323457,2.0002678586486873,0.0,0.0016666666666666668,1.0,-1.0,1.0,-1.0,1.0,0.0,-1.0
2021-09-30,0.0027037464187535942,0.0027037464187535942,-0.0409716872030218,2.00007670019576,0.0,0.0016666666666666668,1.0,1.0,1.0,-1.0,0.0,-1.0,-1.0
2021-10-31,0.0044363998248504455,0.0044363998248504455,0.05690030631624787,0.0014543973538126975,0.0,0.0016666666666666668,1.0,1.0,1.0,-1.0,0.0,-1.0,-1.0
2021-11-30,-0.004357469878458642,-0.004357469878458642,-0.021530962315698177,1.0022181999124253,0.0,0.0016666666666666668,1.0,1.0,0.0,-1.0,1.0,-1.0,-1.0
2021-12-31,0.0007917189088801533,0.0007917189088801533,0.04306379751648315,3.0025246043430114,0.0,0.0016666666666666668,1.333333333333333,-1.0,-1.0,0.16666666666666663,1.333333333333333,-1.0,0.16666666666666663
2022-01-31,0.006103505534447606,0.006103505534447606,-0.05269148175938354,4.000752632434042,0.0,0.0016666666666666668,1.0,1.0,1.0,-1.0,-1.0,-1.0,0.0
2022-02-28,0.0018067221970572052,0.0018067221970572052,-0.024875177160341932,2.001910302107265,0.0,0.0016666666666666668,-1.0,1.333333333333333,1.333333333333333,-1.0,0.16666666666666663,-1.0,0.16666666666666663
2022-03-31,0.0029395298840521797,0.0029395298840521797,0.02814149013683509,1.1677733996714,0.0,0.0016666666666666668,-1.0,1.333333333333333,1.333333333333333,0.16666666666666663,-1.0,-1.0,0.16666666666666663
2022-04-30,-0.00011086812307459226,-0.00011086812307459226,-0.082672372381836,2.834803098275359,0.0,0.0016666666666666668,1.0,-1.0,1.0,1.0,-1.0,-1.0,0.0
2022-05-31,-0.003501705756941531,-0.003501705756941531,0.0015263861140393242,0.9999445659384627,0.0,0.0016666666666666668,1.0,-1.0,0.0,1.0,-1.0,-1.0,1.0
2022-06-30,0.00886161788980111,0.00886161788980111,-0.08625541764222988,1.0017508528784709,0.0,0.0016666666666666668,1.0,-1.0,-1.0,1.0,-1.0,0.0,1.0
2022-07-31,0.005028756897691555,0.005028756897691555,0.07972424315970272,0.0053776147479038805,0.0,0.0016666666666666668,1.0,-1.0,-1.0,1.0,-1.0,0.0,1.0
2022-08-31,0.02031232001097083,0.02031232001097083,-0.041374529605258226,2.002292309116463,0.0,0.0016666666666666668,1.0,1.0,-1.0,1.0,-1.0,-1.0,0.0
2022-09-30,-0.026686465156812833,-0.026686465156812833,-0.09241023620387423,3.988644834890931,0.0,0.0016666666666666668,-1.0,-1.0,0.0,1.0,-1.0,1.0,1.0
2022-10-31,-0.020844981549318575,-0.020844981549318575,0.0720743369670207,1.9866567674215936,0.0,0.0016666666666666668,0.0,-1.0,1.0,1.0,-1.0,-1.0,1.0
2022-11-30,0.0008365849257938596,0.0008365849257938596,0.07004994638709006,2.0234387303130674,0.0,0.0016666666666666668,1.0,-1.0,-1.0,1.0,-1.0,0.0,1.0
2022-12-31,-0.006411846675911881,-0.006411846675911881,-0.04208373050758829,2.004291115650129,0.0,0.0016666666666666668,-1.0,-1.0,1.0,1.0,-1.0,0.0,1.0
2023-01-31,-0.007524359301590344,-0.007524359301590344,0.07105447097840578,1.003205923337956,0.0,0.0016666666666666668,-1.0,-1.0,1.0,1.0,-1.0,1.0,0.0
2023-02-28,0.011346091572805861,0.011346091572805861,-0.023612020263774847,4.008313904564401,0.0,0.0016666666666666668,1.0,1.0,-1.0,1.0,-1.0,-1.0,0.0
2023-03-31,0.0072354612325638,0.0072354612325638,0.03175241986882016,4.994898353631994,0.0,0.0016666666666666668,-1.0,1.0,1.0,-1.0,1.0,0.0,-1.0
2023-04-30,0.005399614499767299,0.005399614499767299,0.018030878539369244,3.0009627528104144,0.0,0.0016666666666666668,-1.0,1.333333333333333,-1.0,0.16666666666666663,1.333333333333333,-1.0,0.16666666666666663
2023-05-31,-0.001214745301307163,-0.001214745301307163,-0.009198761977582182,2.0020836453225286,0.0,0.0016666666666666668,-1.0,1.0,1.0,-1.0,1.0,-1.0,0.0
2023-06-30,0.015978514234144463,0.015978514234144463,0.060874724261699154,2.8366718283111516,0.0,0.0016666666666666668,-1.0,-1.0,1.333333333333333,1.333333333333333,0.16666666666666663,-1.0,0.16666666666666663
2023-07-31,-0.006042788327545234,-0.006042788327545234,0.033889553950999796,2.007989257117072,0.0,0.0016666666666666668,1.0,-1.0,1.0,1.0,-1.0,-1.0,0.0
2023-08-31,-0.008243561505418162,-0.008243561505418162,-0.02343149987885884,2.0102214356606467,0.0,0.0016666666666666668,1.0,-1.0,-1.0,1.0,-1.0,0.0,1.0
2023-09-30,-0.0028716349189441912,-0.0028716349189441912,-0.042705386139554435,4.670788447419375,0.0,0.0016666666666666668,-1.0,1.333333333333333,1.333333333333333,0.16666666666666663,-1.0,-1.0,0.16666666666666663
2023-10-31,-0.001955691730345488,-0.001955691730345488,-0.02878366128566201,1.9994903112104494,0.0,0.0016666666666666668,-1.0,1.0,1.0,-1.0,1.0,-1.0,0.0
2023-11-30,0.01361692608543637,0.01361692608543637,0.09428480129885441,4.000382337683371,0.0,0.0016666666666666668,-1.0,-1.0,1.333333333333333,0.16666666666666663,-1.0,1.333333333333333,0.16666666666666663
2023-12-31,0.011099647527412992,0.011099647527412992,0.04944657113909945,2.0069103292312924,0.0,0.0016666666666666668,-1.0,1.0,1.0,-1.0,-1.0,1.0,0.0
2024-01-31,-0.025341194101001843,-0.025341194101001843,0.012261945729694856,1.995697676081644,0.0,0.0016666666666666668,-1.0,1.333333333333333,-1.0,0.16666666666666663,-1.0,1.333333333333333,0.16666666666666663
2024-02-29,-0.0037670520951856856,-0.0037670520951856856,0.04281991876882607,3.9888160759876214,0.0,0.0016666666666666668,-1.0,1.0,1.0,-1.0,1.0,0.0,-1.0
2024-03-31,-0.0029429380594370915,-0.0029429380594370915,0.03280241172908105,3.0001199654901853,0.0,0.0016666666666666668,-1.0,-1.0,1.333333333333333,0.16666666666666663,1.333333333333333,-1.0,0.16666666666666663
2024-04-30,0.011360822557306527,0.011360822557306527,-0.03669620191916756,2.836799101548426,0.0,0.0016666666666666668,1.0,-1.0,1.0,1.0,-1.0,-1.0,0.0
2024-05-31,-0.0005852711771315855,-0.0005852711771315855,0.0453197210152505,2.0067401823680977,0.0,0.0016666666666666668,1.0,-1.0,-1.0,1.0,1.0,-1.0,0.0
2024-06-30,-0.0014108877974962075,-0.0014108877974962075,0.020679277486634673,0.0008663859129143803,0.0,0.0016666666666666668,1.0,-1.0,-1.0,1.0,1.0,-1.0,0.0
2024-07-31,-0.003408414961284005,-0.003408414961284005,0.01789025740302219,2.834038777232081,0.0,0.0016666666666666668,-1.0,-1.0,1.333333333333333,0.16666666666666663,1.333333333333333,-1.0,0.16666666666666663
2024-08-31,0.005285320866670771,0.005285320866670771,0.02680134836431547,2.338403482954488,0.0,0.0016666666666666668,-1.0,-1.0,-1.0,0.16666666666666663,1.333333333333333,1.333333333333333,0.16666666666666663
2024-09-30,0.005621869645933364,0.005621869645933364,0.018771913381583127,3.002846848327035,0.0,0.0016666666666666668,-1.0,0.0,1.0,-1.0,1.0,1.0,-1.0
2024-10-31,-0.015465437814152994,-0.015465437814152994,-0.01961238998172654,2.002810934822967,0.0,0.0016666666666666668,-1.0,1.0,-1.0,-1.0,1.0,1.0,0.0
2024-11-30,0.006526047269507451,0.006526047269507451,0.0462499625681414,0.0095592126572005,0.0,0.0016666666666666668,-1.0,1.0,-1.0,-1.0,1.0,1.0,0.0
2024-12-31,0.005396998742148236,0.005396998742148236,-0.025739893554061255,2.004114352023451,0.0,0.0016666666666666668,-1.0,1.333333333333333,-1.0,0.16666666666666663,1.333333333333333,-1.0,0.16666666666666663
2025-01-31,-0.005640749707085835,-0.005640749707085835,0.03553918394779765,2.8362387221220136,0.0,0.0016666666666666668,1.0,1.0,-1.0,1.0,-1.0,-1.0,0.0
2025-02-28,-0.0022319781088733226,-0.0022319781088733226,-0.006877922134427172,2.0017531413626144,0.0,0.0016666666666666668,1.0,-1.0,-1.0,1.0,1.0,-1.0,0.0
2025-03-31,0.0011253747246737407,0.0011253747246737407,-0.043895745161649846,2.834603795315178,0.0,0.0016666666666666668,-1.0,-1.0,-1.0,0.16666666666666663,1.333333333333333,1.333333333333333,0.16666666666666663
2025-04-30,0.009504670660192966,0.009504670660192966,0.00934537400269364,0.002073313242104746,0.0,0.0016666666666666668,-1.0,-1.0,-1.0,0.16666666666666663,1.333333333333333,1.333333333333333,0.16666666666666663
2025-05-31,0.03694961024615073,0.03694961024615073,0.05989076238836755,2.841630944884503,0.0,0.0016666666666666668,1.0,-1.0,-1.0,1.0,1.0,-1.0,0.0
2025-06-30,0.0065851234103861955,0.0065851234103861955,0.043488264387247844,6.010986297833519,0.0,0.0016666666666666668,-1.0,1.0,1.0,-1.0,0.0,1.0,-1.0
2025-07-31,-0.0032998903669837487,-0.0032998903669837487,0.013121147840592817,1.0033944725332187,0.0,0.0016666666666666668,-1.0,1.0,1.0,-1.0,1.0,0.0,-1.0
2025-08-31,-0.003430958377739879,-0.003430958377739879,0.026408418382837917,1.001649945183492,0.0,0.0016666666666666668,-1.0,1.0,1.0,-1.0,0.0,1.0,-1.0
2025-09-30,-0.0010810412551014448,-0.0010810412551014448,0.03257397590137967,5.99828452081113,0.0,0.0016666666666666668,1.0,-1.0,-1.0,1.0,1.0,-1.0,0.0
2025-10-31,0.008334826561179898,0.008334826561179898,0.020226026495081317,1.998278229513561,0.0,0.0016666666666666668,1.0,-1.0,-1.0,1.0,-1.0,1.0,0.0
