Date,ret_net,ret_gross,ret_bm,turnover,tcost,ret_rf,w_EU,w_JP,w_AU,w_US,w_CH,w_EM,w_UK
1999-03-31,0.0,0.0,0.0,0.0,0.0,0.0046101341821787,0.0,0.0,0.0,0.0,0.0,0.0,0.0
1999-04-30,0.007792976556209215,0.007792976556209215,0.0,0.5,0.0,0.0042084106495823,0.3333333333333333,0.3333333333333333,0.0,0.0,0.3333333333333333,0.0,0.0
1999-05-31,-0.007361182054024213,-0.007361182054024213,0.0,0.6705631549447713,0.0,0.0040076091277567,0.0,0.3333333333333333,0.3333333333333333,0.3333333333333333,0.0,0.0,0.0
1999-06-30,-0.020680749346944267,-0.020680749346944267,0.0,0.33686470360799226,0.0,0.0044092523317122,0.0,0.3333333333333333,0.0,0.3333333333333333,0.3333333333333333,0.0,0.0
1999-07-31,0.010769562873973643,0.010769562873973643,0.0,0.34295454223909594,0.0,0.0042084106495823,0.3333333333333333,0.3333333333333333,0.0,0.0,0.3333333333333333,0.0,0.0
1999-08-31,-0.008930637585689311,-0.008930637585689311,0.0,0.005420562172638699,0.0,0.0044092523317122,0.3333333333333333,0.3333333333333333,0.0,0.0,0.3333333333333333,0.0,0.0
1999-09-30,0.002588353713683859,0.002588353713683859,0.0,0.33486431682469286,0.0,0.0042084106495823,0.3333333333333333,0.3333333333333333,0.3333333333333333,0.0,0.0,0.0,0.0
1999-10-31,-0.007919257500824265,-0.007919257500824265,0.0,0.33522091454464986,0.0,0.0042084106495823,0.3333333333333333,0.3333333333333333,0.0,0.0,0.0,0.0,0.3333333333333333
1999-11-30,-0.010117221148331948,-0.010117221148331948,0.0,0.34133303909625423,0.0,0.0042084106495823,0.3333333333333333,0.3333333333333333,0.3333333333333333,0.0,0.0,0.0,0.0
1999-12-31,-0.011601660468937439,-0.011601660468937439,0.0,0.6751132653923847,0.0,0.0044092523317122,0.3333333333333333,0.0,0.0,0.3333333333333333,0.0,0.0,0.3333333333333333
2000-01-31,-0.0015975973899151985,-0.0015975973899151985,0.0,0.9941991697655312,0.0,0.0040076091277567,0.0,0.3333333333333333,0.3333333333333333,0.0,0.3333333333333333,0.0,0.0
2000-02-29,-0.0009325665029053711,-0.0009325665029053711,-0.001212828824101564,0.33309041700697417,0.0,0.0040076091277567,0.3333333333333333,0.3333333333333333,0.3333333333333333,0.0,0.0,0.0,0.0
2000-03-31,0.007510708681697231,0.007510708681697231,0.05442926311149998,0.0030330064966677117,0.0,0.0046101341821787,0.3333333333333333,0.3333333333333333,0.3333333333333333,0.0,0.0,0.0,0.0
2000-04-30,-0.015191737236883569,-0.015191737236883569,-0.038301109449248694,0.0037553543408486156,0.0,0.0038068477582051,0.3333333333333333,0.3333333333333333,0.3333333333333333,0.0,0.0,0.0,0.0
2000-05-31,0.004060949932712221,0.004060949932712221,-0.011619824387154143,0.3257908604640417,0.0,0.0044092523317122,0.0,0.3333333333333333,0.3333333333333333,0.3333333333333333,0.0,0.0,0.0
2000-06-30,0.0062119871594145115,0.0062119871594145115,0.030136117069895274,0.0020304749663561106,0.0,0.0044092523317122,0.0,0.3333333333333333,0.3333333333333333,0.3333333333333333,0.0,0.0,0.0
2000-07-31,0.0036972144159070166,0.0036972144159070166,-0.023792266927673333,0.0033455801217889825,0.0,0.0040076091277567,0.0,0.3333333333333333,0.3333333333333333,0.3333333333333333,0.0,0.0,0.0
2000-08-31,-0.0003069922134880656,-0.0003069922134880656,0.01687493416937813,0.002132826395412485,0.0,0.0046101341821787,0.0,0.3333333333333333,0.3333333333333333,0.3333333333333333,0.0,0.0,0.0
2000-09-30,0.003605790650955306,0.003605790650955306,-0.03315693836523392,0.004437297980907362,0.0,0.0060171308192813,0.0,0.3333333333333333,0.3333333333333333,0.3333333333333333,0.0,0.0,0.0
2000-10-31,0.004746954379387139,0.004746954379387139,-0.015321869419774314,0.335136228658811,0.0,0.0066208316393145,0.0,0.3333333333333333,0.0,0.3333333333333333,0.3333333333333333,0.0,0.0
2000-11-30,0.014043425411579028,0.014043425411579028,-0.02818826191734969,0.33570681052302687,0.0,0.0042084106495823,0.0,0.3333333333333333,0.3333333333333333,0.3333333333333333,0.0,0.0,0.0
2000-12-31,0.006136161999351334,0.006136161999351334,0.02434948321520647,0.0070217127057895234,0.0,0.0060171308192813,0.0,0.3333333333333333,0.3333333333333333,0.3333333333333333,0.0,0.0,0.0
2001-01-31,0.006565701438802159,0.006565701438802159,0.010555943009654012,0.003301881934879375,0.0,0.0063189359585271,0.0,0.3333333333333333,0.3333333333333333,0.3333333333333333,0.0,0.0,0.0
2001-02-28,0.003881554975558717,0.003881554975558717,-0.048795867360239,0.3366161840527344,0.0,0.0038068477582051,0.0,0.0,0.3333333333333333,0.3333333333333333,0.3333333333333333,0.0,0.0
2001-03-31,0.002668885816997979,0.002668885816997979,-0.04922215763514304,0.3352741108211127,0.0,0.0044092523317122,0.0,0.3333333333333333,0.3333333333333333,0.3333333333333333,0.0,0.0,0.0
2001-04-30,-0.008694143713560327,-0.008694143713560327,0.038953114457780824,0.0014225941177038182,0.0,0.0040076091277567,0.0,0.3333333333333333,0.3333333333333333,0.3333333333333333,0.0,0.0,0.0
2001-05-31,0.003355554869094298,0.003355554869094298,-0.008216110784206476,0.3365281146176107,0.0,0.0022023115407312,0.0,0.3333333333333333,0.0,0.3333333333333333,0.3333333333333333,0.0,0.0
2001-06-30,0.0015326631985984236,0.0015326631985984236,-0.021359090411263826,0.3353502950297307,0.0,0.0021021013305981,0.0,0.3333333333333333,0.3333333333333333,0.3333333333333333,0.0,0.0,0.0
2001-07-31,-0.0007249717902034398,-0.0007249717902034398,0.003869245207709149,0.3341001004862917,0.0,0.0021021013305981,0.0,0.3333333333333333,0.3333333333333333,0.0,0.3333333333333333,0.0,0.0
2001-08-31,0.004340049215066996,0.004340049215066996,-0.00915581979293889,0.33504918476836754,0.0,0.0023025317718852,0.0,0.3333333333333333,0.0,0.3333333333333333,0.3333333333333333,0.0,0.0
2001-09-30,0.009947718771472417,0.009947718771472417,-0.042868814854046255,0.0021700246075334884,0.0,0.0030042036421848,0.0,0.3333333333333333,0.0,0.3333333333333333,0.3333333333333333,0.0,0.0
2001-10-31,0.016815521882259283,0.016815521882259283,0.013630637349292485,0.6716405260524028,0.0,0.0023025317718852,0.3333333333333333,0.0,0.3333333333333333,0.3333333333333333,0.0,0.0,0.0
2001-11-30,-0.018241596923643834,-0.018241596923643834,0.022979445001815035,0.008407760941129633,0.0,0.0021021013305981,0.3333333333333333,0.0,0.3333333333333333,0.3333333333333333,0.0,0.0,0.0
2001-12-31,-0.01563445214268111,-0.01563445214268111,-0.008954777577066197,0.33269803423417965,0.0,0.0020019011404841,0.3333333333333333,0.3333333333333333,0.3333333333333333,0.0,0.0,0.0,0.0
2002-01-31,-0.0026173217369201605,-0.0026173217369201605,-0.02468739554286603,0.658849440595326,0.0,0.0021021013305981,0.0,0.3333333333333333,0.0,0.3333333333333333,0.3333333333333333,0.0,0.0
2002-02-28,0.006433912921554633,0.006433912921554633,-0.0020207261760197825,0.0036589323653398453,0.0,0.0019017109693872,0.0,0.3333333333333333,0.0,0.3333333333333333,0.3333333333333333,0.0,0.0
2002-03-31,-0.007647708153547872,-0.007647708153547872,0.02205047615427369,0.3365502897941106,0.0,0.0020019011404841,0.0,0.3333333333333333,0.3333333333333333,0.3333333333333333,0.0,0.0,0.0
2002-04-30,0.08214456820756699,0.08214456820756699,-0.001331088822003279,1.3359519195082434,0.0,0.0022023115407312,1.0,1.0,0.0,1.0,0.0,0.0,0.0
2002-05-31,0.04354852354175476,0.04354852354175476,0.01487175660052431,0.041072284103783496,0.0,0.0022023115407312,1.0,1.0,0.0,1.0,0.0,0.0,0.0
2002-06-30,0.10346421142003637,0.10346421142003637,-0.007288949609461026,0.09884159719108387,0.0,0.0020019011404841,0.948621776386529,0.948621776386529,0.0,0.948621776386529,0.0,0.0,0.0
2002-07-31,0.03723244926678196,0.03723244926678196,-0.03563502705165478,0.07737604402826914,0.0,0.0022023115407312,0.931525817507695,0.931525817507695,0.0,0.931525817507695,0.0,0.0,0.0
2002-08-31,0.0275064152369399,0.0275064152369399,0.010433158987546376,0.9888992142347375,0.0,0.0022023115407312,0.8540114733203921,0.8540114733203921,0.8540114733203921,0.0,0.0,0.0,0.0
2002-09-30,0.02860198891787597,0.02860198891787597,-0.04407630862954959,0.02075816725707197,0.0,0.0020019011404841,0.8493415002279907,0.8493415002279907,0.8493415002279907,0.0,0.0,0.0,0.0
2002-10-31,-0.0008697116986312145,-0.0008697116986312145,0.029076025631141977,0.015029589952534783,0.0,0.0023025317718852,0.8563362690817042,0.8563362690817042,0.8563362690817042,0.0,0.0,0.0,0.0
2002-11-30,-0.013045147323076415,-0.013045147323076415,0.02470264732376548,0.8614500709602503,0.0,0.0020019011404841,0.8501241981562152,0.0,0.8501241981562152,0.8501241981562152,0.0,0.0,0.0
2002-12-31,0.09918095773811872,0.09918095773811872,0.005356192545459937,0.872158077749299,0.0,0.0021021013305981,0.8611248256952645,0.8611248256952645,0.0,0.8611248256952645,0.0,0.0,0.0
2003-01-31,0.0363261598700922,0.0363261598700922,-0.0052626591732434225,0.9137962756962846,0.0,0.0,0.8723503465005766,0.8723503465005766,0.0,0.0,0.8723503465005766,0.0,0.0
2003-02-28,0.01963478785962364,0.01963478785962364,0.0009199299894242507,0.9306769711767311,0.0,0.0,0.79202325701836,0.79202325701836,0.79202325701836,0.0,0.0,0.0,0.0
2003-03-31,-0.0008494417922940388,-0.0008494417922940388,0.0007118765660765192,0.8029209231195763,0.0,0.0,0.7898627126755509,0.7898627126755509,0.0,0.0,0.0,0.0,0.7898627126755509
2003-04-30,0.02308911802652595,0.02308911802652595,0.04390266004896226,0.7899114233835252,0.0,0.0,0.7925393590552172,0.7925393590552172,0.7925393590552172,0.0,0.0,0.0,0.0
2003-05-31,0.09960497771333393,0.09960497771333393,0.04952453470403406,0.8052945463368822,0.0,0.0,0.790118102518413,0.790118102518413,0.0,0.790118102518413,0.0,0.0,0.0
2003-06-30,-0.048214872865095224,-0.048214872865095224,-0.0014577828712760699,0.03346754127557183,0.0,0.0,0.8247323267769728,0.8247323267769728,0.0,0.8247323267769728,0.0,0.0,0.0
2003-07-31,-0.03494594197096935,-0.03494594197096935,-0.007534471300557399,0.8456870269868249,0.0,0.0,0.7346080534921735,0.7346080534921735,0.7346080534921735,0.0,0.0,0.0,0.0
2003-08-31,-0.031944757759842415,-0.031944757759842415,0.006985041585706675,0.7366848442243887,0.0,0.0,0.6955085300567736,0.0,0.6955085300567736,0.0,0.0,0.0,0.6955085300567736
2003-09-30,0.07070477022990512,0.07070477022990512,0.03352236095528882,1.3631764323989826,0.0,0.0,0.6717720323874868,0.6717720323874868,0.0,0.0,0.6717720323874868,0.0,0.0
2003-10-31,-0.033563588640017336,-0.033563588640017336,0.023960523498449016,1.3697617248147658,0.0,0.0,0.6535025822371656,0.0,0.6535025822371656,0.6535025822371656,0.0,0.0,0.0
2003-11-30,0.015706354033658883,0.015706354033658883,0.016213877431540347,0.033394038484810706,0.0,0.0,0.6200520270339527,0.0,0.6200520270339527,0.6200520270339527,0.0,0.0,0.0
2003-12-31,0.07758334440584788,0.07758334440584788,0.05063331442830643,0.6373542777365548,0.0,0.0,0.6011538796624072,0.0,0.0,0.6011538796624072,0.0,0.0,0.6011538796624072
2004-01-31,0.016254294048022484,0.016254294048022484,0.009052709710837714,0.035677017416331336,0.0,0.0,0.6032303161868022,0.0,0.0,0.6032303161868022,0.0,0.0,0.6032303161868022
2004-02-29,0.03950797020855297,0.03950797020855297,0.008914564156645488,0.07008776081249823,0.0,0.0,0.5619232403278109,0.0,0.0,0.5619232403278109,0.0,0.0,0.5619232403278109
2004-03-31,-0.00219146640753094,-0.00219146640753094,0.004575978160007654,0.019962797174696123,0.0,0.0,0.5617840322808645,0.0,0.0,0.5617840322808645,0.0,0.0,0.5617840322808645
2004-04-30,-0.05302764560335853,-0.05302764560335853,-0.03202747580680698,0.5641703795145517,0.0,0.0,0.554819871405959,0.0,0.0,0.554819871405959,0.554819871405959,0.0,0.0
2004-05-31,-0.0030976833263422062,-0.0030976833263422062,0.008771320820335493,0.024463648630009882,0.0,0.0,0.5534530886248461,0.0,0.0,0.5534530886248461,0.5534530886248461,0.0,0.0
2004-06-30,0.004208816885239557,0.004208816885239557,0.011190230158493408,0.04378355416947871,0.0,0.0,0.5232314914030796,0.0,0.0,0.5232314914030796,0.5232314914030796,0.0,0.0
2004-07-31,-0.0020689992700501283,-0.0020689992700501283,-0.018259505651387786,1.0479090775023583,0.0,0.0,0.5219148639102381,0.5219148639102381,0.0,0.0,0.0,0.0,0.5219148639102381
2004-08-31,0.03154197489991134,0.03154197489991134,0.014722827915299774,1.045192683270355,0.0,0.0022023115407312,0.52213207405831,0.0,0.52213207405831,0.52213207405831,0.0,0.0,0.0
2004-09-30,0.019011745311977506,0.019011745311977506,0.016597170084819757,0.5380005392043627,0.0,0.0021021013305981,0.5219371186661159,0.0,0.0,0.5219371186661159,0.0,0.0,0.5219371186661159
2004-10-31,0.020901127263906756,0.020901127263906756,0.02721990404982977,1.0514593440642683,0.0,0.0021021013305981,0.5180955868182111,0.5180955868182111,0.5180955868182111,0.0,0.0,0.0,0.0
2004-11-30,0.02973045327087173,0.02973045327087173,0.0440652883664745,0.0110375760422185,0.0,0.0021021013305981,0.5177042452113677,0.5177042452113677,0.5177042452113677,0.0,0.0,0.0,0.0
2004-12-31,0.01991661407889621,0.01991661407889621,0.027301244887431908,0.013364386113421667,0.0,0.0022023115407312,0.5189001306632364,0.5189001306632364,0.5189001306632364,0.0,0.0,0.0,0.0
2005-01-31,-0.012931805566404608,-0.012931805566404608,-0.018009085671903957,0.014314288562189192,0.0,0.0020019011404841,0.5303734637280155,0.5303734637280155,0.5303734637280155,0.0,0.0,0.0,0.0
2005-02-28,0.0026345388494315326,0.0026345388494315326,0.0161741224137959,0.5561465561209247,0.0,0.0019017109693872,0.5435064309377382,0.5435064309377382,0.0,0.0,0.0,0.0,0.5435064309377382
2005-03-31,0.0037821068208579124,0.0037821068208579124,-0.016053159290623786,0.5484037539759898,0.0,0.0022023115407312,0.5397393561176675,0.5397393561176675,0.0,0.0,0.5397393561176675,0.0,0.0
2005-04-30,0.024146326362149056,0.024146326362149056,-0.002547047491848531,0.5477064298695,0.0,0.0021021013305981,0.5387128108560824,0.5387128108560824,0.0,0.0,0.0,0.0,0.5387128108560824
2005-05-31,-0.010728599184399657,-0.010728599184399657,-0.001754488902569462,0.5492603244062269,0.0,0.0021021013305981,0.5441677548597579,0.5441677548597579,0.0,0.0,0.5441677548597579,0.0,0.0
2005-06-30,-0.0011410108700360094,-0.0011410108700360094,-4.4818665406509695e-05,0.5669623928956238,0.0,0.0022023115407312,0.5521948204531778,0.5521948204531778,0.5521948204531778,0.0,0.0,0.0,0.0
2005-07-31,-0.017058611928876602,-0.017058611928876602,0.012260673131825772,0.5538050747529095,0.0,0.0020019011404841,0.0,0.5478333009836783,0.5478333009836783,0.5478333009836783,0.0,0.0,0.0
2005-08-31,0.009139136368600493,0.009139136368600493,0.013043921390037516,0.04027549584114376,0.0,0.0023025317718852,0.0,0.5689974275681486,0.5689974275681486,0.5689974275681486,0.0,0.0,0.0
2005-09-30,-0.02017377599432119,-0.02017377599432119,0.003509227003188009,1.139334312340325,0.0,0.0021021013305981,0.5625372056076035,0.0,0.5625372056076035,0.0,0.5625372056076035,0.0,0.0
2005-10-31,-0.020222902932083342,-0.020222902932083342,-0.021193160657350774,0.011019499666107935,0.0,0.0021021013305981,0.563158946720235,0.0,0.563158946720235,0.0,0.563158946720235,0.0,0.0
2005-11-30,-0.004005076666681914,-0.004005076666681914,0.011257917388529659,0.5610668462814243,0.0,0.0021021013305981,0.555753629922283,0.555753629922283,0.555753629922283,0.0,0.0,0.0,0.0
2005-12-31,0.010424749546143263,0.010424749546143263,0.017076521591678162,1.106111830256387,0.0,0.0042084106495823,0.0,0.5489678474126071,0.0,0.0,0.5489678474126071,0.0,0.5489678474126071
2006-01-31,-0.0080394638252323,-0.0080394638252323,0.029590668196876946,1.1069128812366207,0.0,0.0040076091277567,0.0,0.550176696011851,0.550176696011851,0.550176696011851,0.0,0.0,0.0
2006-02-28,-0.004866229274527416,-0.004866229274527416,-0.002952835120293318,0.5972465550531223,0.0,0.0038068477582051,0.0,0.582131826431159,0.582131826431159,0.0,0.582131826431159,0.0,0.0
2006-03-31,-0.01535980308829511,-0.01535980308829511,0.006509549926963398,1.16256092686957,0.0,0.0046101341821787,0.5829058249794492,0.0,0.5829058249794492,0.0,0.0,0.0,0.5829058249794492
2006-04-30,0.006751561947070534,0.006751561947070534,0.027651495465833342,0.576420070693692,0.0,0.0038068477582051,0.5824500686868868,0.0,0.5824500686868868,0.0,0.5824500686868868,0.0,0.0
2006-05-31,0.0160700220498174,0.0160700220498174,-0.009579427712649635,0.5877873374601744,0.0,0.0044092523317122,0.578527093087382,0.578527093087382,0.578527093087382,0.0,0.0,0.0,0.0
2006-06-30,-0.02129479507377563,-0.02129479507377563,-0.004859094337308245,0.5858886520598643,0.0,0.0044092523317122,0.5798739971922349,0.5798739971922349,0.0,0.0,0.0,0.0,0.5798739971922349
2006-07-31,0.02104767202365245,0.02104767202365245,0.007211427147981286,0.08871571942849277,0.0,0.0040076091277567,0.6319195451199715,0.6319195451199715,0.0,0.0,0.0,0.0,0.6319195451199715
2006-08-31,0.0396135261239131,0.0396135261239131,0.018441261137778664,0.006815458507885563,0.0,0.0046101341821787,0.6422788885710744,0.6422788885710744,0.0,0.0,0.0,0.0,0.6422788885710744
2006-09-30,-0.012843029107220457,-0.012843029107220457,0.005252609709792022,0.00469725533015003,0.0,0.0040076091277567,0.6533760955275357,0.6533760955275357,0.0,0.0,0.0,0.0,0.6533760955275357
2006-10-31,0.013833984639510999,0.013833984639510999,0.024292395617105722,0.010045034865084124,0.0,0.0044092523317122,0.655791775735185,0.655791775735185,0.0,0.0,0.0,0.0,0.655791775735185
2006-11-30,0.03432513739725688,0.03432513739725688,0.026168873440274742,0.7269267837628207,0.0,0.0042084106495823,0.6994460402069229,0.6994460402069229,0.6994460402069229,0.0,0.0,0.0,0.0
2006-12-31,-0.0460844462889095,-0.0460844462889095,0.0027610531237172165,1.4268970918061323,0.0,0.0040076091277567,0.7211309255942391,0.0,0.0,0.7211309255942391,0.0,0.0,0.7211309255942391
2007-01-31,-0.018360844922943174,-0.018360844922943174,0.000610869102998679,0.7168798015163915,0.0,0.0040076091277567,0.7131367192420726,0.7131367192420726,0.0,0.7131367192420726,0.0,0.0,0.0
2007-02-28,0.03449831409870699,0.03449831409870699,0.007524035992735545,0.8177755608264901,0.0,0.0038068477582051,0.7798912875529594,0.7798912875529594,0.0,0.0,0.0,0.0,0.7798912875529594
2007-03-31,-0.002871723279726759,-0.002871723279726759,0.011415016497603014,0.022627977155474988,0.0,0.0044092523317122,0.7763054074822118,0.7763054074822118,0.0,0.0,0.0,0.0,0.7763054074822118
2007-04-30,0.015019553115759823,0.015019553115759823,0.029820303782732482,0.8062233355503909,0.0,0.0040076091277567,0.7997210664557098,0.7997210664557098,0.0,0.7997210664557098,0.0,0.0,0.0
2007-05-31,-0.048808070236445435,-0.048808070236445435,0.007622178357741927,0.007471791808267736,0.0,0.0044092523317122,0.799746389622118,0.799746389622118,0.0,0.799746389622118,0.0,0.0,0.0
2007-06-30,-0.013613159204598765,-0.013613159204598765,-0.006716283484492047,0.18083863514569992,0.0,0.0042084106495823,0.9040361229737695,0.9040361229737695,0.0,0.9040361229737695,0.0,0.0,0.0
2007-07-31,0.04676769343954665,0.04676769343954665,-0.00016930849875829157,0.06870331209531766,0.0,0.0042084106495823,0.8536961951753581,0.8536961951753581,0.0,0.8536961951753581,0.0,0.0,0.0
2007-08-31,0.03443226424146563,0.03443226424146563,0.006926645498760875,0.029392045949904466,0.0,0.0046101341821787,0.8496907290219373,0.8496907290219373,0.0,0.8496907290219373,0.0,0.0,0.0
2007-09-30,0.039308172044506984,0.039308172044506984,0.0376846954983987,0.8788825234212125,0.0,0.0038068477582051,0.8257394044648524,0.8257394044648524,0.0,0.0,0.0,0.0,0.8257394044648524
2007-10-31,0.03076574420239299,0.03076574420239299,0.024578338074680905,0.8548371207655012,0.0,0.0023025317718852,0.84347520690142,0.84347520690142,0.0,0.84347520690142,0.0,0.0,0.0
2007-11-30,0.06047900205218559,0.06047900205218559,-0.010801470035733063,0.8629850390138086,0.0,0.0042084106495823,0.8352212868790356,0.0,0.0,0.8352212868790356,0.0,0.0,0.8352212868790356
2007-12-31,-0.010646649081591944,-0.010646649081591944,-0.009231795574268453,0.8641913504216374,0.0,0.0020019011404841,0.8377601618460175,0.8377601618460175,0.0,0.8377601618460175,0.0,0.0,0.0
2008-01-31,0.06353278098255705,0.06353278098255705,-0.025390870037274915,0.02061453833118687,0.0,0.0021021013305981,0.8204682532646956,0.8204682532646956,0.0,0.8204682532646956,0.0,0.0,0.0
2008-02-29,0.03925227298614702,0.03925227298614702,0.008931692705318017,0.02246016755418534,0.0,0.0020019011404841,0.82781246561765,0.82781246561765,0.0,0.82781246561765,0.0,0.0,0.0
2008-03-31,0.0535995594923844,0.0535995594923844,0.010966861034271025,0.07631370040806801,0.0,0.0020019011404841,0.790020756340987,0.790020756340987,0.0,0.790020756340987,0.0,0.0,0.0
2008-04-30,-0.06910454038080696,-0.06910454038080696,0.010939850944766683,0.0458431487992223,0.0,0.0022023115407312,0.7773251769723003,0.7773251769723003,0.0,0.7773251769723003,0.0,0.0,0.0
2008-05-31,-0.03699527557919714,-0.03699527557919714,0.001787283863046829,0.004450418561908531,0.0,0.0021021013305981,0.751323384470759,0.751323384470759,0.0,0.751323384470759,0.0,0.0,0.0
2008-06-30,0.015204584433750064,0.015204584433750064,-0.04031100802057119,0.06119212760226428,0.0,0.0021021013305981,0.698196874209517,0.698196874209517,0.0,0.698196874209517,0.0,0.0,0.0
2008-07-31,0.015911009472954773,0.015911009472954773,-0.011343954126205924,0.028018440034450143,0.0,0.0022023115407312,0.6845861089978003,0.6845861089978003,0.0,0.6845861089978003,0.0,0.0,0.0
2008-08-31,-0.011358852811500343,-0.011358852811500343,-0.016745445821676253,0.009416328980648703,0.0,0.0021021013305981,0.6836122261683527,0.6836122261683527,0.0,0.6836122261683527,0.0,0.0,0.0
2008-09-30,-0.03301709505045187,-0.03301709505045187,-0.06597605634725823,0.023184618428056247,0.0,0.0021021013305981,0.6903635716316912,0.6903635716316912,0.0,0.6903635716316912,0.0,0.0,0.0
2008-10-31,-0.005575262948681852,-0.005575262948681852,-0.10131355099831318,0.6823828223643844,0.0,0.0,0.0,0.6875063644968266,0.6875063644968266,0.6875063644968266,0.0,0.0,0.0
2008-11-30,0.04087551408192723,0.04087551408192723,-0.006613744759143336,0.6879221076593782,0.0,0.0,0.0,0.6810996152230413,0.6810996152230413,0.0,0.6810996152230413,0.0,0.0
2008-12-31,0.015698231996915144,0.015698231996915144,0.0554356770971014,0.01371553875050291,0.0,0.0,0.0,0.6900460818799141,0.6900460818799141,0.0,0.6900460818799141,0.0,0.0
2009-01-31,-0.02316817890873702,-0.02316817890873702,-0.06090081147641435,0.7045015119283917,0.0,0.0,0.0,0.6768334537798741,0.6768334537798741,0.6768334537798741,0.0,0.0,0.0
2009-02-28,0.007913741257428386,0.007913741257428386,-0.05747671933025578,0.6711214747138953,0.0,0.0,0.6763765872081702,0.6763765872081702,0.6763765872081702,0.0,0.0,0.0,0.0
2009-03-31,0.015342974286235385,0.015342974286235385,0.044150762617619854,0.6837795756279899,0.0,0.0,0.0,0.6694843516259593,0.6694843516259593,0.6694843516259593,0.0,0.0,0.0
2009-04-30,-0.01809042104537575,-0.01809042104537575,0.04329354048696654,0.6853215066123411,0.0,0.0,0.6710464868124271,0.6710464868124271,0.6710464868124271,0.0,0.0,0.0,0.0
2009-05-31,-0.032179039401579804,-0.032179039401579804,0.05704479693938258,1.3434720852582436,0.0,0.0,0.0,0.0,0.677200530753598,0.677200530753598,0.677200530753598,0.0,0.0
2009-06-30,0.03477598971876826,0.03477598971876826,-0.0010359375830089057,1.3418874904614,0.0,0.0,0.6699272318766708,0.0,0.0,0.0,0.6699272318766708,0.0,0.6699272318766708
2009-07-31,0.019918451157738853,0.019918451157738853,0.04587420128584596,0.6943136101860801,0.0,0.0,0.6559304649766202,0.6559304649766202,0.0,0.0,0.0,0.0,0.6559304649766202
2009-08-31,0.00981679306162193,0.00981679306162193,0.029345260561444375,0.666352936309307,0.0,0.0,0.6570790423027677,0.6570790423027677,0.0,0.0,0.6570790423027677,0.0,0.0
2009-09-30,0.02558261923445535,0.02558261923445535,0.030475927964169314,0.0073288782373373,0.0,0.0,0.6577011454009886,0.6577011454009886,0.0,0.0,0.6577011454009886,0.0,0.0
2009-10-31,-0.0005704098595275598,-0.0005704098595275598,-0.007236555507759035,0.6746824353040369,0.0,0.0,0.6712755193206128,0.6712755193206128,0.0,0.6712755193206128,0.0,0.0,0.0
2009-11-30,0.03163280000051156,0.03163280000051156,0.035934488404395504,0.6774988986769802,0.0,0.0,0.6712593026319846,0.6712593026319846,0.6712593026319846,0.0,0.0,0.0,0.0
2009-12-31,-0.09617350364750071,-0.09617350364750071,-0.020050953989246723,1.3583373513784163,0.0,0.0,0.6712639948603669,0.0,0.0,0.6712639948603669,0.0,0.0,0.6712639948603669
2010-01-31,0.005476057219431665,0.005476057219431665,-0.01814797878509966,0.6880699042954976,0.0,0.0,0.6720405194415601,0.6720405194415601,0.0,0.6720405194415601,0.0,0.0,0.0
2010-02-28,-0.001014029241461047,-0.001014029241461047,0.007916683652136047,0.7133138770236053,0.0,0.0,0.5949698614969012,0.5949698614969012,0.0,0.0,0.5949698614969012,0.0,0.0
2010-03-31,-0.00651732498283094,-0.00651732498283094,0.018826384703533483,0.5950056765705278,0.0,0.0,0.0,0.5991269722938425,0.0,0.5991269722938425,0.5991269722938425,0.0,0.0
2010-04-30,0.022233219949518407,0.022233219949518407,-0.0016121623446596622,0.010157570659642512,0.0,0.0,0.0,0.6037262444059939,0.0,0.6037262444059939,0.6037262444059939,0.0,0.0
2010-05-31,-0.06615558191702615,-0.06615558191702615,-0.05016807296540693,1.218180087276401,0.0,0.0,0.6029482213853022,0.0,0.6029482213853022,0.0,0.6029482213853022,0.0,0.0
2010-06-30,0.024729074292350734,0.024729074292350734,-0.00566764773747408,1.2209939729373573,0.0,0.0,0.0,0.6001805655811416,0.6001805655811416,0.6001805655811416,0.0,0.0,0.0
2010-07-31,0.00643348048159365,0.00643348048159365,0.05602284401903579,0.6279168158131783,0.0,0.0,0.0,0.5694371394094192,0.0,0.5694371394094192,0.5694371394094192,0.0,0.0
2010-08-31,0.031947354858520245,0.031947354858520245,-0.005622721748295145,0.0064770283729672085,0.0,0.0,0.0,0.5672636139879723,0.0,0.5672636139879723,0.5672636139879723,0.0,0.0
2010-09-30,0.015797939571079896,0.015797939571079896,0.05401498499005508,0.5822293659718913,0.0,0.0,0.0,0.574454346136939,0.0,0.574454346136939,0.0,0.0,0.574454346136939
2010-10-31,-0.003852889470631702,-0.003852889470631702,0.024511799107974186,0.5844698073208956,0.0,0.0,0.0,0.5702213633401056,0.0,0.5702213633401056,0.5702213633401056,0.0,0.0
2010-11-30,-0.06419808313992628,-0.06419808313992628,-0.035641180625231916,1.1453669474008425,0.0,0.0,0.5742095841725916,0.5742095841725916,0.5742095841725916,0.0,0.0,0.0,0.0
2010-12-31,0.021493969878020217,0.021493969878020217,0.04353733766643564,0.6007959562887638,0.0,0.0,0.5767722057561367,0.0,0.5767722057561367,0.5767722057561367,0.0,0.0,0.0
2011-01-31,-0.013913750362874112,-0.013913750362874112,0.010743508941234214,0.6001633963506019,0.0,0.0,0.0,0.5514837944452267,0.5514837944452267,0.5514837944452267,0.0,0.0,0.0
2011-02-28,0.014561178598343567,0.014561178598343567,0.0190644575543637,0.5561096571337413,0.0,0.0,0.5482043401369792,0.5482043401369792,0.5482043401369792,0.0,0.0,0.0,0.0
2011-03-31,0.019597553320176646,0.019597553320176646,-0.003051022737709519,0.562706384774353,0.0,0.0,0.5639780104184537,0.0,0.5639780104184537,0.5639780104184537,0.0,0.0,0.0
2011-04-30,0.09852518938653032,0.09852518938653032,0.03750411430851641,0.5712634088064403,0.0,0.0,0.5690047669626571,0.0,0.5690047669626571,0.0,0.0,0.0,0.5690047669626571
2011-05-31,-0.018483739995962447,-0.018483739995962447,-0.010207354123056067,0.6124793610570636,0.0,0.0,0.5805807681603745,0.5805807681603745,0.5805807681603745,0.0,0.0,0.0,0.0
2011-06-30,0.012185860903383272,0.012185860903383272,-0.0063450298526877,0.08289508339510798,0.0,0.0,0.5191561325649817,0.5191561325649817,0.5191561325649817,0.0,0.0,0.0,0.0
2011-07-31,0.034882284262801745,0.034882284262801745,0.0034492578744269586,1.0479462993008655,0.0,0.0,0.0,0.5229688580990944,0.0,0.5229688580990944,0.5229688580990944,0.0,0.0
2011-08-31,0.009102157484190562,0.009102157484190562,-0.021754568971800836,1.063305180013841,0.0,0.0,0.522821501467597,0.522821501467597,0.522821501467597,0.0,0.0,0.0,0.0
2011-09-30,-0.06822650994837913,-0.06822650994837913,-0.04901482962333048,0.019575854167703466,0.0,0.0,0.5146184441369392,0.5146184441369392,0.5146184441369392,0.0,0.0,0.0,0.0
2011-10-31,0.010387092662142123,0.010387092662142123,0.0475102549953923,0.5035559141006052,0.0,0.0,0.5156071913217132,0.5156071913217132,0.0,0.5156071913217132,0.0,0.0,0.0
2011-11-30,-0.015534861586877979,-0.015534861586877979,-0.019006452021246845,0.5380407087768384,0.0,0.0,0.4811272490736048,0.0,0.0,0.4811272490736048,0.4811272490736048,0.0,0.0
2011-12-31,0.011267336247339513,0.011267336247339513,0.004668350049285452,0.9771713909613551,0.0,0.0,0.48102917105395326,0.48102917105395326,0.0,0.0,0.0,0.0,0.48102917105395326
2012-01-31,0.0119390553475846,0.0119390553475846,0.030687669362053693,0.973243193381182,0.0,0.0,0.4844624826467673,0.0,0.0,0.4844624826467673,0.4844624826467673,0.0,0.0
2012-02-29,0.0035384269017126402,0.0035384269017126402,0.017398497865686924,0.9748680434904053,0.0,0.0,0.0,0.4844095836929243,0.4844095836929243,0.4844095836929243,0.0,0.0,0.0
2012-03-31,-0.02333436569631805,-0.02333436569631805,0.0009502302630670645,0.0058913050030052205,0.0,0.0,0.0,0.48638720520072665,0.48638720520072665,0.48638720520072665,0.0,0.0,0.0
2012-04-30,0.013225904618941225,0.013225904618941225,0.002632070912530926,0.49387646848783157,0.0,0.0,0.48647345181897383,0.48647345181897383,0.48647345181897383,0.0,0.0,0.0,0.0
2012-05-31,-0.014374874645241013,-0.014374874645241013,-0.04326212620198311,0.4952963791390936,0.0,0.0,0.4820535017976756,0.4820535017976756,0.0,0.0,0.0,0.0,0.4820535017976756
2012-06-30,-0.004311215968746689,-0.004311215968746689,0.02343200744667273,0.4909382560778883,0.0,0.0,0.4827072868146416,0.4827072868146416,0.0,0.4827072868146416,0.0,0.0,0.0
2012-07-31,0.01414734918325863,0.01414734918325863,0.011216697687921773,0.4864346258293123,0.0,0.0,0.0,0.48566326947079774,0.0,0.48566326947079774,0.48566326947079774,0.0,0.0
2012-08-31,0.006668767050964227,0.006668767050964227,0.016022967103475283,0.49383488348899374,0.0,0.0,0.0,0.48998292960539025,0.0,0.48998292960539025,0.0,0.0,0.48998292960539025
2012-09-30,0.0008773100919809368,0.0008773100919809368,0.019738222218502077,0.4933845811916282,0.0,0.0,0.0,0.49011746572690196,0.0,0.49011746572690196,0.49011746572690196,0.0,0.0
2012-10-31,-0.008054284236714369,-0.008054284236714369,-0.0063943415003913096,0.49065237590084276,0.0,0.0,0.0,0.49017933025023513,0.0,0.49017933025023513,0.0,0.0,0.49017933025023513
2012-11-30,0.009160393656903985,0.009160393656903985,0.0056209185518383276,0.9802109307084091,0.0,0.0,0.4929179530226221,0.4929179530226221,0.4929179530226221,0.0,0.0,0.0,0.0
2012-12-31,0.010497151855867427,0.010497151855867427,0.004262503748241997,0.4978214965192438,0.0,0.0,0.4922712596862827,0.4922712596862827,0.0,0.0,0.4922712596862827,0.0,0.0
2013-01-31,0.005349079105414961,0.005349079105414961,0.018077085770568324,0.5019206357807144,0.0,0.0,0.49604735295983615,0.49604735295983615,0.49604735295983615,0.0,0.0,0.0,0.0
2013-02-28,-0.023086341122246654,-0.023086341122246654,-0.005018977206025732,1.0694607303292487,0.0,0.0,0.5467980684430189,0.0,0.0,0.0,0.5467980684430189,0.0,0.5467980684430189
2013-03-31,0.009722979744883033,0.009722979744883033,0.010487448866247195,1.0906549024106964,0.0,0.0,0.5467333979608742,0.5467333979608742,0.5467333979608742,0.0,0.0,0.0,0.0
2013-04-30,0.020456002965593533,0.020456002965593533,0.02151764148337909,0.5545567452973854,0.0,0.0,0.5408096830327348,0.5408096830327348,0.0,0.5408096830327348,0.0,0.0,0.0
2013-05-31,-0.06255435266933825,-0.06255435266933825,-0.016093652656552826,0.5545912695254946,0.0,0.0,0.0,0.5409563055348872,0.5409563055348872,0.5409563055348872,0.0,0.0,0.0
2013-06-30,-0.030290080144588054,-0.030290080144588054,-0.015392523383560675,1.0629665991025026,0.0,0.0,0.5407802330488115,0.0,0.0,0.5407802330488115,0.5407802330488115,0.0,0.0
2013-07-31,0.017918469066215328,0.017918469066215328,0.03392231934868084,0.5392629467027592,0.0,0.0,0.5370523607046767,0.5370523607046767,0.0,0.0,0.5370523607046767,0.0,0.0
2013-08-31,-0.010920559251943693,-0.010920559251943693,-0.013030174086485324,0.5487347501880995,0.0,0.0,0.5316060508040465,0.5316060508040465,0.5316060508040465,0.0,0.0,0.0,0.0
2013-09-30,0.05212688675625355,0.05212688675625355,0.035822545331181566,0.5342461237342465,0.0,0.0,0.5293396627458635,0.5293396627458635,0.0,0.0,0.0,0.0,0.5293396627458635
2013-10-31,0.018526087224250174,0.018526087224250174,0.025439243174733672,0.5554829978121505,0.0,0.0,0.5358627802817243,0.5358627802817243,0.5358627802817243,0.0,0.0,0.0,0.0
2013-11-30,-0.022193900503708012,-0.022193900503708012,0.004631593082167207,0.0417599728778551,0.0,0.0,0.5141981607712376,0.5141981607712376,0.5141981607712376,0.0,0.0,0.0,0.0
2013-12-31,-0.014500270878205749,-0.014500270878205749,0.00751154421363931,0.010680724042622908,0.0,0.0,0.5121058490426491,0.5121058490426491,0.5121058490426491,0.0,0.0,0.0,0.0
2014-01-31,0.02654011709004271,0.02654011709004271,-0.014356024389216682,0.5517700784986677,0.0,0.0,0.5401687830183879,0.5401687830183879,0.0,0.0,0.5401687830183879,0.0,0.0
2014-02-28,0.026586750663643244,0.026586750663643244,0.03390163083371789,0.5534520712989077,0.0,0.0,0.540142323547391,0.540142323547391,0.540142323547391,0.0,0.0,0.0,0.0
2014-03-31,0.0034682795922548327,0.0034682795922548327,0.0007858374219544828,0.5548863309014391,0.0,0.0,0.5372410595029381,0.5372410595029381,0.0,0.0,0.5372410595029381,0.0,0.0
2014-04-30,0.01919924751738048,0.01919924751738048,0.010868129071726518,0.5408746918312217,0.0,0.0,0.5334420744386257,0.5334420744386257,0.0,0.0,0.0,0.0,0.5334420744386257
2014-05-31,0.00767055527995511,0.00767055527995511,0.012976794400821223,0.5429957254382028,0.0,0.0,0.5356140740639057,0.5356140740639057,0.0,0.0,0.5356140740639057,0.0,0.0
2014-06-30,0.015335560687411438,0.015335560687411438,0.013690897516008604,0.13458205619184926,0.0,0.0,0.6278922966184569,0.6278922966184569,0.0,0.0,0.6278922966184569,0.0,0.0
2014-07-31,0.0019692800420457084,0.0019692800420457084,-0.012858353904379949,0.6357309172522084,0.0,0.0,0.0,0.63230137231072,0.0,0.63230137231072,0.63230137231072,0.0,0.0
2014-08-31,0.009303099249831855,0.009303099249831855,0.014517761875532331,1.265501185962514,0.0,0.0,0.6321289749508224,0.6321289749508224,0.6321289749508224,0.0,0.0,0.0,0.0
2014-09-30,-0.04237227187087861,-0.04237227187087861,-0.029458610320967638,0.6592963026528784,0.0,0.0,0.0,0.6509700199943849,0.6509700199943849,0.0,0.6509700199943849,0.0,0.0
2014-10-31,0.008813012627678042,0.008813012627678042,0.0026949748156064324,0.6733588812356386,0.0,0.0,0.6513477620281432,0.6513477620281432,0.6513477620281432,0.0,0.0,0.0,0.0
2014-11-30,0.01725385396646799,0.01725385396646799,0.009042282629081466,1.4181113425592677,0.0,0.0,0.0,0.7274321005547866,0.0,0.7274321005547866,0.7274321005547866,0.0,0.0
2014-12-31,-0.005344095375507718,-0.005344095375507718,-0.011731933931571126,0.7354529942156223,0.0,0.0,0.7286441671995831,0.7286441671995831,0.0,0.7286441671995831,0.0,0.0,0.0
2015-01-31,0.054017885483585465,0.054017885483585465,-0.01132763900826017,0.731122014683846,0.0,0.0,0.0,0.7346298591453688,0.0,0.7346298591453688,0.7346298591453688,0.0,0.0
2015-02-28,-0.021876748245650366,-0.021876748245650366,0.028288654132561986,0.7608046580770507,0.0,0.0,0.0,0.7363160457678198,0.0,0.7363160457678198,0.0,0.0,0.7363160457678198
2015-03-31,0.010603790043502538,0.010603790043502538,-0.013265340774319623,0.739511491752042,0.0,0.0,0.0,0.7080484055537251,0.0,0.7080484055537251,0.7080484055537251,0.0,0.0
2015-04-30,-0.006486712370066188,-0.006486712370066188,0.018477208770227183,0.015718726769442415,0.0,0.0,0.0,0.7011038510552643,0.0,0.7011038510552643,0.7011038510552643,0.0,0.0
2015-05-31,0.008236365606439151,0.008236365606439151,-0.007268971408264657,0.027847186623963738,0.0,0.0,0.0,0.7175064046812181,0.0,0.7175064046812181,0.7175064046812181,0.0,0.0
2015-06-30,0.010185845233927016,0.010185845233927016,-0.014563149101220807,1.443033967305779,0.0,0.0,0.0,0.7192651929206809,0.7192651929206809,0.0,0.0,0.0,0.7192651929206809
2015-07-31,0.02126592337481418,0.02126592337481418,0.012662186107573747,1.4568349456748404,0.0,0.0,0.0,0.7269792262480845,0.0,0.7269792262480845,0.7269792262480845,0.0,0.0
2015-08-31,-0.02290301879077669,-0.02290301879077669,-0.036578403964898865,1.465127560820191,0.0,0.0,0.0,0.7280515195213149,0.7280515195213149,0.0,0.0,0.0,0.7280515195213149
2015-09-30,0.004964901967887145,0.004964901967887145,-0.017389772919762514,0.7229322209383114,0.0,0.0,0.0,0.7280146720257928,0.0,0.0,0.7280146720257928,0.0,0.7280146720257928
2015-10-31,0.004553379092383184,0.004553379092383184,0.04421588814634103,0.7348173619363786,0.0,0.0,0.0,0.7193741941725086,0.0,0.7193741941725086,0.7193741941725086,0.0,0.0
2015-11-30,0.004519975481556092,0.004519975481556092,-0.01133028081744547,0.00809562262743102,0.0,0.0,0.0,0.7194364419686169,0.0,0.7194364419686169,0.7194364419686169,0.0,0.0
2015-12-31,-0.02016697476958217,-0.02016697476958217,-0.006140826386529352,0.007762271560328826,0.0,0.0,0.0,0.7225693524937262,0.0,0.7225693524937262,0.7225693524937262,0.0,0.0
2016-01-31,0.0038802773418830858,0.0038802773418830858,-0.02839733338974293,0.7324167508370227,0.0,0.0,0.0,0.7236262187121887,0.7236262187121887,0.0,0.7236262187121887,0.0,0.0
2016-02-29,0.033542732993135954,0.033542732993135954,0.009180555579225258,0.7419942907156525,0.0,0.0,0.718410110055011,0.718410110055011,0.718410110055011,0.0,0.0,0.0,0.0
2016-03-31,-0.008963087086431159,-0.008963087086431159,0.049592742907238474,1.4537253918172923,0.0,0.0,0.0,0.718677720476416,0.0,0.718677720476416,0.718677720476416,0.0,0.0
2016-04-30,-0.0035270843235416438,-0.0035270843235416438,0.014708901082076453,0.7213141764190969,0.0,0.0,0.7222307246974258,0.7222307246974258,0.0,0.7222307246974258,0.0,0.0,0.0
2016-05-31,-0.05171768681765015,-0.05171768681765015,-0.0029884054616847733,1.4433030954481743,0.0,0.0,0.7208629240493264,0.0,0.7208629240493264,0.0,0.0,0.7208629240493264,0.0
2016-06-30,0.03602810612521978,0.03602810612521978,0.010097108757903817,1.4352056950061427,0.0,0.0,0.7271522366551247,0.7271522366551247,0.0,0.7271522366551247,0.0,0.0,0.0
2016-07-31,0.005224624938841773,0.005224624938841773,0.025843908428442974,0.8240457916855518,0.0,0.0,0.7921286872414053,0.7921286872414053,0.0,0.0,0.7921286872414053,0.0,0.0
2016-08-31,-0.015494663812393911,-0.015494663812393911,-0.003043899843917175,0.8163764785866546,0.0,0.0,0.8116763583968722,0.8116763583968722,0.0,0.8116763583968722,0.0,0.0,0.0
2016-09-30,0.0265410421244684,0.0265410421244684,0.0061005113075989215,0.821724517265868,0.0,0.0,0.8174505572301515,0.0,0.8174505572301515,0.8174505572301515,0.0,0.0,0.0
2016-10-31,-0.05504380246874025,-0.05504380246874025,-0.025700331619002204,0.012134143318244028,0.0,0.0,0.8182081423928116,0.0,0.8182081423928116,0.8182081423928116,0.0,0.0,0.0
2016-11-30,-0.0779007084893071,-0.0779007084893071,-0.011538708846773882,0.9617589045374565,0.0,0.0,0.9018574591701902,0.0,0.9018574591701902,0.0,0.9018574591701902,0.0,0.0
2016-12-31,-0.016318457720427743,-0.016318457720427743,0.011340675884709661,0.8877312000871518,0.0,0.0,0.8522092688469601,0.8522092688469601,0.8522092688469601,0.0,0.0,0.0,0.0
2017-01-31,0.04541316018528483,0.04541316018528483,0.01854035921840924,0.07567995766091706,0.0,0.0,0.7963164778328728,0.7963164778328728,0.7963164778328728,0.0,0.0,0.0,0.0
2017-02-28,0.02124190233583448,0.02124190233583448,0.018361285280297457,0.8229861257447985,0.0,0.0,0.8004756347202229,0.8004756347202229,0.0,0.0,0.8004756347202229,0.0,0.0
2017-03-31,0.006313036833514845,0.006313036833514845,0.007467651996981406,1.6081066328486548,0.0,0.0,0.7935444592008066,0.0,0.7935444592008066,0.0,0.0,0.0,0.7935444592008066
2017-04-30,0.004700078785465536,0.004700078785465536,0.014385420885825395,0.8217744862710473,0.0,0.0,0.8077434184166044,0.8077434184166044,0.8077434184166044,0.0,0.0,0.0,0.0
2017-05-31,0.0034006512519046796,0.0034006512519046796,0.020150785839515795,1.6177664875705742,0.0,0.0,0.0,0.80760264110587,0.0,0.80760264110587,0.0,0.80760264110587,0.0
2017-06-30,-0.010449643959196316,-0.010449643959196316,0.002022089092722723,1.6348846734921847,0.0,0.0,0.8183257293662672,0.8183257293662672,0.0,0.0,0.8183257293662672,0.0,0.0
2017-07-31,0.02868829841568107,0.02868829841568107,0.022005885679033055,0.8232157134034331,0.0,0.0,0.8198905569653083,0.0,0.0,0.8198905569653083,0.8198905569653083,0.0,0.0
2017-08-31,0.024225790213767598,0.024225790213767598,0.00584148243217264,0.833872216563672,0.0,0.0,0.823735527645832,0.0,0.823735527645832,0.823735527645832,0.0,0.0,0.0
2017-09-30,-0.031571421340994,-0.031571421340994,0.00906143931035297,0.028926864694701626,0.0,0.0,0.8125262145872868,0.0,0.8125262145872868,0.8125262145872868,0.0,0.0,0.0
2017-10-31,0.005360013531554688,0.005360013531554688,0.009645278270554725,1.6119476858779545,0.0,0.0,0.8068849338798031,0.8068849338798031,0.0,0.0,0.8068849338798031,0.0,0.0
2017-11-30,0.023987499305426575,0.023987499305426575,0.019164037216149454,1.658249402646155,0.0,0.0,0.8334240221768839,0.0,0.8334240221768839,0.0,0.0,0.0,0.8334240221768839
2017-12-31,0.020481305494810798,0.020481305494810798,0.009201129183511458,1.6794090288233463,0.0,0.0,0.8345584918106141,0.8345584918106141,0.0,0.0,0.8345584918106141,0.0,0.0
2018-01-31,0.05014849335889796,0.05014849335889796,0.03921029056158454,0.8460282563843726,0.0,0.0021021013305981,0.8321002681579079,0.0,0.0,0.0,0.8321002681579079,0.0,0.8321002681579079
2018-02-28,-0.038463355015463496,-0.038463355015463496,-0.02834679728743905,0.03099262388862506,0.0,0.0019017109693872,0.8281546833517905,0.0,0.0,0.0,0.8281546833517905,0.0,0.8281546833517905
2018-03-31,0.006756347072726619,0.006756347072726619,-0.00728771115939475,0.8493357726522204,0.0,0.0021021013305981,0.84529260984475,0.0,0.84529260984475,0.0,0.84529260984475,0.0,0.0
2018-04-30,-0.016297451249557206,-0.016297451249557206,0.00014495789194790554,1.6871639854923122,0.0,0.0021021013305981,0.8316937943776477,0.8316937943776477,0.0,0.0,0.0,0.8316937943776477,0.0
2018-05-31,-0.016956235496891507,-0.016956235496891507,-0.00011321096188876556,0.010153423840720321,0.0,0.0022023115407312,0.8330302598549422,0.8330302598549422,0.0,0.0,0.0,0.8330302598549422,0.0
2018-06-30,-0.01446506114202226,-0.01446506114202226,-0.0011180551899069302,0.00862335261243491,0.0,0.0021021013305981,0.8297718929178185,0.8297718929178185,0.0,0.0,0.0,0.8297718929178185,0.0
2018-07-31,-0.0014374566901592814,-0.0014374566901592814,0.018197978960937222,1.6506327731566772,0.0,0.0021021013305981,0.0,0.8264149287019209,0.8264149287019209,0.8264149287019209,0.0,0.0,0.0
2018-08-31,0.026366439286553783,0.026366439286553783,0.007470467098558142,1.6515823513938868,0.0,0.0023025317718852,0.82535737337217,0.82535737337217,0.0,0.0,0.82535737337217,0.0,0.0
2018-09-30,-0.02639514852469603,-0.02639514852469603,0.00017961234171837148,0.01849443156834807,0.0,0.0019017109693872,0.8341763266504888,0.8341763266504888,0.0,0.0,0.8341763266504888,0.0,0.0
2018-10-31,-0.04228947590150966,-0.04228947590150966,-0.05089088896166527,0.8453572436942991,0.0,0.0023025317718852,0.8334639300460389,0.0,0.0,0.8334639300460389,0.8334639300460389,0.0,0.0
2018-11-30,0.02658809239045439,0.02658809239045439,0.009277632377109324,0.8381827037732439,0.0,0.0021021013305981,0.8241283140027892,0.8241283140027892,0.0,0.0,0.8241283140027892,0.0,0.0
2018-12-31,-0.0042525431592829455,-0.0042525431592829455,-0.03862919025767331,0.8484130449698526,0.0,0.0019017109693872,0.8021469444591169,0.8021469444591169,0.8021469444591169,0.0,0.0,0.0,0.0
2019-01-31,0.022571357757208452,0.022571357757208452,0.05281229176722513,0.8210135297300742,0.0,0.0021021013305981,0.0,0.7926607349622589,0.7926607349622589,0.0,0.7926607349622589,0.0,0.0
2019-02-28,-0.00648594992713019,-0.00648594992713019,0.015450365544845024,0.8169248478121669,0.0,0.0019017109693872,0.7987317223846367,0.7987317223846367,0.0,0.0,0.7987317223846367,0.0,0.0
2019-03-31,0.023449300247039787,0.023449300247039787,0.013444374000768367,0.7989449316423245,0.0,0.0021021013305981,0.7918193539421312,0.7918193539421312,0.0,0.7918193539421312,0.0,0.0,0.0
2019-04-30,-0.019947500085775234,-0.019947500085775234,0.020777573931244575,0.815295563942096,0.0,0.0021021013305981,0.0,0.8113143698478754,0.0,0.8113143698478754,0.0,0.8113143698478754,0.0
2019-05-31,0.049204911225963335,0.049204911225963335,-0.029996475949694235,0.8049941872939048,0.0,0.0022023115407312,0.0,0.8040072348700412,0.0,0.8040072348700412,0.8040072348700412,0.0,0.0
2019-06-30,0.036409656128497114,0.036409656128497114,0.04999135496314566,0.03191120679606574,0.0,0.0020019011404841,0.0,0.7991347340813185,0.0,0.7991347340813185,0.7991347340813185,0.0,0.0
2019-07-31,-0.009585618308075465,-0.009585618308075465,0.0015678813367745459,0.8280143234839457,0.0,0.0022023115407312,0.8137508554934293,0.8137508554934293,0.0,0.8137508554934293,0.0,0.0,0.0
2019-08-31,0.03896908505688526,0.03896908505688526,-0.002773893700075858,0.009784663671393579,0.0,0.0022023115407312,0.8170787585049999,0.8170787585049999,0.0,0.8170787585049999,0.0,0.0,0.0
2019-09-30,-0.0437542568283205,-0.0437542568283205,0.00862274153863729,1.652800064164747,0.0,0.0020019011404841,0.815394767757609,0.0,0.0,0.0,0.815394767757609,0.815394767757609,0.0
2019-10-31,0.000530394547428093,0.000530394547428093,0.018173240003715785,1.603930711296289,0.0,0.0023025317718852,0.8017125935961837,0.8017125935961837,0.0,0.8017125935961837,0.0,0.0,0.0
2019-11-30,-0.015053175771847062,-0.015053175771847062,0.013750309234619396,0.8117453306164567,0.0,0.0020019011404841,0.0,0.7821775141030658,0.0,0.7821775141030658,0.0,0.0,0.7821775141030658
2019-12-31,0.0435675508559834,0.0435675508559834,0.020515276085801615,1.6266045237220965,0.0,0.0021021013305981,0.8253934872775068,0.0,0.8253934872775068,0.0,0.0,0.0,0.8253934872775068
2020-01-31,0.05467821056704707,0.05467821056704707,0.001923143953016515,0.960892014868752,0.0,0.0021021013305981,0.9110889871155203,0.0,0.0,0.0,0.0,0.9110889871155203,0.9110889871155203
2020-02-29,-0.01891681125152658,-0.01891681125152658,-0.0506886868571228,1.8399981336972033,0.0,0.0019017109693872,0.0,0.0,0.8920510954807985,0.0,0.8920510954807985,0.8920510954807985,0.0
2020-03-31,-0.03479609481998125,-0.03479609481998125,-0.08414931867719855,1.772795501006531,0.0,0.0022023115407312,0.8883545268221935,0.0,0.0,0.8883545268221935,0.8883545268221935,0.0,0.0
2020-04-30,0.01079045709592242,0.01079045709592242,0.0697126065172946,0.8818767524563571,0.0,0.0,0.8837596887139504,0.8837596887139504,0.0,0.8837596887139504,0.0,0.0,0.0
2020-05-31,-0.015034546451534625,-0.015034546451534625,0.030710140853440704,0.9004137334538581,0.0,0.0,0.8612420563300573,0.0,0.0,0.8612420563300573,0.0,0.8612420563300573,0.0
2020-06-30,0.01967540133996454,0.01967540133996454,0.019168911234368036,0.01257595609883655,0.0,0.0,0.8606551749484282,0.0,0.0,0.8606551749484282,0.0,0.8606551749484282,0.0
2020-07-31,0.08456982351134074,0.08456982351134074,0.043781175312144205,0.8731272924059417,0.0,0.0,0.8553863413733659,0.0,0.8553863413733659,0.8553863413733659,0.0,0.0,0.0
2020-08-31,-0.00250850232085534,-0.00250850232085534,0.04069283072625751,0.8977655419175047,0.0,0.0,0.855197763796429,0.0,0.0,0.855197763796429,0.855197763796429,0.0,0.0
2020-09-30,-0.02668211654015831,-0.02668211654015831,-0.022758643181454152,0.8903192216804349,0.0,0.0,0.7824463457075619,0.0,0.7824463457075619,0.7824463457075619,0.0,0.0,0.0
2020-10-31,3.315554928492136e-05,3.315554928492136e-05,-0.020080974124981332,0.8028662233405954,0.0,0.0,0.785986331992171,0.0,0.785986331992171,0.0,0.0,0.785986331992171,0.0
2020-11-30,0.02832363281431618,0.02832363281431618,0.0868150094360649,0.7855070632888541,0.0,0.0,0.7893895828636956,0.0,0.0,0.7893895828636956,0.0,0.7893895828636956,0.0
2020-12-31,0.054270766972575574,0.054270766972575574,0.03274153850777162,0.8037109188442149,0.0,0.0,0.7890705437169734,0.0,0.0,0.0,0.7890705437169734,0.7890705437169734,0.0
2021-01-31,-0.013923830583237342,-0.013923830583237342,-0.010730473811064067,0.03179153643440896,0.0,0.0,0.7859664417515593,0.0,0.0,0.0,0.7859664417515593,0.7859664417515593,0.0
2021-02-28,-0.045962260069505045,-0.045962260069505045,0.009075558981538112,0.7928635718586164,0.0,0.0,0.7582483509542075,0.0,0.7582483509542075,0.0,0.7582483509542075,0.0,0.0
2021-03-31,-0.028423243016451636,-0.028423243016451636,0.016089199073018756,0.7799055556590447,0.0,0.0,0.7761292093184948,0.0,0.7761292093184948,0.0,0.0,0.7761292093184948,0.0
2021-04-30,0.025258488768070356,0.025258488768070356,0.03584719411672821,0.7684190733455297,0.0,0.0,0.0,0.0,0.7631262382479733,0.0,0.0,0.7631262382479733,0.7631262382479733
2021-05-31,0.01592624017059559,0.01592624017059559,0.013122096765466162,1.532686789668508,0.0,0.0,0.7507363758250258,0.7507363758250258,0.7507363758250258,0.0,0.0,0.0,0.0
2021-06-30,-0.05849256099920734,-0.05849256099920734,0.007374803812440822,0.7595657918212426,0.0,0.0,0.7490037840031878,0.0,0.7490037840031878,0.0,0.7490037840031878,0.0,0.0
2021-07-31,0.031739413179525035,0.031739413179525035,0.01760951100907282,0.03408948698996361,0.0,0.0,0.7522325883300944,0.0,0.7522325883300944,0.0,0.7522325883300944,0.0,0.0
2021-08-31,-0.010434413096690697,-0.010434413096690697,0.01595749429376836,1.4987585980435763,0.0,0.0,0.7090800179173442,0.7090800179173442,0.0,0.7090800179173442,0.0,0.0,0.0
2021-09-30,-0.05127353390049269,-0.05127353390049269,-0.03557635104270762,0.7078070487340979,0.0,0.0,0.701191543187146,0.701191543187146,0.0,0.0,0.701191543187146,0.0,0.0
2021-10-31,-0.005822072291513406,-0.005822072291513406,0.03874738575279579,1.3829904896375147,0.0,0.0,0.0,0.7030543112386876,0.0,0.7030543112386876,0.0,0.7030543112386876,0.0
2021-11-30,-0.018163635198483335,-0.018163635198483335,-0.01559509742998444,1.3900357468299773,0.0,0.0,0.6767306322354054,0.0,0.6767306322354054,0.0,0.0,0.6767306322354054,0.0
2021-12-31,0.028269788332834538,0.028269788332834538,0.028800877524167934,0.7127063344522746,0.0,0.0,0.0,0.0,0.6923946467794102,0.0,0.0,0.6923946467794102,0.6923946467794102
2022-01-31,-0.015704704975746095,-0.015704704975746095,-0.043852140977422516,1.398555385857737,0.0,0.0,0.6916570430444089,0.6916570430444089,0.0,0.0,0.0,0.6916570430444089,0.0
2022-02-28,0.017665292457828552,0.017665292457828552,-0.02079213272012881,0.6874449333938348,0.0,0.0,0.0,0.6843765573698107,0.6843765573698107,0.0,0.0,0.6843765573698107,0.0
2022-03-31,-0.03452883250128403,-0.03452883250128403,0.010114456018452511,0.693990571653347,0.0,0.0,0.6839976619949215,0.6839976619949215,0.0,0.0,0.0,0.6839976619949215,0.0
2022-04-30,-0.06818400982322084,-0.06818400982322084,-0.07606797032109003,0.6686240563739894,0.0,0.0,0.0,0.6819493436677662,0.6819493436677662,0.0,0.0,0.6819493436677662,0.0
2022-05-31,0.010111201791904754,0.010111201791904754,0.0009053489228965095,0.6989422605409019,0.0,0.0,0.6708093897736683,0.0,0.6708093897736683,0.0,0.0,0.6708093897736683,0.0
2022-06-30,-0.034954846901599765,-0.034954846901599765,-0.0708560470815901,0.6979730572554215,0.0,0.0,0.6265932566020668,0.6265932566020668,0.0,0.0,0.0,0.6265932566020668,0.0
2022-07-31,0.038320684292302315,0.038320684292302315,0.06156683195731194,0.6618690471566355,0.0,0.0,0.6424692450805556,0.6424692450805556,0.6424692450805556,0.0,0.0,0.0,0.0
2022-08-31,-0.08370456308056454,-0.08370456308056454,-0.04197742287120676,0.6624989618429707,0.0,0.0023025317718852,0.6407304958480275,0.6407304958480275,0.0,0.0,0.6407304958480275,0.0,0.0
2022-09-30,-0.05305521177047265,-0.05305521177047265,-0.08077716558181447,0.6221522013137304,0.0,0.0021021013305981,0.0,0.6236791151030551,0.0,0.6236791151030551,0.6236791151030551,0.0,0.0
2022-10-31,0.005153560758066446,0.005153560758066446,0.049684400896506276,1.1969269301814711,0.0,0.0021021013305981,0.5758717268242495,0.5758717268242495,0.5758717268242495,0.0,0.0,0.0,0.0
2022-11-30,0.06380857611056329,0.06380857611056329,0.0632949274687189,0.020896844133983683,0.0,0.0021021013305981,0.5636583509876159,0.5636583509876159,0.5636583509876159,0.0,0.0,0.0,0.0
2022-12-31,-0.04100232822899814,-0.04100232822899814,-0.03118080742051177,0.5958968000420721,0.0,0.0042084106495823,0.5629900289892666,0.5629900289892666,0.0,0.0,0.0,0.0,0.5629900289892666
2023-01-31,0.07140854362106336,0.07140854362106336,0.06015744663361566,0.5619046551308775,0.0,0.0040076091277567,0.5241584484770465,0.0,0.0,0.0,0.5241584484770465,0.0,0.5241584484770465
2023-02-28,-0.06158931408974984,-0.06158931408974984,-0.02624766754254282,1.0828750263126627,0.0,0.0038068477582051,0.5218661635731225,0.0,0.5218661635731225,0.0,0.0,0.5218661635731225,0.0
2023-03-31,0.039625235311140206,0.039625235311140206,0.03336744682092352,0.5086430046737702,0.0,0.0046101341821787,0.48672316728207715,0.0,0.48672316728207715,0.48672316728207715,0.0,0.0,0.0
2023-04-30,-0.0036379502584629967,-0.0036379502584629967,0.01425795331698132,0.9821410426102031,0.0,0.0038068477582051,0.0,0.46448734806303454,0.46448734806303454,0.0,0.0,0.46448734806303454,0.0
2023-05-31,-0.020823429852579147,-0.020823429852579147,-0.012549907078993505,0.9215514616364987,0.0,0.0044092523317122,0.4532788293423567,0.4532788293423567,0.0,0.4532788293423567,0.0,0.0,0.0
2023-06-30,0.011390824894127946,0.011390824894127946,0.044724939594467994,0.45817981926502205,0.0,0.0042084106495823,0.4537747529104686,0.4537747529104686,0.0,0.0,0.4537747529104686,0.0,0.0
2023-07-31,0.0052752566432592626,0.0052752566432592626,0.026140863029842087,0.009155782060309564,0.0,0.0040076091277567,0.4514678398349715,0.4514678398349715,0.0,0.0,0.4514678398349715,0.0,0.0
2023-08-31,-0.00783566416292673,-0.00783566416292673,-0.02106004274647133,0.008084521975938036,0.0,0.0046101341821787,0.4512518308388745,0.4512518308388745,0.0,0.0,0.4512518308388745,0.0,0.0
2023-09-30,-0.054890590210518064,-0.054890590210518064,-0.04014523288222893,0.48280404253824316,0.0,0.0040076091277567,0.4696321454922466,0.0,0.4696321454922466,0.0,0.4696321454922466,0.0,0.0
2023-10-31,0.0011446829037879752,0.0011446829037879752,-0.024304907831817157,0.49259847203045903,0.0,0.0044092523317122,0.46958237015868926,0.46958237015868926,0.0,0.0,0.46958237015868926,0.0,0.0
2023-11-30,0.0667864195810116,0.0667864195810116,0.08269054417887656,0.4791550456531397,0.0,0.0042084106495823,0.45158170207357623,0.0,0.0,0.0,0.45158170207357623,0.45158170207357623,0.0
2023-12-31,0.05147468741895974,0.05147468741895974,0.047599352723756816,0.03353933031607842,0.0,0.0040076091277567,0.45148428838986115,0.0,0.0,0.0,0.45148428838986115,0.45148428838986115,0.0
2024-01-31,-0.026811996955056407,-0.026811996955056407,0.005434845987593251,0.4933320601163722,0.0,0.0042084106495823,0.4192634323557989,0.4192634323557989,0.0,0.0,0.4192634323557989,0.0,0.0
2024-02-29,-0.018205353176704596,-0.018205353176704596,0.029389424394766772,0.41261918273176523,0.0,0.0040076091277567,0.40835822340221894,0.40835822340221894,0.40835822340221894,0.0,0.0,0.0,0.0
2024-03-31,-2.969574641697439e-05,-2.969574641697439e-05,0.026225860369299747,0.4089566763922923,0.0,0.0040076091277567,0.40484742243813576,0.40484742243813576,0.0,0.0,0.40484742243813576,0.0,0.0
2024-04-30,-0.025051746257993286,-0.025051746257993286,-0.03427256211644758,0.8122324713678676,0.0,0.0044092523317122,0.0,0.4064729961125862,0.0,0.0,0.0,0.4064729961125862,0.4064729961125862
2024-05-31,0.00888144252708178,0.00888144252708178,0.037451525525697305,0.4191382539268872,0.0,0.0044092523317122,0.4073826898158964,0.4073826898158964,0.0,0.0,0.0,0.0,0.4073826898158964
2024-06-30,0.015711015307070326,0.015711015307070326,0.016016917162647637,0.41543569805570113,0.0,0.0038068477582051,0.40609660429241523,0.40609660429241523,0.0,0.0,0.40609660429241523,0.0,0.0
2024-07-31,0.010917356375869509,0.010917356375869509,0.02022608987075425,1.2260822493662902,0.0,0.0044092523317122,0.0,0.0,0.40605455684942143,0.0,0.0,0.40605455684942143,0.40605455684942143
2024-08-31,0.03252733921475739,0.03252733921475739,0.025969282459610055,0.4209825643620363,0.0,0.0044092523317122,0.0,0.0,0.40921223645124183,0.0,0.40921223645124183,0.40921223645124183,0.0
2024-09-30,0.016943702311850294,0.016943702311850294,0.01825555584492733,0.42473120238858875,0.0,0.0040076091277567,0.0,0.0,0.0,0.0,0.41070164379130536,0.41070164379130536,0.41070164379130536
2024-10-31,-0.04430808941677321,-0.04430808941677321,-0.022894609071048344,1.2282248445529704,0.0,0.0046101341821787,0.40246701847339145,0.40246701847339145,0.40246701847339145,0.0,0.0,0.0,0.0
2024-11-30,-0.00732508229245291,-0.00732508229245291,0.03678141774409904,0.027310674534952506,0.0,0.0040076091277567,0.40590477169110206,0.40590477169110206,0.40590477169110206,0.0,0.0,0.0,0.0
2024-12-31,-0.033192000858346137,-0.033192000858346137,-0.025150331305122453,0.4085535700495375,0.0,0.0042084106495823,0.0,0.3932820926817782,0.3932820926817782,0.0,0.3932820926817782,0.0,0.0
2025-01-31,-0.006216915504445218,-0.006216915504445218,0.029060556762169565,0.781788517195304,0.0,0.0040076091277567,0.0,0.0,0.0,0.39362493184665004,0.39362493184665004,0.0,0.39362493184665004
2025-02-28,-0.007300132486551751,-0.007300132486551751,-0.0025954986908064415,1.1714311738373837,0.0,0.0038068477582051,0.38940148921308754,0.38940148921308754,0.0,0.0,0.0,0.38940148921308754,0.0
2025-03-31,0.0025056200717023637,0.0025056200717023637,-0.03333767823768108,0.7813163172469648,0.0,0.0042084106495823,0.0,0.0,0.38957252243302626,0.38957252243302626,0.0,0.38957252243302626,0.0
2025-04-30,0.04549004904214975,0.04549004904214975,0.014553129707437495,0.3916362904246252,0.0,0.0042084106495823,0.0,0.0,0.0,0.39057817331322525,0.39057817331322525,0.39057817331322525,0.0
2025-05-31,0.0019281393433132046,0.0019281393433132046,0.045231751092217776,0.8047579259386166,0.0,0.0042084106495823,0.39229128289540754,0.0,0.39229128289540754,0.0,0.39229128289540754,0.0,0.0
2025-06-30,0.025245932790614243,0.025245932790614243,0.03827306369136396,0.395853293278998,0.0,0.0040076091277567,0.38709540147153976,0.0,0.0,0.38709540147153976,0.38709540147153976,0.0,0.0
2025-07-31,-0.022019496315022275,-0.022019496315022275,0.006737052399438559,0.39961001325010215,0.0,0.0044092523317122,0.3873121107050293,0.0,0.0,0.0,0.3873121107050293,0.3873121107050293,0.0
2025-08-31,0.021544274171975582,0.021544274171975582,0.02384049296070212,0.39341191001722414,0.0,0.0016666666666666668,0.3863750741585179,0.0,0.0,0.3863750741585179,0.3863750741585179,0.0,0.0
2025-09-30,0.010916528856539922,0.010916528856539922,0.027308758035071934,0.3970873722137361,0.0,0.0016666666666666668,0.38649475222005714,0.0,0.0,0.0,0.38649475222005714,0.38649475222005714,0.0
2025-10-31,-0.007905359305945568,-0.007905359305945568,0.015762588192335114,0.017591014616495898,0.0,0.0016666666666666668,0.40186093824990105,0.0,0.0,0.0,0.40186093824990105,0.40186093824990105,0.0
