Date,ret_net,ret_gross,ret_bm,turnover,tcost,ret_rf,w_CH,w_EU,w_AU,w_US,w_EM,w_UK,w_JP
1999-04-30,0.0,0.0,0.0,0.0,0.0,0.0042084106495823,0.0,0.0,0.0,0.0,0.0,0.0,0.0
1999-05-31,-0.0005955581529405821,-0.0005955581529405821,0.0,0.5,0.0,0.0040076091277567,0.3333333333333333,0.0,0.3333333333333333,0.0,0.3333333333333333,0.0,0.0
1999-06-30,-0.001774472311849092,-0.001774472311849092,0.0,0.3330705436375859,0.0,0.0044092523317122,0.3333333333333333,0.0,0.0,0.0,0.3333333333333333,0.0,0.3333333333333333
1999-07-31,-0.00032889044437030735,-0.00032889044437030735,0.0,0.0008872361559245368,0.0,0.0042084106495823,0.3333333333333333,0.0,0.0,0.0,0.3333333333333333,0.0,0.3333333333333333
1999-08-31,-0.00010097114675381805,-0.00010097114675381805,0.0,0.33453963476491366,0.0,0.0044092523317122,0.3333333333333333,0.0,0.3333333333333333,0.0,0.3333333333333333,0.0,0.0
1999-09-30,-0.00035552962173368563,-0.00035552962173368563,0.0,0.3334910893475084,0.0,0.0042084106495823,0.3333333333333333,0.0,0.3333333333333333,0.0,0.0,0.0,0.3333333333333333
1999-10-31,-0.0009722612145858233,-0.0009722612145858233,0.0,0.00036718860609591397,0.0,0.0042084106495823,0.3333333333333333,0.0,0.3333333333333333,0.0,0.0,0.0,0.3333333333333333
1999-11-30,0.0007655941819236419,0.0007655941819236419,0.0,0.3336165212719301,0.0,0.0042084106495823,0.0,0.0,0.3333333333333333,0.0,0.3333333333333333,0.0,0.3333333333333333
1999-12-31,0.0014661971176789614,0.0014661971176789614,0.0,0.3340004157767281,0.0,0.0044092523317122,0.3333333333333333,0.0,0.0,0.0,0.3333333333333333,0.0,0.3333333333333333
2000-01-31,-0.0011932342155261213,-0.0011932342155261213,0.0,0.3340664318921728,0.0,0.0040076091277567,0.3333333333333333,0.0,0.0,0.3333333333333333,0.3333333333333333,0.0,0.0
2000-02-29,-4.615254495965446e-05,-4.615254495965446e-05,-0.001212828824101564,0.3340956064768427,0.0,0.0040076091277567,0.3333333333333333,0.0,0.0,0.0,0.3333333333333333,0.0,0.3333333333333333
2000-03-31,0.00043269965431661867,0.00043269965431661867,0.05442926311149998,0.0007275480786159694,0.0,0.0046101341821787,0.3333333333333333,0.0,0.0,0.0,0.3333333333333333,0.0,0.3333333333333333
2000-04-30,-0.0016914685089765382,-0.0016914685089765382,-0.038301109449248694,0.3335995042422151,0.0,0.0038068477582051,0.0,0.0,0.3333333333333333,0.0,0.3333333333333333,0.0,0.3333333333333333
2000-05-31,-0.0020210537734298706,-0.0020210537734298706,-0.011619824387154143,0.3339551542113217,0.0,0.0044092523317122,0.0,0.3333333333333333,0.0,0.0,0.3333333333333333,0.0,0.3333333333333333
2000-06-30,0.0016330489613131105,0.0016330489613131105,0.030136117069895274,0.3333984608030185,0.0,0.0044092523317122,0.0,0.0,0.0,0.3333333333333333,0.3333333333333333,0.0,0.3333333333333333
2000-07-31,-0.00020178985427950674,-0.00020178985427950674,-0.023792266927673333,0.3345951461828126,0.0,0.0040076091277567,0.3333333333333333,0.0,0.0,0.3333333333333333,0.0,0.0,0.3333333333333333
2000-08-31,0.0005379712028683592,0.0005379712028683592,0.01687493416937813,0.6670481440253024,0.0,0.0046101341821787,0.3333333333333333,0.0,0.3333333333333333,0.0,0.3333333333333333,0.0,0.0
2000-09-30,-0.000340584572863604,-0.000340584572863604,-0.03315693836523392,0.3341377004455729,0.0,0.0060171308192813,0.0,0.0,0.3333333333333333,0.0,0.3333333333333333,0.0,0.3333333333333333
2000-10-31,0.0011089453078438893,0.0011089453078438893,-0.015321869419774314,0.666930453540489,0.0,0.0066208316393145,0.3333333333333333,0.3333333333333333,0.0,0.0,0.3333333333333333,0.0,0.0
2000-11-30,0.00211273216623035,0.00211273216623035,-0.02818826191734969,0.3338878059872552,0.0,0.0042084106495823,0.3333333333333333,0.0,0.0,0.3333333333333333,0.3333333333333333,0.0,0.0
2000-12-31,0.0023996533992792406,0.0023996533992792406,0.02434948321520647,0.33438969941644847,0.0,0.0060171308192813,0.3333333333333333,0.0,0.3333333333333333,0.0,0.3333333333333333,0.0,0.0
2001-01-31,0.0031135074120001898,0.0031135074120001898,0.010555943009654012,0.001199826699639639,0.0,0.0063189359585271,0.3333333333333333,0.0,0.3333333333333333,0.0,0.3333333333333333,0.0,0.0
2001-02-28,0.00035147800007965613,0.00035147800007965613,-0.048795867360239,0.33489008703933343,0.0,0.0038068477582051,0.0,0.0,0.3333333333333333,0.3333333333333333,0.3333333333333333,0.0,0.0
2001-03-31,0.001468301055288353,0.001468301055288353,-0.04922215763514304,0.6670158060481873,0.0,0.0044092523317122,0.3333333333333333,0.3333333333333333,0.3333333333333333,0.0,0.0,0.0,0.0
2001-04-30,0.002865389051931973,0.002865389051931973,0.038953114457780824,1.0007341505276441,0.0,0.0040076091277567,0.0,0.0,0.0,0.3333333333333333,0.3333333333333333,0.0,0.3333333333333333
2001-05-31,-0.00044061972326233284,-0.00044061972326233284,-0.008216110784206476,0.3347660278592993,0.0,0.0022023115407312,0.0,0.0,0.3333333333333333,0.3333333333333333,0.0,0.0,0.3333333333333333
2001-06-30,-0.000494935296510864,-0.000494935296510864,-0.021359090411263826,0.33311302347170213,0.0,0.0021021013305981,0.0,0.0,0.0,0.3333333333333333,0.3333333333333333,0.0,0.3333333333333333
2001-07-31,0.0006035674825600376,0.0006035674825600376,0.003869245207709149,0.0002474676482554228,0.0,0.0021021013305981,0.0,0.0,0.0,0.3333333333333333,0.3333333333333333,0.0,0.3333333333333333
2001-08-31,0.0015199494593711727,0.0015199494593711727,-0.00915581979293889,0.00031825877639032885,0.0,0.0023025317718852,0.0,0.0,0.0,0.3333333333333333,0.3333333333333333,0.0,0.3333333333333333
2001-09-30,0.006719273681735859,0.006719273681735859,-0.042868814854046255,0.3340933080630189,0.0,0.0030042036421848,0.3333333333333333,0.0,0.0,0.3333333333333333,0.3333333333333333,0.0,0.0
2001-10-31,0.0018621232876276186,0.0018621232876276186,0.013630637349292485,0.6700263035075344,0.0,0.0023025317718852,0.0,0.3333333333333333,0.3333333333333333,0.3333333333333333,0.0,0.0,0.0
2001-11-30,-0.0007601878570862399,-0.0007601878570862399,0.022979445001815035,0.3342643949771471,0.0,0.0021021013305981,0.3333333333333333,0.3333333333333333,0.3333333333333333,0.0,0.0,0.0,0.0
2001-12-31,-0.001507802534981025,-0.001507802534981025,-0.008954777577066197,0.00041187156979469175,0.0,0.0020019011404841,0.3333333333333333,0.3333333333333333,0.3333333333333333,0.0,0.0,0.0,0.0
2002-01-31,-0.0005205239571341632,-0.0005205239571341632,-0.02468739554286603,0.6661175351215013,0.0,0.0021021013305981,0.0,0.3333333333333333,0.0,0.3333333333333333,0.3333333333333333,0.0,0.0
2002-02-28,-9.882578172123087e-05,-9.882578172123087e-05,-0.0020207261760197825,0.33377960787740546,0.0,0.0019017109693872,0.0,0.3333333333333333,0.0,0.3333333333333333,0.0,0.0,0.3333333333333333
2002-03-31,-0.0008944371738024426,-0.0008944371738024426,0.02205047615427369,0.33336724588004885,0.0,0.0020019011404841,0.0,0.0,0.0,0.3333333333333333,0.3333333333333333,0.0,0.3333333333333333
2002-04-30,0.0027072659144945126,0.0027072659144945126,-0.001331088822003279,0.33326076138653293,0.0,0.0022023115407312,0.0,0.0,0.3333333333333333,0.3333333333333333,0.0,0.0,0.3333333333333333
2002-05-31,0.003704903066545251,0.003704903066545251,0.01487175660052431,1.3331025289484897,0.0,0.0022023115407312,1.0,0.0,0.0,1.0,0.0,0.0,1.0
2002-06-30,0.004209458268235711,0.004209458268235711,-0.007288949609461026,1.0018524515332725,0.0,0.0020019011404841,1.0,1.0,0.0,1.0,0.0,0.0,0.0
2002-07-31,0.007830238216102403,0.007830238216102403,-0.03563502705165478,1.0021047291341179,0.0,0.0022023115407312,1.0,0.0,0.0,1.0,1.0,0.0,0.0
2002-08-31,-0.00039021035875019816,-0.00039021035875019816,0.010433158987546376,2.0039151191080515,0.0,0.0022023115407312,1.0,1.0,1.0,0.0,0.0,0.0,0.0
2002-09-30,0.0048640663703718445,0.0048640663703718445,-0.04407630862954959,0.0005469683570628603,0.0,0.0020019011404841,1.0,1.0,1.0,0.0,0.0,0.0,0.0
2002-10-31,-0.0014437620110954175,-0.0014437620110954175,0.029076025631141977,1.002432033185186,0.0,0.0023025317718852,1.0,1.0,0.0,0.0,1.0,0.0,0.0
2002-11-30,0.0010801086098672918,0.0010801086098672918,0.02470264732376548,0.9999279601707965,0.0,0.0020019011404841,1.0,1.0,0.0,1.0,0.0,0.0,0.0
2002-12-31,0.003784833617129779,0.003784833617129779,0.005356192545459937,1.001147756674973,0.0,0.0021021013305981,1.0,0.0,0.0,1.0,0.0,0.0,1.0
2003-01-31,-0.0006105010198336203,-0.0006105010198336203,-0.0052626591732434225,2.001892416808565,0.0,0.0,0.0,1.0,0.0,1.0,1.0,0.0,0.0
2003-02-28,0.002768740732046693,0.002768740732046693,0.0009199299894242507,1.9999478179451002,0.0,0.0,1.0,1.0,1.0,0.0,0.0,0.0,0.0
2003-03-31,0.004041302254034207,0.004041302254034207,0.0007118765660765192,2.0013843703660235,0.0,0.0,1.0,0.0,0.0,0.0,1.0,0.0,1.0
2003-04-30,-0.0009085493038042403,-0.0009085493038042403,0.04390266004896226,1.002020651127017,0.0,0.0,1.0,1.0,0.0,0.0,0.0,0.0,1.0
2003-05-31,0.002487797280517956,0.002487797280517956,0.04952453470403406,0.9997909561642682,0.0,0.0,1.0,0.0,0.0,0.0,1.0,0.0,1.0
2003-06-30,0.000546856834566789,0.000546856834566789,-0.0014577828712760699,2.001243898640259,0.0,0.0,1.0,1.0,0.0,1.0,0.0,0.0,0.0
2003-07-31,-0.002002304237590846,-0.002002304237590846,-0.007534471300557399,1.001043694176435,0.0,0.0,1.0,1.0,0.0,0.0,1.0,0.0,0.0
2003-08-31,-0.00042204642757592836,-0.00042204642757592836,0.006985041585706675,1.0010011521187954,0.0,0.0,0.0,1.0,0.0,1.0,1.0,0.0,0.0
2003-09-30,0.002728808064024868,0.002728808064024868,0.03352236095528882,1.0005497001160233,0.0,0.0,1.0,1.0,0.0,1.0,0.0,0.0,0.0
2003-10-31,0.004173966490560566,0.004173966490560566,0.023960523498449016,1.0013644040320124,0.0,0.0,1.0,0.0,0.0,1.0,1.0,0.0,0.0
2003-11-30,0.0029316006453030674,0.0029316006453030674,0.016213877431540347,1.0021894065814132,0.0,0.0,1.0,0.0,0.0,0.0,1.0,0.0,1.0
2003-12-31,0.002954029579218309,0.002954029579218309,0.05063331442830643,1.0014658003226513,0.0,0.0,0.0,0.0,0.0,1.0,1.0,0.0,1.0
2004-01-31,0.0004959135254960501,0.0004959135254960501,0.009052709710837714,0.0014770147896091546,0.0,0.0,0.0,0.0,0.0,1.0,1.0,0.0,1.0
2004-02-29,0.00026397370797237585,0.00026397370797237585,0.008914564156645488,1.000247956762748,0.0,0.0,1.0,0.0,0.0,0.0,1.0,0.0,1.0
2004-03-31,0.002122084667972368,0.002122084667972368,0.004575978160007654,1.0001319868539862,0.0,0.0,1.0,1.0,0.0,0.0,1.0,0.0,0.0
2004-04-30,-0.003918208458495109,-0.003918208458495109,-0.03202747580680698,0.001061042333986184,0.0,0.0,1.0,1.0,0.0,0.0,1.0,0.0,0.0
2004-05-31,0.002844671906994223,0.002844671906994223,0.008771320820335493,0.0019591042292475547,0.0,0.0,1.0,1.0,0.0,0.0,1.0,0.0,0.0
2004-06-30,-0.0009459438292187539,-0.0009459438292187539,0.011190230158493408,2.0014223359534973,0.0,0.0,1.0,0.0,0.0,1.0,0.0,0.0,1.0
2004-07-31,-1.9171244527327325e-05,-1.9171244527327325e-05,-0.018259505651387786,1.0007235795626714,0.0,0.0,1.0,0.0,0.0,0.0,1.0,0.0,1.0
2004-08-31,0.001800419745140669,0.001800419745140669,0.014722827915299774,0.0013202016117787596,0.0,0.0022023115407312,1.0,0.0,0.0,0.0,1.0,0.0,1.0
2004-09-30,0.0005573971646974929,0.0005573971646974929,0.016597170084819757,1.0009002098725701,0.0,0.0021021013305981,1.0,1.0,0.0,0.0,0.0,0.0,1.0
2004-10-31,0.00860242217084295,0.00860242217084295,0.02721990404982977,1.0002786985823486,0.0,0.0021021013305981,1.0,1.0,0.0,0.0,1.0,0.0,0.0
2004-11-30,9.188361408885015e-05,9.188361408885015e-05,0.0440652883664745,1.0043012110854215,0.0,0.0021021013305981,1.0,1.0,0.0,0.0,0.0,0.0,1.0
2004-12-31,0.004149608182315134,0.004149608182315134,0.027301244887431908,1.0000459418070444,0.0,0.0022023115407312,1.0,1.0,0.0,0.0,1.0,0.0,0.0
2005-01-31,-0.0008754504918039308,-0.0008754504918039308,-0.018009085671903957,1.0023271328755636,0.0,0.0020019011404841,1.0,1.0,1.0,0.0,0.0,0.0,0.0
2005-02-28,-0.008370210324566973,-0.008370210324566973,0.0161741224137959,0.999562274754098,0.0,0.0019017109693872,1.0,1.0,0.0,0.0,1.0,0.0,0.0
2005-03-31,0.0006113279060999677,0.0006113279060999677,-0.016053159290623786,0.9958148948377166,0.0,0.0022023115407312,1.0,1.0,0.0,1.0,0.0,0.0,0.0
2005-04-30,0.0011676656952714914,0.0011676656952714914,-0.002547047491848531,0.00030566395304998384,0.0,0.0021021013305981,1.0,1.0,0.0,1.0,0.0,0.0,0.0
2005-05-31,2.2165952049402193e-06,2.2165952049402193e-06,-0.001754488902569462,1.0005838328476357,0.0,0.0021021013305981,1.0,1.0,0.0,0.0,0.0,0.0,1.0
2005-06-30,0.0006066975667360364,0.0006066975667360364,-4.4818665406509695e-05,5.139837074430442e-05,0.0,0.0022023115407312,1.0,1.0,0.0,0.0,0.0,0.0,1.0
2005-07-31,-0.0012239897049256543,-0.0012239897049256543,0.012260673131825772,1.0003033487833681,0.0,0.0020019011404841,1.0,1.0,1.0,0.0,0.0,0.0,0.0
2005-08-31,-0.00014738880997922088,-0.00014738880997922088,0.013043921390037516,1.0005089328812997,0.0,0.0023025317718852,1.0,1.0,0.0,0.0,0.0,0.0,1.0
2005-09-30,-0.0006554235640053863,-0.0006554235640053863,0.003509227003188009,1.0001229835846064,0.0,0.0021021013305981,1.0,1.0,0.0,1.0,0.0,0.0,0.0
2005-10-31,0.00025405994419003264,0.00025405994419003264,-0.021193160657350774,1.9996722882179974,0.0,0.0021021013305981,0.0,0.0,1.0,1.0,0.0,0.0,1.0
2005-11-30,-0.0007055968544896762,-0.0007055968544896762,0.011257917388529659,1.000127029972095,0.0,0.0021021013305981,1.0,0.0,0.0,1.0,0.0,0.0,1.0
2005-12-31,0.0010098125216753129,0.0010098125216753129,0.017076521591678162,0.0004523627578709166,0.0,0.0042084106495823,1.0,0.0,0.0,1.0,0.0,0.0,1.0
2006-01-31,0.0006077079035780031,0.0006077079035780031,0.029590668196876946,0.0005049062608376564,0.0,0.0040076091277567,1.0,0.0,0.0,1.0,0.0,0.0,1.0
2006-02-28,-0.0009157084687810846,-0.0009157084687810846,-0.002952835120293318,1.000303853951789,0.0,0.0038068477582051,1.0,0.0,0.0,0.0,1.0,0.0,1.0
2006-03-31,0.0008640458735924561,0.0008640458735924561,0.006509549926963398,0.9998943469651469,0.0,0.0046101341821787,1.0,0.0,1.0,0.0,0.0,0.0,1.0
2006-04-30,-0.0021305867963264946,-0.0021305867963264946,0.027651495465833342,1.0006382340144553,0.0,0.0038068477582051,1.0,1.0,1.0,0.0,0.0,0.0,0.0
2006-05-31,-0.00032529303949169197,-0.00032529303949169197,-0.009579427712649635,1.0015823182892187,0.0,0.0044092523317122,1.0,0.0,1.0,1.0,0.0,0.0,0.0
2006-06-30,-0.0007571734381150996,-0.0007571734381150996,-0.004859094337308245,0.9998373534802542,0.0,0.0044092523317122,1.0,0.0,0.0,1.0,0.0,0.0,1.0
2006-07-31,0.004816939173089452,0.004816939173089452,0.007211427147981286,0.9999266418462665,0.0,0.0040076091277567,1.0,0.0,0.0,1.0,1.0,0.0,0.0
2006-08-31,0.0026488718295148983,0.0026488718295148983,0.018441261137778664,1.0024084695865447,0.0,0.0046101341821787,0.0,1.0,0.0,1.0,1.0,0.0,0.0
2006-09-30,0.002554784049479508,0.002554784049479508,0.005252609709792022,1.0013244359147575,0.0,0.0040076091277567,1.0,0.0,0.0,1.0,1.0,0.0,0.0
2006-10-31,0.002186019164936326,0.002186019164936326,0.024292395617105722,1.0012773920247398,0.0,0.0044092523317122,1.0,0.0,0.0,0.0,1.0,0.0,1.0
2006-11-30,0.00019527375837369298,0.00019527375837369298,0.026168873440274742,0.001344510287173195,0.0,0.0042084106495823,1.0,0.0,0.0,0.0,1.0,0.0,1.0
2006-12-31,0.0013758494126229204,0.0013758494126229204,0.0027610531237172165,1.000097636879187,0.0,0.0040076091277567,1.0,0.0,0.0,1.0,1.0,0.0,0.0
2007-01-31,-0.0014706908038875088,-0.0014706908038875088,0.000610869102998679,1.0010946064879844,0.0,0.0040076091277567,1.0,1.0,0.0,0.0,1.0,0.0,0.0
2007-02-28,-0.00037162443862914785,-0.00037162443862914785,0.007524035992735545,1.0006825626977802,0.0,0.0038068477582051,1.0,0.0,0.0,1.0,1.0,0.0,0.0
2007-03-31,-0.0008185169579342233,-0.0008185169579342233,0.011415016497603014,2.00070475885939,0.0,0.0044092523317122,0.0,0.0,1.0,0.0,1.0,0.0,1.0
2007-04-30,0.0019335523306582836,0.0019335523306582836,0.029820303782732482,2.0016241052856607,0.0,0.0040076091277567,1.0,0.0,1.0,1.0,0.0,0.0,0.0
2007-05-31,-0.00451061857614099,-0.00451061857614099,0.007622178357741927,2.0009667761653294,0.0,0.0044092523317122,0.0,0.0,0.0,1.0,1.0,0.0,1.0
2007-06-30,-0.0007369483073912386,-0.0007369483073912386,-0.006716283484492047,1.9977446907119294,0.0,0.0042084106495823,1.0,0.0,1.0,1.0,0.0,0.0,0.0
2007-07-31,-0.00028998025770543556,-0.00028998025770543556,-0.00016930849875829157,0.9998493162075253,0.0,0.0042084106495823,0.0,0.0,1.0,1.0,0.0,0.0,1.0
2007-08-31,-0.006990981580238698,-0.006990981580238698,0.006926645498760875,0.9998550098711473,0.0,0.0046101341821787,0.0,0.0,0.0,1.0,1.0,0.0,1.0
2007-09-30,0.0014739811419423043,0.0014739811419423043,0.0376846954983987,1.0036473663527379,0.0,0.0038068477582051,1.0,0.0,0.0,0.0,1.0,0.0,1.0
2007-10-31,-0.000520663127000498,-0.000520663127000498,0.024578338074680905,1.0012921069945733,0.0,0.0023025317718852,1.0,0.0,0.0,1.0,0.0,0.0,1.0
2007-11-30,0.0069504230276609125,0.0069504230276609125,-0.010801470035733063,1.0005631990443873,0.0,0.0042084106495823,1.0,0.0,0.0,1.0,1.0,0.0,0.0
2007-12-31,-0.0008564515959585961,-0.0008564515959585961,-0.009231795574268453,2.0034752115138303,0.0,0.0020019011404841,0.0,1.0,0.0,1.0,0.0,0.0,1.0
2008-01-31,0.01727748813979124,0.01727748813979124,-0.025390870037274915,1.9995717742020207,0.0,0.0021021013305981,1.0,0.0,0.0,1.0,1.0,0.0,0.0
2008-02-29,-0.001632101650111517,-0.001632101650111517,0.008931692705318017,1.0086387440698956,0.0,0.0020019011404841,0.0,0.0,0.0,1.0,1.0,0.0,1.0
2008-03-31,0.00109455260355662,0.00109455260355662,0.010966861034271025,1.0000602773598497,0.0,0.0020019011404841,1.0,0.0,0.0,1.0,1.0,0.0,0.0
2008-04-30,-0.0017067860349813113,-0.0017067860349813113,0.010939850944766683,0.0021936512280978926,0.0,0.0022023115407312,1.0,0.0,0.0,1.0,1.0,0.0,0.0
2008-05-31,-8.662231852918367e-06,-8.662231852918367e-06,0.001787283863046829,1.000130643719881,0.0,0.0021021013305981,0.0,0.0,0.0,1.0,1.0,0.0,1.0
2008-06-30,-0.00039982271485661247,-0.00039982271485661247,-0.04031100802057119,1.0001051139973494,0.0,0.0021021013305981,1.0,0.0,0.0,1.0,1.0,0.0,0.0
2008-07-31,0.005895128411696593,0.005895128411696593,-0.011343954126205924,1.001441945034866,0.0,0.0022023115407312,0.0,0.0,1.0,1.0,1.0,0.0,0.0
2008-08-31,0.005723682485377912,0.005723682485377912,-0.016745445821676253,1.0029475642058483,0.0,0.0021021013305981,1.0,0.0,1.0,1.0,0.0,0.0,0.0
2008-09-30,-0.0032234547941754066,-0.0032234547941754066,-0.06597605634725823,1.002861841242689,0.0,0.0021021013305981,1.0,0.0,1.0,0.0,1.0,0.0,0.0
2008-10-31,0.01665099791754865,0.01665099791754865,-0.10131355099831318,1.0058998115311764,0.0,0.0,1.0,1.0,0.0,0.0,1.0,0.0,0.0
2008-11-30,0.020640992273698977,0.020640992273698977,-0.006613744759143336,1.0083254989587744,0.0,0.0,1.0,1.0,1.0,0.0,0.0,0.0,0.0
2008-12-31,0.009699632081594745,0.009699632081594745,0.0554356770971014,0.010320496136849489,0.0,0.0,1.0,1.0,1.0,0.0,0.0,0.0,0.0
2009-01-31,0.006660519266068032,0.006660519266068032,-0.06090081147641435,0.004849816040797372,0.0,0.0,1.0,1.0,1.0,0.0,0.0,0.0,0.0
2009-02-28,-0.0009041595650893797,-0.0009041595650893797,-0.05747671933025578,0.003539056960428111,0.0,0.0,1.0,1.0,1.0,0.0,0.0,0.0,0.0
2009-03-31,0.0012518869551508827,0.0012518869551508827,0.044150762617619854,0.0032476070110938338,0.0,0.0,1.0,1.0,1.0,0.0,0.0,0.0,0.0
2009-04-30,0.0005293577777345515,0.0005293577777345515,0.04329354048696654,1.0006259434775755,0.0,0.0,1.0,1.0,0.0,0.0,1.0,0.0,0.0
2009-05-31,0.003962784628311233,0.003962784628311233,0.05704479693938258,0.0008030127617840721,0.0,0.0,1.0,1.0,0.0,0.0,1.0,0.0,0.0
2009-06-30,0.0003487055825064367,0.0003487055825064367,-0.0010359375830089057,1.0019813923141556,0.0,0.0,1.0,0.0,0.0,0.0,1.0,0.0,1.0
2009-07-31,0.003773415371821187,0.003773415371821187,0.04587420128584596,1.0003746684645958,0.0,0.0,0.0,1.0,0.0,0.0,1.0,0.0,1.0
2009-08-31,0.00046392174771481276,0.00046392174771481276,0.029345260561444375,0.0020880703067660544,0.0,0.0,0.0,1.0,0.0,0.0,1.0,0.0,1.0
2009-09-30,-0.00034840505066369154,-0.00034840505066369154,0.030475927964169314,1.0002319608738575,0.0,0.0,0.0,1.0,0.0,1.0,1.0,0.0,0.0
2009-10-31,0.0012706145113775547,0.0012706145113775547,-0.007236555507759035,1.0002802021013333,0.0,0.0,1.0,1.0,0.0,0.0,1.0,0.0,0.0
2009-11-30,0.00084029519469353,0.00084029519469353,0.035934488404395504,1.0006353072556888,0.0,0.0,1.0,0.0,0.0,1.0,1.0,0.0,0.0
2009-12-31,9.301139670270242e-05,9.301139670270242e-05,-0.020050953989246723,0.000420147597346765,0.0,0.0,1.0,0.0,0.0,1.0,1.0,0.0,0.0
2010-01-31,0.0006993527131333721,0.0006993527131333721,-0.01814797878509966,1.0001522698443057,0.0,0.0,1.0,1.0,0.0,0.0,1.0,0.0,0.0
2010-02-28,0.0004462684500685654,0.0004462684500685654,0.007916683652136047,1.0003496763565667,0.0,0.0,1.0,1.0,0.0,1.0,0.0,0.0,0.0
2010-03-31,0.0010194592216359322,0.0010194592216359322,0.018826384703533483,0.0002231342250342827,0.0,0.0,1.0,1.0,0.0,1.0,0.0,0.0,0.0
2010-04-30,-0.0008020495545915107,-0.0008020495545915107,-0.0016121623446596622,1.000509729610818,0.0,0.0,1.0,1.0,0.0,0.0,1.0,0.0,0.0
2010-05-31,0.00156674902969689,0.00156674902969689,-0.05016807296540693,0.000711803661653243,0.0,0.0,1.0,1.0,0.0,0.0,1.0,0.0,0.0
2010-06-30,-0.002439448866042526,-0.002439448866042526,-0.00566764773747408,1.001417623986307,0.0,0.0,1.0,0.0,0.0,1.0,1.0,0.0,0.0
2010-07-31,-0.0004997569802475121,-0.0004997569802475121,0.05602284401903579,0.9987802755669788,0.0,0.0,1.0,1.0,0.0,1.0,0.0,0.0,0.0
2010-08-31,0.00019837727389937498,0.00019837727389937498,-0.005622721748295145,1.000146718705934,0.0,0.0,1.0,0.0,0.0,1.0,0.0,0.0,1.0
2010-09-30,0.0008395846597282208,0.0008395846597282208,0.05401498499005508,1.0000991886369497,0.0,0.0,1.0,0.0,0.0,0.0,1.0,0.0,1.0
2010-10-31,0.00014009576806295332,0.00014009576806295332,0.024511799107974186,1.0006311864742463,0.0,0.0,1.0,1.0,0.0,0.0,1.0,0.0,0.0
2010-11-30,-0.00010469132114887536,-0.00010469132114887536,-0.035641180625231916,1.0000700478840314,0.0,0.0,1.0,0.0,0.0,0.0,1.0,0.0,1.0
2010-12-31,0.0003103343179784446,0.0003103343179784446,0.04353733766643564,1.0001589145063212,0.0,0.0,1.0,0.0,0.0,1.0,1.0,0.0,0.0
2011-01-31,-0.0034955921871088202,-0.0034955921871088202,0.010743508941234214,2.0001551671589892,0.0,0.0,1.0,1.0,0.0,0.0,0.0,1.0,0.0
2011-02-28,9.264417728771512e-05,9.264417728771512e-05,0.0190644575543637,0.9999170393807799,0.0,0.0,1.0,1.0,0.0,0.0,1.0,0.0,0.0
2011-03-31,0.0002079846289455567,0.0002079846289455567,-0.003051022737709519,1.0003663809096435,0.0,0.0,1.0,0.0,0.0,1.0,1.0,0.0,0.0
2011-04-30,-0.0012439303783801092,-0.0012439303783801092,0.03750411430851641,2.0001039923144726,0.0,0.0,0.0,1.0,1.0,0.0,1.0,0.0,0.0
2011-05-31,0.0008571759272016921,0.0008571759272016921,-0.010207354123056067,1.99937803481081,0.0,0.0,1.0,0.0,0.0,0.0,1.0,0.0,1.0
2011-06-30,0.0020169600377240027,0.0020169600377240027,-0.0063450298526877,1.0004789665587435,0.0,0.0,1.0,0.0,0.0,0.0,0.0,1.0,1.0
2011-07-31,0.003319432348244389,0.003319432348244389,0.0034492578744269586,1.0010084800188621,0.0,0.0,1.0,0.0,0.0,0.0,1.0,1.0,0.0
2011-08-31,0.004300519819487647,0.004300519819487647,-0.021754568971800836,1.0016597161741223,0.0,0.0,1.0,0.0,1.0,0.0,1.0,0.0,0.0
2011-09-30,0.00035719615140861194,0.00035719615140861194,-0.04901482962333048,2.002150259909744,0.0,0.0,1.0,1.0,0.0,0.0,0.0,1.0,0.0
2011-10-31,-0.004113694403348078,-0.004113694403348078,0.0475102549953923,1.00152685938818,0.0,0.0,1.0,1.0,1.0,0.0,0.0,0.0,0.0
2011-11-30,0.002497166636073911,0.002497166636073911,-0.019006452021246845,2.000338054638186,0.0,0.0,0.0,0.0,1.0,0.0,1.0,1.0,0.0
2011-12-31,0.003891748105896653,0.003891748105896653,0.004668350049285452,1.0014595537821718,0.0,0.0,1.0,0.0,0.0,0.0,1.0,1.0,0.0
2012-01-31,-0.0015098014006976745,-0.0015098014006976745,0.030687669362053693,2.0019458740529483,0.0,0.0,0.0,1.0,1.0,0.0,0.0,1.0,0.0
2012-02-29,-0.0007954658446852614,-0.0007954658446852614,0.017398497865686924,2.0005360625568507,0.0,0.0,0.0,0.0,0.0,1.0,1.0,1.0,0.0
2012-03-31,3.073587635737951e-06,3.073587635737951e-06,0.0009502302630670645,1.0003977329223426,0.0,0.0,0.0,1.0,0.0,0.0,1.0,1.0,0.0
2012-04-30,0.00034637791493297154,0.00034637791493297154,0.002632070912530926,0.0003995863509876907,0.0,0.0,0.0,1.0,0.0,0.0,1.0,1.0,0.0
2012-05-31,-0.00022038658588552362,-0.00022038658588552362,-0.04326212620198311,1.000278674189534,0.0,0.0,0.0,1.0,0.0,0.0,1.0,0.0,1.0
2012-06-30,-0.005630065478333779,-0.005630065478333779,0.02343200744667273,2.000085000822468,0.0,0.0,1.0,1.0,1.0,0.0,0.0,0.0,0.0
2012-07-31,0.002132505194628709,0.002132505194628709,0.011216697687921773,1.0027122789372762,0.0,0.0,1.0,0.0,1.0,0.0,0.0,1.0,0.0
2012-08-31,-0.00014643882105835893,-0.00014643882105835893,0.016022967103475283,2.0010662525973144,0.0,0.0,0.0,1.0,0.0,1.0,0.0,1.0,0.0
2012-09-30,-0.0008880286127673775,-0.0008880286127673775,0.019738222218502077,1.0004218300944214,0.0,0.0,0.0,1.0,0.0,0.0,0.0,1.0,1.0
2012-10-31,-0.0015131225111606472,-0.0015131225111606472,-0.0063943415003913096,1.000843751914518,0.0,0.0,0.0,1.0,0.0,0.0,1.0,1.0,0.0
2012-11-30,3.4018116150669186e-06,3.4018116150669186e-06,0.0056209185518383276,0.999386876958409,0.0,0.0,1.0,1.0,0.0,0.0,1.0,0.0,0.0
2012-12-31,0.0012310800175446834,0.0012310800175446834,0.004262503748241997,1.0000017009058075,0.0,0.0,0.0,1.0,1.0,0.0,1.0,0.0,0.0
2013-01-31,-0.0009945044591537222,-0.0009945044591537222,0.018077085770568324,1.0007180000749616,0.0,0.0,0.0,1.0,0.0,0.0,1.0,0.0,1.0
2013-02-28,-0.00041328718293121014,-0.00041328718293121014,-0.005018977206025732,1.9995027477704232,0.0,0.0,0.0,0.0,1.0,1.0,1.0,0.0,0.0
2013-03-31,-5.5079559543869117e-05,-5.5079559543869117e-05,0.010487448866247195,0.9997933564085344,0.0,0.0,0.0,0.0,0.0,1.0,1.0,0.0,1.0
2013-04-30,-0.0008156038542735944,-0.0008156038542735944,0.02151764148337909,1.0000779120814536,0.0,0.0,0.0,0.0,0.0,0.0,1.0,1.0,1.0
2013-05-31,-0.0024853365145640627,-0.0024853365145640627,-0.016093652656552826,1.00051326490963,0.0,0.0,1.0,0.0,0.0,0.0,0.0,1.0,1.0
2013-06-30,-0.0009585365272416491,-0.0009585365272416491,-0.015392523383560675,2.998757331742718,0.0,0.0,0.0,1.0,1.0,0.0,1.0,0.0,0.0
2013-07-31,0.0016929759328436766,0.0016929759328436766,0.03392231934868084,1.000373794157514,0.0,0.0,0.0,1.0,1.0,1.0,0.0,0.0,0.0
2013-08-31,-0.00016609319255889154,-0.00016609319255889154,-0.013030174086485324,0.0008464879664218383,0.0,0.0,0.0,1.0,1.0,1.0,0.0,0.0,0.0
2013-09-30,0.0006729127884728126,0.0006729127884728126,0.035822545331181566,1.0002265700982527,0.0,0.0,0.0,1.0,1.0,0.0,1.0,0.0,0.0
2013-10-31,-0.001139584363153756,-0.001139584363153756,0.025439243174733672,1.0003364563942365,0.0,0.0,0.0,0.0,1.0,1.0,1.0,0.0,0.0
2013-11-30,0.0002087654105358272,0.0002087654105358272,0.004631593082167207,1.0005697921815768,0.0,0.0,0.0,0.0,1.0,0.0,1.0,0.0,1.0
2013-12-31,0.0,0.0,0.00751154421363931,2.000104382705268,0.0,0.0,0.0,1.0,0.0,1.0,0.0,0.0,1.0
2014-01-31,9.50428340122933e-05,9.50428340122933e-05,-0.014356024389216682,2.0,0.0,0.0,1.0,0.0,1.0,0.0,0.0,0.0,1.0
2014-02-28,-0.00024584370486469,-0.00024584370486469,0.03390163083371789,2.000047521417006,0.0,0.0,0.0,1.0,0.0,1.0,0.0,0.0,1.0
2014-03-31,-0.00020492013237849438,-0.00020492013237849438,0.0007858374219544828,1.0001229218524323,0.0,0.0,1.0,1.0,0.0,0.0,0.0,0.0,1.0
2014-04-30,0.0007555656776971897,0.0007555656776971897,0.010868129071726518,2.000102460066189,0.0,0.0,0.0,1.0,0.0,0.0,1.0,1.0,0.0
2014-05-31,0.0004026317267771251,0.0004026317267771251,0.012976794400821223,1.0003777828388487,0.0,0.0,0.0,1.0,0.0,1.0,1.0,0.0,0.0
2014-06-30,0.0003073361130176977,0.0003073361130176977,0.013690897516008604,0.00020131586338856255,0.0,0.0,0.0,1.0,0.0,1.0,1.0,0.0,0.0
2014-07-31,0.0005411015905769645,0.0005411015905769645,-0.012858353904379949,1.0001536680565088,0.0,0.0,0.0,1.0,0.0,0.0,1.0,1.0,0.0
2014-08-31,0.000709899393232849,0.000709899393232849,0.014517761875532331,1.0006289994295992,0.0,0.0,0.0,1.0,0.0,0.0,1.0,0.0,1.0
2014-09-30,0.0006420080963308594,0.0006420080963308594,-0.029458610320967638,0.0003549496966164245,0.0,0.0,0.0,1.0,0.0,0.0,1.0,0.0,1.0
2014-10-31,0.0034842704619327813,0.0034842704619327813,0.0026949748156064324,1.0004264336738902,0.0,0.0,0.0,1.0,0.0,0.0,1.0,1.0,0.0
2014-11-30,0.0029750414117022395,0.0029750414117022395,0.009042282629081466,1.0019365285192823,0.0,0.0,0.0,1.0,0.0,1.0,0.0,1.0,0.0
2014-12-31,0.0017138909683349635,0.0017138909683349635,-0.011731933931571126,1.0014875207058511,0.0,0.0,0.0,1.0,0.0,0.0,1.0,1.0,0.0
2015-01-31,0.001686892487578584,0.001686892487578584,-0.01132763900826017,0.0010678047356170728,0.0,0.0,0.0,1.0,0.0,0.0,1.0,1.0,0.0
2015-02-28,-0.0004866851016945839,-0.0004866851016945839,0.028288654132561986,1.0008434462437892,0.0,0.0,1.0,1.0,0.0,0.0,0.0,1.0,0.0
2015-03-31,0.001080879380295774,0.001080879380295774,-0.013265340774319623,0.0010366889576206018,0.0,0.0,1.0,1.0,0.0,0.0,0.0,1.0,0.0
2015-04-30,-0.002219137444143593,-0.002219137444143593,0.018477208770227183,1.0008398225596795,0.0,0.0,1.0,1.0,1.0,0.0,0.0,0.0,0.0
2015-05-31,0.0014846939726285147,0.0014846939726285147,-0.007268971408264657,1.001314080246296,0.0,0.0,1.0,0.0,1.0,0.0,0.0,1.0,0.0
2015-06-30,9.90274869056007e-05,9.90274869056007e-05,-0.014563149101220807,2.000742346986314,0.0,0.0,0.0,1.0,1.0,1.0,0.0,0.0,0.0
2015-07-31,-0.0014899649477468913,-0.0014899649477468913,0.012662186107573747,2.0003492429536145,0.0,0.0,1.0,0.0,1.0,0.0,0.0,1.0,0.0
2015-08-31,-0.00039170723022607934,-0.00039170723022607934,-0.036578403964898865,2.0008427574129137,0.0,0.0,1.0,1.0,0.0,1.0,0.0,0.0,0.0
2015-09-30,-0.0005077665932321507,-0.0005077665932321507,-0.017389772919762514,0.999804146384887,0.0,0.0,0.0,1.0,1.0,1.0,0.0,0.0,0.0
2015-10-31,-0.00037996438142418043,-0.00037996438142418043,0.04421588814634103,0.9997461167033839,0.0,0.0,0.0,1.0,0.0,1.0,0.0,1.0,0.0
2015-11-30,0.0019325558818528155,0.0019325558818528155,-0.01133028081744547,1.0007926256504986,0.0,0.0,0.0,1.0,0.0,0.0,1.0,1.0,0.0
2015-12-31,-0.0021615545680132575,-0.0021615545680132575,-0.006140826386529352,1.0009662779409263,0.0,0.0,1.0,1.0,0.0,0.0,1.0,0.0,0.0
2016-01-31,-0.0014155874388565026,-0.0014155874388565026,-0.02839733338974293,0.0022403809104034056,0.0,0.0,1.0,1.0,0.0,0.0,1.0,0.0,0.0
2016-02-29,0.0014203900141429582,0.0014203900141429582,0.009180555579225258,1.0023458021529523,0.0,0.0,0.0,1.0,0.0,1.0,1.0,0.0,0.0
2016-03-31,-0.0017609560570019944,-0.0017609560570019944,0.049592742907238474,1.0007101950070716,0.0,0.0,0.0,1.0,0.0,1.0,0.0,1.0,0.0
2016-04-30,-0.001514256507801126,-0.001514256507801126,0.014708901082076453,1.000880478028501,0.0,0.0,0.0,1.0,0.0,0.0,0.0,1.0,1.0
2016-05-31,0.0006727719397139342,0.0006727719397139342,-0.0029884054616847733,0.9992428717460995,0.0,0.0,0.0,1.0,0.0,0.0,1.0,0.0,1.0
2016-06-30,0.0010260200461380542,0.0010260200461380542,0.010097108757903817,0.0003363859698569671,0.0,0.0,0.0,1.0,0.0,0.0,1.0,0.0,1.0
2016-07-31,0.00024708193112132903,0.00024708193112132903,0.025843908428442974,1.000513010023069,0.0,0.0,0.0,1.0,1.0,0.0,1.0,0.0,0.0
2016-08-31,-0.000691561115703454,-0.000691561115703454,-0.003043899843917175,1.0003849212992757,0.0,0.0,0.0,1.0,0.0,0.0,1.0,1.0,0.0
2016-09-30,-0.0002501485153022509,-0.0002501485153022509,0.0061005113075989215,0.9996949933305503,0.0,0.0,0.0,1.0,1.0,0.0,1.0,0.0,0.0
2016-10-31,-0.0007723680547554457,-0.0007723680547554457,-0.025700331619002204,0.0004406312156819969,0.0,0.0,0.0,1.0,1.0,0.0,1.0,0.0,0.0
2016-11-30,-0.00034497647602704795,-0.00034497647602704795,-0.011538708846773882,1.9999292733858716,0.0,0.0,0.0,0.0,0.0,1.0,1.0,0.0,1.0
2016-12-31,-0.0033319586303655058,-0.0033319586303655058,0.011340675884709661,1.0002776738906904,0.0,0.0,0.0,1.0,0.0,0.0,1.0,0.0,1.0
2017-01-31,-0.0027819637036958778,-0.0027819637036958778,0.01854035921840924,1.0019099567386667,0.0,0.0,0.0,1.0,0.0,0.0,1.0,1.0,0.0
2017-02-28,0.0033170731707317103,0.0033170731707317103,0.018361285280297457,1.00191512472147,0.0,0.0,0.0,1.0,0.0,0.0,0.0,1.0,1.0
2017-03-31,0.0020196754152217444,0.0020196754152217444,0.007467651996981406,2.001658536585366,0.0,0.0,0.0,1.0,1.0,0.0,1.0,0.0,0.0
2017-04-30,0.0014151977171890096,0.0014151977171890096,0.014385420885825395,1.0010098377076109,0.0,0.0,0.0,1.0,0.0,0.0,1.0,1.0,0.0
2017-05-31,0.0016833245660179408,0.0016833245660179408,0.020150785839515795,1.0007075988585945,0.0,0.0,0.0,1.0,1.0,0.0,1.0,0.0,0.0
2017-06-30,-0.0009104453022629189,-0.0009104453022629189,0.002022089092722723,0.0008416622830089704,0.0,0.0,0.0,1.0,1.0,0.0,1.0,0.0,0.0
2017-07-31,0.00045369774021186693,0.00045369774021186693,0.022005885679033055,0.00045522265113145943,0.0,0.0,0.0,1.0,1.0,0.0,1.0,0.0,0.0
2017-08-31,0.0009452788572630322,0.0009452788572630322,0.00584148243217264,1.0002268488701058,0.0,0.0,0.0,1.0,0.0,1.0,1.0,0.0,0.0
2017-09-30,0.00015469376890742126,0.00015469376890742126,0.00906143931035297,1.0004726394286316,0.0,0.0,0.0,1.0,1.0,0.0,1.0,0.0,0.0
2017-10-31,-0.001418110988691046,-0.001418110988691046,0.009645278270554725,1.0000773468844537,0.0,0.0,1.0,1.0,0.0,0.0,1.0,0.0,0.0
2017-11-30,-0.002358617220976189,-0.002358617220976189,0.019164037216149454,1.0007599896263262,0.0,0.0,0.0,1.0,1.0,0.0,1.0,0.0,0.0
2017-12-31,-0.00019705864050290067,-0.00019705864050290067,0.009201129183511458,0.9991826713679492,0.0,0.0,0.0,1.0,1.0,1.0,0.0,0.0,0.0
2018-01-31,0.0002480316122448478,0.0002480316122448478,0.03921029056158454,1.0000985293202516,0.0,0.0021021013305981,1.0,1.0,1.0,0.0,0.0,0.0,0.0
2018-02-28,-0.0008997465405012894,-0.0008997465405012894,-0.02834679728743905,1.0001240158061224,0.0,0.0019017109693872,0.0,1.0,1.0,0.0,0.0,1.0,0.0
2018-03-31,-0.0006506682073176284,-0.0006506682073176284,-0.00728771115939475,1.0000583305920987,0.0,0.0021021013305981,0.0,1.0,1.0,0.0,1.0,0.0,0.0
2018-04-30,-0.0025759492739884093,-0.0025759492739884093,0.00014495789194790554,0.9996746658963412,0.0,0.0021021013305981,0.0,1.0,0.0,1.0,1.0,0.0,0.0
2018-05-31,-0.0015767789543115196,-0.0015767789543115196,-0.00011321096188876556,0.0013389035809316385,0.0,0.0022023115407312,0.0,1.0,0.0,1.0,1.0,0.0,0.0
2018-06-30,-0.0018996969033300282,-0.0018996969033300282,-0.0011180551899069302,1.9993134632234684,0.0,0.0021021013305981,1.0,1.0,0.0,0.0,0.0,1.0,0.0
2018-07-31,-0.00043720929681245746,-0.00043720929681245746,0.018197978960937222,0.0010007799894917735,0.0,0.0021021013305981,1.0,1.0,0.0,0.0,0.0,1.0,0.0
2018-08-31,0.001072956593611396,0.001072956593611396,0.007470467098558142,0.0002695335923436626,0.0,0.0023025317718852,1.0,1.0,0.0,0.0,0.0,1.0,0.0
2018-09-30,0.0002492406785226109,0.0002492406785226109,0.00017961234171837148,1.0006356256297426,0.0,0.0019017109693872,1.0,1.0,0.0,1.0,0.0,0.0,0.0
2018-10-31,5.09237569510379e-05,5.09237569510379e-05,-0.05089088896166527,0.00012462033926130545,0.0,0.0023025317718852,1.0,1.0,0.0,1.0,0.0,0.0,0.0
2018-11-30,-0.00030923583931374843,-0.00030923583931374843,0.009277632377109324,1.0000254618784754,0.0,0.0021021013305981,1.0,1.0,1.0,0.0,0.0,0.0,0.0
2018-12-31,0.00014539044627603914,0.00014539044627603914,-0.03862919025767331,0.9999445195840608,0.0,0.0019017109693872,1.0,1.0,0.0,0.0,0.0,1.0,0.0
2019-01-31,0.005002973750757311,0.005002973750757311,0.05281229176722513,1.0002709898890114,0.0,0.0021021013305981,1.0,1.0,0.0,0.0,1.0,0.0,0.0
2019-02-28,-0.00014724913057206912,-0.00014724913057206912,0.015450365544845024,1.0025014868753788,0.0,0.0019017109693872,0.0,1.0,0.0,0.0,1.0,1.0,0.0
2019-03-31,0.00431421946732069,0.00431421946732069,0.013444374000768367,0.0008045098868555423,0.0,0.0021021013305981,0.0,1.0,0.0,0.0,1.0,1.0,0.0
2019-04-30,-0.0032988295303502113,-0.0032988295303502113,0.020777573931244575,1.0021571097336603,0.0,0.0021021013305981,0.0,1.0,0.0,1.0,1.0,0.0,0.0
2019-05-31,0.0016570130972894948,0.0016570130972894948,-0.029996475949694235,1.0017003183029711,0.0,0.0022023115407312,0.0,1.0,0.0,0.0,1.0,1.0,0.0
2019-06-30,0.001547234198929326,0.001547234198929326,0.04999135496314566,1.0008285065486446,0.0,0.0020019011404841,0.0,1.0,1.0,0.0,0.0,1.0,0.0
2019-07-31,0.004609569147656867,0.004609569147656867,0.0015678813367745459,0.0015518272161961777,0.0,0.0022023115407312,0.0,1.0,1.0,0.0,0.0,1.0,0.0
2019-08-31,0.0013881664029080643,0.0013881664029080643,-0.002773893700075858,1.0023047845738284,0.0,0.0022023115407312,1.0,1.0,1.0,0.0,0.0,0.0,0.0
2019-09-30,-0.0017295900240981155,-0.0017295900240981155,0.00862274153863729,0.0006940832014540321,0.0,0.0020019011404841,1.0,1.0,1.0,0.0,0.0,0.0,0.0
2019-10-31,-0.0018477842740211026,-0.0018477842740211026,0.018173240003715785,0.0008647950120490577,0.0,0.0023025317718852,1.0,1.0,1.0,0.0,0.0,0.0,0.0
2019-11-30,-0.0015856511285181618,-0.0015856511285181618,0.013750309234619396,1.0003744639493095,0.0,0.0020019011404841,1.0,0.0,1.0,0.0,1.0,0.0,0.0
2019-12-31,-0.0005269259142164362,-0.0005269259142164362,0.020515276085801615,2.0012054916423034,0.0,0.0021021013305981,0.0,0.0,0.0,1.0,1.0,0.0,1.0
2020-01-31,0.0004038814038502814,0.0004038814038502814,0.001923143953016515,0.9997365370428918,0.0,0.0021021013305981,0.0,0.0,1.0,1.0,0.0,0.0,1.0
2020-02-29,0.0004071702684269596,0.0004071702684269596,-0.0506886868571228,1.0002019407019251,0.0,0.0019017109693872,0.0,1.0,0.0,1.0,0.0,0.0,1.0
2020-03-31,0.007818202364698768,0.007818202364698768,-0.08414931867719855,2.0002035851342135,0.0,0.0022023115407312,0.0,1.0,1.0,0.0,0.0,1.0,0.0
2020-04-30,0.0019488448982805107,0.0019488448982805107,0.0697126065172946,1.004804511188556,0.0,0.0,1.0,1.0,1.0,0.0,0.0,0.0,0.0
2020-05-31,0.00262139441762943,0.00262139441762943,0.030710140853440704,2.0009744224491404,0.0,0.0,0.0,0.0,1.0,0.0,1.0,1.0,0.0
2020-06-30,0.005458718540849672,0.005458718540849672,0.019168911234368036,0.001310697208814715,0.0,0.0,0.0,0.0,1.0,0.0,1.0,1.0,0.0
2020-07-31,0.003471901311465131,0.003471901311465131,0.043781175312144205,0.002729359270424836,0.0,0.0,0.0,0.0,1.0,0.0,1.0,1.0,0.0
2020-08-31,-2.6841320988402195e-05,-2.6841320988402195e-05,0.04069283072625751,0.0022182967873166093,0.0,0.0,0.0,0.0,1.0,0.0,1.0,1.0,0.0
2020-09-30,-8.18589019176974e-05,-8.18589019176974e-05,-0.022758643181454152,1.0004015601466436,0.0,0.0,0.0,1.0,1.0,0.0,1.0,0.0,0.0
2020-10-31,0.000660641362137393,0.000660641362137393,-0.020080974124981332,0.9999590705490411,0.0,0.0,0.0,1.0,1.0,0.0,0.0,1.0,0.0
2020-11-30,-9.5955196346309e-05,-9.5955196346309e-05,0.0868150094360649,1.0003303206810688,0.0,0.0,1.0,1.0,1.0,0.0,0.0,0.0,0.0
2020-12-31,0.0001001291800829529,0.0001001291800829529,0.03274153850777162,0.000150553273377374,0.0,0.0,1.0,1.0,1.0,0.0,0.0,0.0,0.0
2021-01-31,0.00015437468833101597,0.00015437468833101597,-0.010730473811064067,1.0001517857114153,0.0,0.0,0.0,1.0,1.0,0.0,1.0,0.0,0.0
2021-02-28,-0.002431011075208822,-0.002431011075208822,0.009075558981538112,1.0000771873441656,0.0,0.0,0.0,0.0,1.0,0.0,1.0,1.0,0.0
2021-03-31,0.0005555325115393916,0.0005555325115393916,0.016089199073018756,0.9990921583703427,0.0,0.0,0.0,1.0,1.0,0.0,1.0,0.0,0.0
2021-04-30,0.00010346611484735035,0.00010346611484735035,0.03584719411672821,2.0002777662557696,0.0,0.0,0.0,0.0,0.0,1.0,1.0,0.0,1.0
2021-05-31,0.0003086526413937918,0.0003086526413937918,0.013122096765466162,2.0000517330574237,0.0,0.0,1.0,1.0,0.0,0.0,1.0,0.0,0.0
2021-06-30,0.00020686801820435363,0.00020686801820435363,0.007374803812440822,1.000154326320697,0.0,0.0,1.0,0.0,1.0,0.0,1.0,0.0,0.0
2021-07-31,0.00024572213062734605,0.00024572213062734605,0.01760951100907282,1.0001034340091022,0.0,0.0,0.0,1.0,1.0,0.0,1.0,0.0,0.0
2021-08-31,0.00010253465671383744,0.00010253465671383744,0.01595749429376836,1.000122861065314,0.0,0.0,1.0,0.0,1.0,0.0,1.0,0.0,0.0
2021-09-30,-0.00010252414443590041,-0.00010252414443590041,-0.03557635104270762,1.0000512673283568,0.0,0.0,1.0,1.0,1.0,0.0,0.0,0.0,0.0
2021-10-31,-0.0009978553910642285,-0.0009978553910642285,0.03874738575279579,5.1262072217950205e-05,0.0,0.0,1.0,1.0,1.0,0.0,0.0,0.0,0.0
2021-11-30,0.00013077287693230577,0.00013077287693230577,-0.01559509742998444,0.9995010723044679,0.0,0.0,1.0,1.0,0.0,0.0,1.0,0.0,0.0
2021-12-31,-0.00012286854958853954,-0.00012286854958853954,0.028800877524167934,0.00047899413156921034,0.0,0.0,1.0,1.0,0.0,0.0,1.0,0.0,0.0
2022-01-31,-0.000203330554482406,-0.000203330554482406,-0.043852140977422516,1.0003156620832487,0.0,0.0,1.0,1.0,1.0,0.0,0.0,0.0,0.0
2022-02-28,0.0003498908882447749,0.0003498908882447749,-0.02079213272012881,1.0001016652772412,0.0,0.0,0.0,1.0,1.0,1.0,0.0,0.0,0.0
2022-03-31,-0.0009512173705080729,-0.0009512173705080729,0.010114456018452511,1.0003274743737762,0.0,0.0,1.0,1.0,1.0,0.0,0.0,0.0,0.0
2022-04-30,-0.005630307256840439,-0.005630307256840439,-0.07606797032109003,1.0002315251680105,0.0,0.0,1.0,0.0,1.0,1.0,0.0,0.0,0.0
2022-05-31,0.0,0.0,0.0009053489228965095,0.9971848463715798,0.0,0.0,1.0,0.0,0.0,1.0,0.0,0.0,1.0
2022-06-30,0.0,0.0,-0.0708560470815901,0.0,0.0,0.0,1.0,0.0,0.0,1.0,0.0,0.0,1.0
2022-07-31,0.0,0.0,0.06156683195731194,0.0,0.0,0.0,1.0,0.0,0.0,1.0,0.0,0.0,1.0
2022-08-31,-0.0026689757041715723,-0.0026689757041715723,-0.04197742287120676,1.0,0.0,0.0023025317718852,1.0,1.0,0.0,1.0,0.0,0.0,0.0
2022-09-30,-0.03489190548014076,-0.03489190548014076,-0.08077716558181447,1.9986655121479142,0.0,0.0021021013305981,0.0,0.0,0.0,1.0,0.0,1.0,1.0
2022-10-31,0.002380385622470671,0.002380385622470671,0.049684400896506276,0.9825540472599297,0.0,0.0021021013305981,0.0,0.0,1.0,1.0,0.0,0.0,1.0
2022-11-30,0.0,0.0,0.0632949274687189,1.0011901928112352,0.0,0.0021021013305981,1.0,0.0,0.0,1.0,0.0,0.0,1.0
2022-12-31,-0.0014516029402681374,-0.0014516029402681374,-0.03118080742051177,1.0,0.0,0.0042084106495823,0.0,0.0,1.0,1.0,0.0,0.0,1.0
2023-01-31,0.0045517249136066695,0.0045517249136066695,0.06015744663361566,1.0007258014701341,0.0,0.0040076091277567,0.0,0.0,1.0,1.0,0.0,1.0,0.0
2023-02-28,0.0005713994183971227,0.0005713994183971227,-0.02624766754254282,2.0022758624568033,0.0,0.0038068477582051,1.0,1.0,0.0,1.0,0.0,0.0,0.0
2023-03-31,0.0072354612325638,0.0072354612325638,0.03336744682092352,2.0002856997091985,0.0,0.0046101341821787,0.0,1.0,1.0,0.0,1.0,0.0,0.0
2023-04-30,-0.0009869759869759465,-0.0009869759869759465,0.01425795331698132,1.003617730616282,0.0,0.0038068477582051,1.0,1.0,0.0,0.0,1.0,0.0,0.0
2023-05-31,-0.014102134070868244,-0.014102134070868244,-0.012549907078993505,1.000493487993488,0.0,0.0044092523317122,0.0,1.0,1.0,0.0,1.0,0.0,0.0
2023-06-30,-0.0027132142820298633,-0.0027132142820298633,0.044724939594467994,1.9968948005930376,0.0,0.0042084106495823,1.0,0.0,1.0,1.0,0.0,0.0,0.0
2023-07-31,0.002513706423916462,0.002513706423916462,0.026140863029842087,0.0013566071410149316,0.0,0.0040076091277567,1.0,0.0,1.0,1.0,0.0,0.0,0.0
2023-08-31,0.0,0.0,-0.02106004274647133,1.0012568532119581,0.0,0.0046101341821787,1.0,0.0,0.0,1.0,0.0,0.0,1.0
2023-09-30,-0.001459129686766869,-0.001459129686766869,-0.04014523288222893,2.0,0.0,0.0040076091277567,1.0,1.0,1.0,0.0,0.0,0.0,0.0
2023-10-31,-0.0018522684187310956,-0.0018522684187310956,-0.024304907831817157,1.0007295648433834,0.0,0.0044092523317122,0.0,1.0,1.0,0.0,1.0,0.0,0.0
2023-11-30,0.008282244157343799,0.008282244157343799,0.08269054417887656,2.000330626027565,0.0,0.0042084106495823,1.0,0.0,1.0,0.0,0.0,1.0,0.0
2023-12-31,0.021724245080535942,0.021724245080535942,0.047599352723756816,1.0041411220786718,0.0,0.0040076091277567,0.0,1.0,1.0,0.0,0.0,1.0,0.0
2024-01-31,-0.017890890797159553,-0.017890890797159553,0.005434845987593251,1.010862122540268,0.0,0.0042084106495823,1.0,1.0,0.0,0.0,0.0,1.0,0.0
2024-02-29,-0.0037670520951856856,-0.0037670520951856856,0.029389424394766772,1.992347517624714,0.0,0.0040076091277567,0.0,1.0,1.0,0.0,1.0,0.0,0.0
2024-03-31,0.0014957243890306726,0.0014957243890306726,0.026225860369299747,1.0001199654901856,0.0,0.0040076091277567,1.0,0.0,1.0,0.0,1.0,0.0,0.0
2024-04-30,-0.0014637062691982283,-0.0014637062691982283,-0.03427256211644758,1.0010570003174286,0.0,0.0044092523317122,1.0,0.0,1.0,1.0,0.0,0.0,0.0
2024-05-31,-0.0005293245818335235,-0.0005293245818335235,0.037451525525697305,0.9992681468654009,0.0,0.0044092523317122,1.0,0.0,0.0,1.0,1.0,0.0,0.0
2024-06-30,0.001588814744200917,0.001588814744200917,0.016016917162647637,0.00026466229091676174,0.0,0.0038068477582051,1.0,0.0,0.0,1.0,1.0,0.0,0.0
2024-07-31,0.002524456605384806,0.002524456605384806,0.02022608987075425,1.0007944073721005,0.0,0.0044092523317122,1.0,0.0,1.0,0.0,1.0,0.0,0.0
2024-08-31,0.004117131570277932,0.004117131570277932,0.025969282459610055,1.0012622283026924,0.0,0.0044092523317122,1.0,0.0,0.0,0.0,1.0,1.0,0.0
2024-09-30,0.005621869645933364,0.005621869645933364,0.01825555584492733,1.002058565785139,0.0,0.0040076091277567,0.0,0.0,1.0,0.0,1.0,1.0,0.0
2024-10-31,-0.017240976669549823,-0.017240976669549823,-0.022894609071048344,1.0028109348229668,0.0,0.0046101341821787,0.0,1.0,0.0,0.0,1.0,1.0,0.0
2024-11-30,0.006215809420489826,0.006215809420489826,0.03678141774409904,0.008671443229502085,0.0,0.0040076091277567,0.0,1.0,0.0,0.0,1.0,1.0,0.0
2024-12-31,0.0021131328380820102,0.0021131328380820102,-0.025150331305122453,1.0042649468896916,0.0,0.0042084106495823,1.0,1.0,0.0,0.0,1.0,0.0,0.0
2025-01-31,-0.0012740801141575275,-0.0012740801141575275,0.029060556762169565,1.0015761210283054,0.0,0.0040076091277567,1.0,1.0,0.0,1.0,0.0,0.0,0.0
2025-02-28,-0.0008391021606880544,-0.0008391021606880544,-0.0025954986908064415,0.9993629599429212,0.0,0.0038068477582051,1.0,0.0,0.0,1.0,1.0,0.0,0.0
2025-03-31,0.0006516201345789785,0.0006516201345789785,-0.03333767823768108,1.000419551080344,0.0,0.0042084106495823,1.0,0.0,0.0,0.0,1.0,1.0,0.0
2025-04-30,0.009787460160949335,0.009787460160949335,0.014553129707437495,0.0014587794771153684,0.0,0.0042084106495823,1.0,0.0,0.0,0.0,1.0,1.0,0.0
2025-05-31,0.029461102956594765,0.029461102956594765,0.045231751092217776,1.0054176743328065,0.0,0.0042084106495823,1.0,0.0,0.0,1.0,1.0,0.0,0.0
2025-06-30,0.0065851234103861955,0.0065851234103861955,0.03827306369136396,3.0147305514782974,0.0,0.0040076091277567,0.0,1.0,1.0,0.0,0.0,1.0,0.0
2025-07-31,-0.0032998903669837487,-0.0032998903669837487,0.006737052399438559,1.0033944725332187,0.0,0.0044092523317122,0.0,1.0,1.0,0.0,1.0,0.0,0.0
2025-08-31,-0.003430958377739879,-0.003430958377739879,0.02384049296070212,1.001649945183492,0.0,0.0016666666666666668,0.0,1.0,1.0,0.0,0.0,1.0,0.0
2025-09-30,-0.004021033096195503,-0.004021033096195503,0.027308758035071934,2.99828452081113,0.0,0.0016666666666666668,1.0,0.0,0.0,1.0,1.0,0.0,0.0
2025-10-31,0.007300020563438148,0.007300020563438148,0.015762588192335114,0.9979894834519023,0.0,0.0016666666666666668,1.0,0.0,0.0,1.0,0.0,1.0,0.0
