Date,ret_net,ret_gross,ret_bm,turnover,tcost,ret_rf,w_US,w_AU,w_UK,w_CH,w_JP,w_EU,w_EM
2000-09-30,0.018944011112161128,0.018944011112161128,-0.03315693836523392,0.0,0.0,0.0051,-0.23800983037193715,-0.5944447708596837,0.302729087853583,0.12174606579015594,0.4866752979517938,-0.05975183925175036,0.0
2000-10-31,-0.002237344893010625,-0.002237344893010625,-0.015321869419774314,0.051304692044980164,0.0,0.005600000000000001,-0.2517689009794085,-0.6013945724369726,0.3180100811143907,0.123900457098833,0.471857926555826,-0.06284233624567909,0.0
2000-11-30,0.003578035499891247,0.003578035499891247,-0.02818826191734969,0.22442258525977765,0.0,0.0051,-0.23187160119130915,-0.6418516225509556,0.11744265732196212,0.32691113040255776,0.49391046191445787,-0.060962990396821314,0.0
2000-12-31,-0.04948861776689181,-0.04948861776689181,0.02434948321520647,0.20088930299479585,0.0,0.005,-0.06297672829317658,-0.6541319900997822,0.13321432393992158,0.34559936635490535,0.4586694625866506,-0.26986305225541013,0.0
2001-01-31,-0.016640221387228187,-0.016640221387228187,0.010555943009654012,0.15586203208759014,0.0,0.0054,-0.02765116281058019,-0.517264151897231,0.1333126305361937,0.28515550063612866,0.4557196349873528,-0.3459126728390925,0.0
2001-02-28,-0.003139573610147394,-0.003139573610147394,-0.048795867360239,0.5779841341462275,0.0,0.0038,0.051472627623094395,-0.43536951976006993,0.2112675918465281,-0.2679768996089063,0.5385835429404529,-0.1011169166512463,0.0
2001-03-31,0.05147433811136367,0.05147433811136367,-0.04922215763514304,0.26136831839465025,0.0,0.0042,-0.12422350361171582,-0.3987506815132236,0.3230047287567868,-0.26076918009385913,0.48775020340441644,0.024462771168958956,0.0
2001-04-30,0.008807979499129898,0.008807979499129898,0.038953114457780824,0.20442219105730697,0.0,0.0039000000000000003,-0.06502143677891131,-0.6638963762783643,0.3244289574730759,-0.24867835357046908,0.5286098217943024,0.1333653668594967,0.0
2001-05-31,-0.04258803024408811,-0.04258803024408811,-0.008216110784206476,0.669381378273809,0.0,0.0032,-0.3161124650369932,-0.5251702898049603,0.5032640471519811,-0.1039035635901486,0.10497762018311273,0.2943566208529201,0.0
2001-06-30,-0.04247046223051347,-0.04247046223051347,-0.021359090411263826,0.22523744628895898,0.0,0.0028000000000000004,-0.2886088264086706,-0.5103380553792903,0.47749428899180446,-0.09541179497167891,0.27891377597006284,0.09548014956725906,0.0
2001-07-31,-0.019485129532596773,-0.019485129532596773,0.003869245207709149,0.4073843179387867,0.0,0.003,-0.10150689629170395,-0.4937066214031245,0.30497465249756145,-0.3029519799418582,0.4722551325879147,0.1014505830186137,0.0
2001-08-31,0.003669980184935087,0.003669980184935087,-0.00915581979293889,0.8051577818144389,0.0,0.0031,-0.3018725476313747,-0.49601780603593076,0.318526867774539,0.48049447040506793,0.15619248897937504,-0.15365349330674144,0.0
2001-09-30,0.03771158044318517,0.03771158044318517,-0.042868814854046255,0.2940937997434804,0.0,0.0028000000000000004,-0.2817146328878652,-0.41331205075375393,0.025822953557173484,0.4922583701589269,0.33756561485082826,-0.1229086744821244,0.0
2001-10-31,-0.03415597332638269,-0.03415597332638269,0.013630637349292485,0.15213615704028102,0.0,0.0022,-0.2983667699344683,-0.5069269266172741,0.05958825255101914,0.5956301020289742,0.2379393089399065,-0.1220199402945399,0.0
2001-11-30,-0.04767379735259562,-0.04767379735259562,0.022979445001815035,0.4849524408253455,0.0,0.0017000000000000001,-0.3232781497561496,-0.4952846650885002,0.5247121354950134,0.36210598741539174,0.026960376905789403,-0.14288948232414034,0.0
2001-12-31,0.01939113947107779,0.01939113947107779,-0.008954777577066197,0.40766095635989164,0.0,0.0015,-0.5202905034909298,-0.30990129954196327,0.5273542519826317,0.31101485563919934,-0.09469297451328318,0.10590680939542288,0.0
2002-01-31,0.02913704528478532,0.02913704528478532,-0.02468739554286603,0.961469250644672,0.0,0.0014000000000000002,-0.4784139258309569,0.611050028585554,0.23242483799508265,0.057462151991273885,-0.2798815468909869,-0.11350450056518137,0.0
2002-02-28,-0.0164395674927416,-0.0164395674927416,-0.0020207261760197825,0.20411950329125425,0.0,0.0013,-0.29967534182255584,0.6142206067845856,0.24391078877413408,0.06294212331549162,-0.5156406966671703,-0.1221970478772266,0.0
2002-03-31,-0.011538413815056263,-0.011538413815056263,0.02205047615427369,0.01891123426213828,0.0,0.0013,-0.3167311374627275,0.632550522128076,0.25431367429971247,0.06491579842934615,-0.5200222466276977,-0.12656502458176552,0.0
2002-04-30,-0.020066045656556997,-0.020066045656556997,-0.001331088822003279,0.21928759175679502,0.0,0.0015,-0.11467481642228326,0.6020663958286201,0.24507043254615274,0.06281597346418663,-0.5130845010708328,-0.30225953000240013,0.0
2002-05-31,0.01940145226074896,0.01940145226074896,0.01487175660052431,0.5665257954826446,0.0,0.0014000000000000002,0.2426133834657607,0.64672298118132,-0.12017192204903497,0.06330275797164073,-0.32763332206355994,-0.48543242624537736,0.0
2002-06-30,-0.02623644995919804,-0.02623644995919804,-0.007288949609461026,0.15214307578210046,0.0,0.0013,0.34589056694531917,0.5161755486118063,-0.13790009995411842,0.027508316720162036,-0.30017996041159895,-0.4777308218707682,0.0
2002-07-31,0.013941459969726587,0.013941459969726587,-0.03563502705165478,0.3072023503493313,0.0,0.0015,0.2286792617785831,0.5764148268615845,-0.11551097061780778,0.05444240092231709,-0.46902198074957485,-0.2610620782253753,0.0
2002-08-31,0.011694892558091901,0.011694892558091901,0.010433158987546376,0.5887363249970397,0.0,0.0014000000000000002,0.2480885495621416,0.6298188744142214,0.06124301617099914,-0.49234529151267736,-0.12133857679438217,-0.3137716792822104,0.0
2002-09-30,-0.0017721605815057412,-0.0017721605815057412,-0.04407630862954959,0.4767826239352555,0.0,0.0014000000000000002,0.33579071011865486,0.5186661484751254,0.02561768195926624,-0.2924417680900406,-0.47017686073071757,-0.11922807231379416,0.0
2002-10-31,0.06380113556819336,0.06380113556819336,0.029076025631141977,0.09151626169847879,0.0,0.0014000000000000002,0.41623601247897146,0.588513114841642,0.03191938252840694,-0.33799310527494925,-0.4686033209349283,-0.16627094807094958,0.0
2002-11-30,-0.014161868298835308,-0.014161868298835308,0.02470264732376548,0.7818129042844348,0.0,0.0012,0.2396671298319951,0.5737730858143516,-0.2918166082419935,-0.11684353032855897,0.05839844627013597,-0.4773403916447653,0.0
2002-12-31,0.006938477698711969,0.006938477698711969,0.005356192545459937,0.19640929066328636,0.0,0.0011,0.21278785560882943,0.5544107358505881,-0.11026177559969394,-0.27468636290447956,0.05512136204071668,-0.4304333372972485,0.0
2003-01-31,0.014335098731819066,0.014335098731819066,-0.0052626591732434225,0.564106760698016,0.0,0.001,0.5754918659055334,0.06076824939222939,-0.10920262367633915,-0.2852187743338153,0.22892312409030638,-0.4564267426460954,0.0
2003-02-28,0.031735390274480545,0.031735390274480545,0.0009199299894242507,0.7581569822167824,0.0,0.0009,0.35326962362404707,-0.46201135537360416,0.027180023755058978,-0.28809312019140093,0.5326179396815708,-0.1312277212211913,0.0
2003-03-31,-0.021740887611713434,-0.021740887611713434,0.0007118765660765192,0.01965498790854902,0.0,0.001,0.3533099989071193,-0.4721321455107239,0.02687269657483964,-0.29223507054705483,0.4932723842714915,-0.1308287513073853,0.0
2003-04-30,-0.07390619864309175,-0.07390619864309175,0.04390266004896226,0.21953213590091708,0.0,0.001,0.4037022429986206,-0.3361726475900145,0.0315268764842877,-0.5516585231316518,0.5460977003942821,-0.16740184779861608,0.0
2003-05-31,0.00473474173293191,0.00473474173293191,0.04952453470403406,0.9867530427144486,0.0,0.0009,-0.4760601995123889,-0.15806982657468854,0.32128890957519507,-0.32261027123597424,0.4783569133925508,0.16182921608823775,0.0
2003-06-30,0.03754560911696908,0.03754560911696908,-0.0014577828712760699,0.19671154089203274,0.0,0.001,-0.45987387167165844,-0.11732327007377627,0.22634852196332317,-0.28301902980549043,0.613578149140076,0.057835109564495335,0.0
2003-07-31,-0.002559991780317786,-0.002559991780317786,-0.007534471300557399,0.5067954074421532,0.0,0.0007000000000000001,-0.15873350647864543,-0.31142132302306696,0.3128327614985031,-0.48869221348586606,0.4851696285627326,0.158284661146025,0.0
2003-08-31,0.02991546902135303,0.02991546902135303,0.006985041585706675,0.35829862592198164,0.0,0.0007000000000000001,-0.05864603040073194,-0.5913815891182461,0.2847811864200082,-0.2277382770737391,0.5082722839297669,0.11462789526429534,0.0
2003-09-30,0.005765097120798295,0.005765097120798295,0.03352236095528882,0.1603957984471468,0.0,0.0008,-0.0259863510226057,-0.5173493335592265,0.2991521449026396,-0.3550205538012762,0.4742375605271849,0.1307316300740818,0.0
2003-10-31,0.004100681593832013,0.004100681593832013,0.023960523498449016,0.1304219040835737,0.0,0.0007000000000000001,-0.1681848012799294,-0.5124304117627437,0.3400808335230434,-0.32505260781161555,0.49953149163737115,0.17015617728770616,0.0
2003-11-30,-0.032907083822487214,-0.032907083822487214,0.016213877431540347,0.7034890779274202,0.0,0.0007000000000000001,0.12124713239153427,-0.24092494698455375,0.49421429404866485,-0.6338012953105481,0.2898569182360696,-0.0634991862036537,0.0
2003-12-31,-0.009886759343406297,-0.009886759343406297,0.05063331442830643,0.025398697639670613,0.0,0.0008,0.13137643587572168,-0.2684283761176065,0.5326999889093313,-0.670296415500018,0.33282420458199935,-0.06806259709283392,0.0
2004-01-31,-0.019495785295150732,-0.019495785295150732,0.009052709710837714,0.7096075294419374,0.0,0.0007000000000000001,-0.33167455002042484,0.10881457445831696,0.3263271754004654,-0.5629400223220512,0.5516178476752006,-0.11164081048665768,0.0
2004-02-29,0.0031208654072756555,0.0031208654072756555,0.008914564156645488,1.765156895846208,0.0,0.0006,0.33393230843133315,0.11477329121341748,-0.11514150709455301,0.5554355084868899,-0.5504643905108488,-0.3354143451189632,0.0
2004-03-31,0.003323039646938704,0.003323039646938704,0.004575978160007654,0.6610899322648749,0.0,0.0009,0.5450391843128969,0.1108402906202293,-0.3211402428216642,0.3204943114762659,-0.12688508370243998,-0.5250254202383492,0.0
2004-04-30,0.021214486856313195,0.021214486856313195,-0.03202747580680698,0.23629943430310113,0.0,0.0008,0.5467765762148054,0.10426040323346464,-0.10968473938977644,0.33718661573113734,-0.3155395834209244,-0.5417847855123934,0.0
2004-05-31,-0.00025946908601446727,-0.00025946908601446727,0.008771320820335493,0.6500285429906214,0.0,0.0006,0.34001522977208565,0.1131332365533266,-0.5678585239581496,0.5647914498652413,-0.10884128729181718,-0.3414995740267013,0.0
2004-06-30,-0.006813419247214465,-0.006813419247214465,0.011190230158493408,0.4565385088942425,0.0,0.0008,0.5730441388577476,0.11159214080529212,-0.5620967645369972,0.3391711231670162,-0.353252707526535,-0.11527135001373824,0.0
2004-07-31,0.0025885265473851874,0.0025885265473851874,-0.018259505651387786,0.2447862061400255,0.0,0.001,0.33367701536775835,0.11601442174671436,-0.5686903435446446,0.555716397299562,-0.3245500320825301,-0.10957893223947475,0.0
2004-08-31,-0.011866823291641035,-0.011866823291641035,0.014722827915299774,0.7077832322454245,0.0,0.0011,0.11596217417795364,0.3514966374653301,-0.1165694439236321,0.5718543890030856,-0.5871060794263647,-0.34750450058801363,0.0
2004-09-30,0.05115846065526376,0.05115846065526376,0.016597170084819757,0.46299742245044695,0.0,0.0011,-0.11647404559212399,0.6141025454903546,0.11842327555205077,0.35367111906985954,-0.5597180935537047,-0.3588463403111724,0.0
2004-10-31,0.01868056992649387,0.01868056992649387,0.02721990404982977,0.7069465907147735,0.0,0.0011,-0.11047443893905282,0.34456335633515206,-0.33361950810970514,0.5565499444593331,-0.5537459999230772,0.11540721610384373,0.0
2004-11-30,0.010099681137691165,0.010099681137691165,0.0440652883664745,1.1871600829245579,0.0,0.0015,-0.624790452175766,-0.38726178636798825,-0.12707461152036842,0.6407435192052267,0.1254370846891947,0.3830459273073925,0.0
2004-12-31,0.004370229178300839,0.004370229178300839,0.027301244887431908,0.5283689989595437,0.0,0.0016,-0.6354707639689791,-0.3866779216034187,0.37755210158549984,0.6489668131651988,0.0,0.0,0.0
2005-01-31,-0.014018454498970058,-0.014018454498970058,-0.018009085671903957,0.5313213455976886,0.0,0.0016,-0.6000179934903669,-0.24582694411888464,0.12184316660164254,0.5947151686756397,-0.24398618919775159,0.35925433703075094,0.0
2005-02-28,0.022186848346944024,0.022186848346944024,0.0161741224137959,0.6068442450303897,0.0,0.0016,-0.6179366613806475,-0.12614850855620585,0.6350983958300953,0.1271925168759146,-0.37227589076078943,0.37625699633857684,0.0
2005-03-31,-0.004836494404005144,-0.004836494404005144,-0.016053159290623786,0.33567679643893766,0.0,0.0021,-0.6223973546023988,-0.03227608971311183,0.3569997491658342,0.16373797556266506,-0.4268617171313668,0.5559609423143727,0.0
2005-04-30,0.004835713949547505,0.004835713949547505,-0.002547047491848531,0.17054299804789216,0.0,0.0021,-0.5882543379155002,-0.19585588292130574,0.3958138573449714,0.19967208310454404,-0.3858502678764361,0.5793102622132742,0.0
2005-05-31,-0.026526745856050644,-0.026526745856050644,-0.001754488902569462,0.8186226320470775,0.0,0.0024,-0.8714717486313561,0.16916336719742023,0.8362253355613779,-0.17023092939226298,-0.5064125133294447,0.516199742738215,0.0
2005-06-30,0.026040969365390035,0.026040969365390035,-4.4818665406509695e-05,0.4551462533642751,0.0,0.0023,-0.7518077791432975,0.046233978459339554,0.8510672799606142,-0.4814175078638386,-0.2222109324645704,0.5841759304171429,0.0
2005-07-31,-0.015149176579949457,-0.015149176579949457,0.012260673131825772,0.7213384392354761,0.0,0.0024,-0.9226770763242498,-0.1813903092641877,0.5405370747743384,-0.5631670589831538,0.18078018310488725,0.9307680101124162,0.0
2005-08-31,0.00888913620275042,0.00888913620275042,0.013043921390037516,1.828321280045394,0.0,0.003,-0.17476211482899265,-0.5361824111729309,-0.9114740633385572,0.17953698306216698,0.5677758659205766,0.8839948765604876,0.0
2005-09-30,-0.03807054624554217,-0.03807054624554217,0.003509227003188009,1.1624281072010405,0.0,0.0029,0.19021947762878974,-1.0003609323743685,-0.5723398161669272,0.5827176132851433,-0.2053619199789373,0.9670550313607579,0.0
2005-10-31,0.07687156671782358,0.07687156671782358,-0.021193160657350774,1.550905346448772,0.0,0.0027,0.17849400214775163,-0.513820374404234,-0.8853507774460427,0.5584143918071267,0.9141875649363715,-0.1750532403231496,0.0
2005-11-30,0.02299007824352242,0.02299007824352242,0.011257917388529659,1.0542457837252115,0.0,0.0031,-0.1659373481934795,-0.49425658795951166,-0.8030368861119175,0.8275169932560599,0.165163238557027,0.4935406686953442,0.0
2005-12-31,0.032116133613043246,0.032116133613043246,0.017076521591678162,0.40736798476939373,0.0,0.0032,-0.51862868814925,-0.176229819248404,-0.8868263751301401,0.885059747748374,0.18861941832500098,0.5401218500674624,0.0
2006-01-31,0.014360122074325842,0.014360122074325842,0.029590668196876946,0.37023276567115515,0.0,0.0034999999999999996,-0.5321827933168487,-0.18645955257737612,-0.9200636735797311,0.9217046988536369,0.5471403080896502,0.18422113460499465,0.0
2006-02-28,-0.015187380782000891,-0.015187380782000891,-0.002952835120293318,0.3850743435850319,0.0,0.0034000000000000002,-0.544041673206565,-0.17815703564568447,-0.8955972194681713,0.5346796367977978,0.8867130749033006,0.18121583583732148,0.0
2006-03-31,0.024364316950040175,0.024364316950040175,0.006509549926963398,0.36762373831655076,0.0,0.0037,-0.179927105802362,-0.5369844086082033,-0.9149740518174481,0.5496335715491151,0.921330617824311,0.1852856938046274,0.0
2006-04-30,0.006348622148820969,0.006348622148820969,0.027651495465833342,0.7367414109062534,0.0,0.0036,-0.5385142788948929,-0.19284393229627497,-0.9391042858940986,0.94278766629569,0.5494719323526722,0.18455152058572524,0.0
2006-05-31,-0.016411757548056512,-0.016411757548056512,-0.009579427712649635,0.5198741666635291,0.0,0.0043,-0.8047750141665629,-0.19636994090719392,-0.5086838441131276,1.005706674820352,0.38642327111252256,0.10128709570595375,0.0
2006-06-30,-0.004243681215820788,-0.004243681215820788,-0.004859094337308245,1.0504625555955132,0.0,0.004,-0.17712260947040961,-0.5351875380744783,-0.8889667620182616,0.8864372518102489,0.17543757762032267,0.5351583989167571,0.0
2006-07-31,0.012192754076137544,0.012192754076137544,0.007211427147981286,0.5160335398616176,0.0,0.004,-0.20661303865053657,-0.8331835997919954,-0.5297206687059274,1.0643604180791881,0.10175024648718224,0.415599396658227,0.0
2006-08-31,0.013004609671107965,0.013004609671107965,0.018441261137778664,1.1927033303402625,0.0,0.0042,-0.5461790699551777,-0.9132182583414755,0.1816161500493193,0.5488272891424728,-0.18168898441313733,0.9236474831891064,0.0
2006-09-30,0.008458131914825874,0.008458131914825874,0.005252609709792022,0.37256978271816127,0.0,0.0040999999999999995,-0.9336893901304018,-0.5438801564698352,0.18117197965829399,0.5586499638075796,-0.18019470294024237,0.9264004379894316,0.0
2006-10-31,0.6851480861517905,0.6851480861517905,0.024292395617105722,1.4942266989466566,0.0,0.0040999999999999995,-0.7581713348330741,-1.1887365945956694,0.3855809871185034,0.0,-0.37250070852721834,0.7611454195419912,1.8578303174472577
2006-11-30,0.026798047090995706,0.026798047090995706,0.026168873440274742,2.208823537849886,0.0,0.0042,-0.07660489116499573,-0.15670505937846332,0.15374641703407016,0.0,-0.2275972410869481,0.0780432737067487,0.255915547980584
2006-12-31,-0.0024082854445646572,-0.0024082854445646572,0.0027610531237172165,0.09674185565576637,0.0,0.004,-0.07559187678525112,-0.15442906345391724,0.07612902218622629,0.0,-0.22850763178700753,0.15397514179553753,0.22601612259984738
2007-01-31,0.019990062560971817,0.019990062560971817,0.000610869102998679,0.1583471784098895,0.0,0.0044,0.07550300607874796,-0.14925324212788643,0.0,-0.07602798069550747,-0.2264176531877229,0.14872536073704495,0.24746057175629568
2007-02-28,-0.0330234794233816,-0.0330234794233816,0.007524035992735545,0.3128239215121683,0.0,0.0038,0.2193193156325822,-0.1542579917074267,0.0,0.07340424220408476,-0.2322517083646581,0.14866687840268306,-0.0879042155906468
2007-03-31,-0.0005421138626771492,-0.0005421138626771492,0.011415016497603014,0.09408259807455718,0.0,0.0043,0.14445441701753728,-0.15212424378131198,0.0,0.07383805401152807,-0.21378100261788735,0.22195709496341712,-0.0748864334559603
2007-04-30,0.0353186108175403,0.0353186108175403,0.029820303782732482,0.0801019114291714,0.0,0.0044,0.1492426592328394,-0.07537259306105323,0.0,0.07649030990424303,-0.20932178064168097,0.2324020367512366,-0.1381220213680445
2007-05-31,0.01814206646295332,0.01814206646295332,0.007622178357741927,0.5130491662474306,0.0,0.0040999999999999995,0.0,0.2153987427680102,-0.14245515208043508,-0.06963467496373252,-0.2149550937690938,0.1441310325006733,0.08565721200753125
2007-06-30,-0.04819212700354124,-0.04819212700354124,-0.006716283484492047,0.294582139011894,0.0,0.004,0.0,0.21627116528618368,-0.1432675790319711,0.06916310286283024,-0.07055120172386162,0.14170092794849573,-0.2615085423452182
2007-07-31,-0.009625273153595477,-0.009625273153595477,-0.00016930849875829157,0.12377942593513877,0.0,0.004,-0.0631784367070822,0.19361223761677715,-0.12717838867093426,0.0638206547713107,0.0,0.1269933569896586,-0.20369469715332544
2007-08-31,-0.019327507716831158,-0.019327507716831158,0.006926645498760875,0.2642414761663294,0.0,0.0042,-0.1975874406911306,0.1900774414770692,-0.06419391335728679,0.1300165134905652,0.06332766196055375,0.0,-0.14096777059660193
2007-09-30,0.061138880593627015,0.061138880593627015,0.0376846954983987,0.06287307275784706,0.0,0.0032,-0.13259645084180396,0.21851741033020214,-0.06636861925939384,0.1333413723398766,0.06561076010187494,0.0,-0.15736559207712886
2007-10-31,-0.00023221089450993146,-0.00023221089450993146,0.024578338074680905,0.1094585034993438,0.0,0.0032,-0.12139542869121381,0.19368838334247182,0.0,0.12146627041923738,0.0595584007918855,-0.062294335212498414,-0.19125550154439241
2007-11-30,0.015420910427379007,0.015420910427379007,-0.010801470035733063,0.25297642399646575,0.0,0.0034000000000000002,0.114548214094205,0.16602805344713686,-0.056897451681985366,0.0,0.05917670529301378,-0.11938842112665927,-0.14804618959833202
2007-12-31,-0.011824822269677973,-0.011824822269677973,-0.009231795574268453,0.14209740326660947,0.0,0.0027,0.0,0.17215071943727947,-0.05744001509292483,0.05726609410463786,0.11278889222639425,-0.11961840665969187,-0.17697210628537285
2008-01-31,0.023046991764501205,0.023046991764501205,-0.025390870037274915,0.1830512465494029,0.0,0.0021,-0.11088101368471767,0.1613139106625906,0.054191517738280355,0.0,0.11521821844894614,-0.051612482346893765,-0.14518315905370446
2008-02-29,-0.004399254870938821,-0.004399254870938821,0.008931692705318017,0.09110740756685662,0.0,0.0013,-0.11390726530111374,0.1829902523327887,0.11698552175187256,0.0,0.05913878084812506,-0.05875046460096951,-0.19085607990164188
2008-03-31,0.0036541482950866386,0.0036541482950866386,0.010966861034271025,0.012706619090048735,0.0,0.0017000000000000001,-0.1171961356309666,0.16567177364767222,0.11516423273664503,0.0,0.05711678744276759,-0.059929550969595534,-0.15717295893143607
2008-04-30,0.023797082196228156,0.023797082196228156,0.010939850944766683,0.11581663331926657,0.0,0.0018,-0.12342911239197583,0.18952869643390302,0.12572295045232046,0.0,0.0627872360416573,-0.184604838679972,-0.0462078496597048
2008-05-31,0.008771196725395553,0.008771196725395553,0.001787283863046829,0.31149834319961844,0.0,0.0018,0.05925792443239647,0.12105844280696143,0.1738338728121293,-0.05858106430717281,0.0,-0.11749857819560769,-0.16929940082331116
2008-06-30,0.0006418839161532793,0.0006418839161532793,-0.04031100802057119,0.12554394036240776,0.0,0.0017000000000000001,0.05426186177677974,0.10810917039324335,0.16687077415329815,-0.028074687092315753,-0.11076334667006396,-0.026730214068116796,-0.16303167457667148
2008-07-31,0.01355544819676072,0.01355544819676072,-0.011343954126205924,0.1638497579793335,0.0,0.0015,0.11756320895853424,-0.02802685140847436,0.1698496935425354,0.05939254124984503,-0.11538475471478751,-0.029433036353477358,-0.16040535307741471
2008-08-31,0.05188753383839973,0.05188753383839973,-0.016745445821676253,0.18143149528630925,0.0,0.0013,0.17899552252109308,-0.11087305823050857,0.11297388407511731,0.056542815911820504,0.0,-0.05525417409884264,-0.13049745634027995
2008-09-30,-0.028446068251305814,-0.028446068251305814,-0.06597605634725823,0.0804342526811436,0.0,0.0015,0.1540400341567364,-0.04706171779740282,0.09693083963438501,0.05132714509363167,0.0,-0.09821058943884649,-0.18547177989980956
2008-10-31,-0.02237105348756518,-0.02237105348756518,-0.10131355099831318,0.13084684124678536,0.0,0.0008,0.13543611999798327,-0.039526518837911855,0.08716738474213111,0.048269214947092944,-0.09273722192092365,0.0,-0.160980032415937
2008-11-30,-0.028139671321033705,-0.028139671321033705,-0.006613744759143336,0.520531412546297,0.0,0.0003,0.0,0.13080140214384697,-0.20052342297615683,0.19468724798911471,0.0719341702751573,-0.06698916642399835,-0.1580499023289975
2008-12-31,0.020569462029905075,0.020569462029905075,0.0554356770971014,0.35554743264486566,0.0,0.0,-0.14226988254065,0.07602192271517266,-0.20628854325386456,0.15356404689747685,0.0,-0.07876502710903335,0.21830694532080347
2009-01-31,0.04991093763687976,0.04991093763687976,-0.06090081147641435,0.301404992676682,0.0,0.0,0.06405022486981309,-0.11835116093731742,-0.19503436722088285,0.12246450100177239,-0.06451709288979797,0.0,0.2412988328132925
2009-02-28,0.010314353159260367,0.010314353159260367,-0.05747671933025578,0.2131851663082831,0.0,0.0001,0.17933833980794656,-0.06423860110381556,-0.18489722642733325,0.059519009344103695,-0.11851473361562179,0.0,0.1391075651539807
2009-03-31,0.0005696578267731728,0.0005696578267731728,0.044150762617619854,0.09266844672014042,0.0,0.0002,0.22620628054799888,-0.15967193112125086,-0.21411877504605753,0.07465009274602218,-0.0705355639707072,0.0,0.14403955467076768
2009-04-30,0.004101750513569365,0.004101750513569365,0.04329354048696654,0.1661350297415202,0.0,0.0001,0.2276291140287975,0.0,-0.2326553427064977,0.07427926903461847,-0.1507434680944376,-0.08084188966957753,0.1664340679206662
2009-05-31,0.0031250526543292953,0.0031250526543292953,0.05704479693938258,0.21981250447162762,0.0,0.0,0.14919813906434715,0.07825600281797293,-0.1613479316601296,0.0,-0.23363640923118634,-0.07933451972603325,0.2499897713893584
2009-06-30,-0.0549367764825357,-0.0549367764825357,-0.0010359375830089057,0.05009491502639524,0.0,0.0001,0.14223975465481128,0.07409385024918314,-0.14003013366703507,0.0,-0.2180055889597714,-0.06946125973565312,0.15622660097592947
2009-07-31,0.004125324531049456,0.004125324531049456,0.04587420128584596,0.10024688316042603,0.0,0.0001,0.0748529057001307,0.15465153731553635,-0.15315734056006838,0.0,-0.21967687628421004,-0.07756622588112043,0.22502132424078128
2009-08-31,0.011743976397661048,0.011743976397661048,0.029345260561444375,0.15918813442180121,0.0,0.0001,0.07256727146631778,0.15086170859930922,-0.22033289746624216,-0.07397461344443164,-0.14380605768450072,0.0,0.22642856492720856
2009-09-30,0.022416848497091187,0.022416848497091187,0.030475927964169314,0.015517434350496677,0.0,0.0001,0.07406937189233012,0.15859279732953413,-0.21944906379954637,-0.07418636997337244,-0.14074369498887682,0.0,0.22413380803702257
2009-10-31,0.0034641458673703284,0.0034641458673703284,-0.007236555507759035,0.09103050798122167,0.0,0.0,0.07759160246113968,0.1567389921045004,-0.23924253917335112,-0.1587012084126248,-0.07742682551589877,0.0,0.24450412440360494
2009-11-30,-0.026697606641690148,-0.026697606641690148,0.035934488404395504,0.08458989990490613,0.0,0.0,0.16779407225959683,0.08156948444146246,-0.2461330173689773,-0.1603203983123912,-0.07756316556618613,0.0,0.20795541790480518
2009-12-31,-0.001626012661576636,-0.001626012661576636,-0.020050953989246723,0.10755442314589336,0.0,0.0001,0.15810896726167215,0.07947459335079639,-0.23830272212597545,-0.1581451772939274,0.0,-0.07892379126637197,0.23616211741222964
2010-01-31,0.019390157763150492,0.019390157763150492,-0.01814797878509966,0.08149988580638232,0.0,0.0,0.15093406327699677,0.0722124833813843,-0.14912078400645926,-0.22603781190338332,0.0,-0.07076851755886536,0.24217072457347738
2010-02-28,-0.011515619590427625,-0.011515619590427625,0.007916683652136047,0.3219914788957358,0.0,0.0,0.0,0.08070755194766088,-0.23444578497098306,-0.08123609308013814,0.160746794842678,-0.1524540661649427,0.21516597783529737
2010-03-31,-0.03824290546815039,-0.03824290546815039,0.018826384703533483,0.24721215658555273,0.0,0.0001,-0.2533559347486663,0.08628464055154618,-0.16841934063749356,-0.04212981892718182,0.16763582317454231,-0.042506399643356396,0.21424812476245922
2010-04-30,-0.005245482784311015,-0.005245482784311015,-0.0016121623446596622,0.12628133067380162,0.0,0.0001,-0.23041770658162222,0.07539950722561527,-0.14935584377729075,-0.07147359449071287,0.22668545504103316,0.0,0.1439166997986664
2010-05-31,0.02829635328057619,0.02829635328057619,-0.05016807296540693,0.3764316664718992,0.0,0.0001,-0.14209154111096303,-0.19418533909028413,-0.0691711799902358,0.0,0.21371691738533924,0.13546396709165184,0.08456352899506805
2010-06-30,0.011146798254795934,0.011146798254795934,-0.00566764773747408,0.29843651187592757,0.0,0.0001,-0.07196788467923727,-0.14680211778116278,0.0,0.07876102345916568,0.22416699866669865,0.14995161327040624,-0.22296283468107458
2010-07-31,0.002288231590024853,0.002288231590024853,0.05602284401903579,0.08190788079408898,0.0,0.0001,-0.08113043663008931,-0.2543121296886677,0.0,0.07986054547551312,0.23543103908881752,0.17257530637534324,-0.150136093030892
2010-08-31,-0.04118982671958437,-0.04118982671958437,-0.005622721748295145,0.1839172568030723,0.0,0.0001,-0.0728594237212261,-0.1477120886318904,0.07398452668090874,0.0,0.22247896504553535,0.14143758826207373,-0.25851939435498567
2010-09-30,0.03397606416443459,0.03397606416443459,0.05401498499005508,0.10790227046848822,0.0,0.0001,-0.09066874459955106,-0.18835925673647194,0.18211364837598085,0.0,0.26217625675123585,0.09400038527423812,-0.22528622490099726
2010-10-31,0.01408690333039618,0.01408690333039618,0.024511799107974186,0.044416806900282886,0.0,0.0001,-0.08703883779434521,-0.17225434451547822,0.1748771246633754,0.0,0.25441225472650425,0.0888499778848979,-0.24475927163455793
2010-11-30,-0.004356843422649379,-0.004356843422649379,-0.035641180625231916,0.012152389059876381,0.0,0.0001,-0.08622290194216142,-0.1667961578610921,0.1643447935424363,0.0,0.26513788471387784,0.07551207155652646,-0.2563325334322365
2010-12-31,0.007607433494519848,0.007607433494519848,0.04353733766643564,0.02817367205902096,0.0,0.0001,-0.09516711192908445,-0.19576931591010882,0.19094336213302404,0.0,0.286084416174881,0.09558079064396081,-0.2740647076181527
2011-01-31,0.012441046733981893,0.012441046733981893,0.010743508941234214,0.025985687082070212,0.0,0.0001,-0.09259983722781674,-0.1763867644847995,0.18417482990585107,0.0,0.274575071266816,0.0989812518966678,-0.27630350462273673
2011-02-28,0.007561244029573142,0.007561244029573142,0.0190644575543637,0.3308074663072107,0.0,0.0001,-0.10472609705950547,-0.21092944034683947,0.3154027224267228,0.10531345507405818,0.0,0.20763851867020358,-0.30513791473506646
2011-03-31,0.01651330035452913,0.01651330035452913,-0.003051022737709519,0.42122625735625474,0.0,0.0001,0.30541769340097846,-0.20810036653676167,0.1999200304299085,0.0,-0.09232894187024643,0.1017016727039107,-0.2900967877732604
2011-04-30,0.012238833209917728,0.012238833209917728,0.03750411430851641,0.10876592815436417,0.0,0.0,0.31213825900013814,-0.21111481145653824,0.21539218814992667,-0.11135470775443228,0.0,0.10943635223127109,-0.3022584469604477
2011-05-31,0.00505060744929825,0.00505060744929825,-0.010207354123056067,0.3147942987783079,0.0,0.0,0.1992624368974285,-0.09613951521227995,0.294356001001837,0.0,-0.19835332373389325,0.09469509459999631,-0.28877008610379035
2011-06-30,-3.1201843581173463e-05,-3.1201843581173463e-05,-0.0063450298526877,0.11740410110629983,0.0,0.0,0.09907819300458769,-0.09924479685742044,0.2944202381816977,0.0,-0.20669318113477914,0.20293697029200228,-0.2905286253296692
2011-07-31,0.012729657551644593,0.012729657551644593,0.0034492578744269586,0.24492146111217217,0.0,0.0,0.0,-0.12076953146521927,0.37201290973797924,0.12393633257081814,-0.25568346148972987,0.2302651213513288,-0.33703171315353236
2011-08-31,-0.03439247039662392,-0.03439247039662392,-0.021754568971800836,0.7108449248878657,0.0,0.0001,-0.11675504461850787,0.353977433126703,0.0,0.22949043762084645,-0.34269744993792806,0.10628135934651567,-0.2646892059342531
2011-09-30,-0.0652789958437307,-0.0652789958437307,-0.04901482962333048,0.03732563836759723,0.0,0.0,-0.11146047470360348,0.3037542208319045,0.0,0.2141965586184926,-0.35430018844183336,0.10581372908242566,-0.22328284123111658
2011-10-31,0.09785895533863119,0.09785895533863119,0.0475102549953923,0.13537558183675447,0.0,0.0,-0.12382810936340287,0.3909128263428487,0.0,0.12037214285090919,-0.3320104582626607,0.256379623708287,-0.21396706993735012
2011-11-30,-0.03424234265521204,-0.03424234265521204,-0.019006452021246845,0.22969297603894584,0.0,0.0,-0.18213194846488828,0.2544301820614373,0.0,0.08581772328152608,-0.26382909891060125,0.17151452163938644,-0.10004372226207232
2011-12-31,-0.014949792955009164,-0.014949792955009164,0.004668350049285452,0.11626653841231707,0.0,0.0,-0.1833749688857185,0.26695460914858016,-0.09089390724072247,0.09331875400598379,-0.27520547943277607,0.1742511994496439,0.0
2012-01-31,0.011984118691594704,0.011984118691594704,0.030687669362053693,0.1000362389092985,0.0,0.0,-0.09414855953718403,0.2939304491887542,-0.18665053803179713,0.09178643665273888,-0.2835736806154813,0.19064001103456416,0.0
2012-02-29,-0.0017834858819838848,-0.0017834858819838848,0.017398497865686924,0.6580796845632001,0.0,0.0,-0.28452430670440465,0.2813405345267273,-0.0954161653636838,0.0,0.09434979386459351,-0.19275417095962796,0.1952208287544117
2012-03-31,-0.014209293141701416,-0.014209293141701416,0.0009502302630670645,0.11481186157175687,0.0,0.0,-0.28314284090750913,0.2667689968535661,-0.09052741698983581,0.0935294910326445,0.0,-0.1798977467340275,0.17906022360346044
2012-04-30,0.015557133960159918,0.015557133960159918,0.002632070912530926,0.2986013020731118,0.0,0.0,-0.2866603170494396,0.29335931065969195,0.09743698244430664,0.0,-0.1850659589058903,-0.08953348545319234,0.18602060226468356
2012-05-31,-0.016074270539584285,-0.016074270539584285,-0.04326212620198311,0.671656940677629,0.0,0.0001,-0.09026735601421453,0.24941404544981308,0.0,0.08630502891307024,0.17619080113160618,-0.2510176572135679,-0.18669913280629136
2012-06-30,-0.01152826276812173,-0.01152826276812173,0.02343200744667273,0.2543795167787086,0.0,0.0,-0.2039777300391069,0.3103971133650111,-0.10490745996918656,0.10414225797120505,0.20668356212062405,-0.32386600621666845,0.0
2012-07-31,0.011191691928397647,0.011191691928397647,0.011216697687921773,0.2280766131352241,0.0,0.0,0.0,0.31464280286359525,-0.19878259577751664,0.10068492951438306,0.19107992704173937,-0.2952434153544415,-0.10118995635936191
2012-08-31,-0.022113837002648646,-0.022113837002648646,0.016022967103475283,0.3120034682152587,0.0,0.0001,0.09989699335704888,0.2934884573194836,0.0,-0.1996501516408032,0.1929904694511297,-0.3133930493226776,-0.09544655616683
2012-09-30,-0.006305219899839131,-0.006305219899839131,0.019738222218502077,0.12465339753551555,0.0,0.0001,0.10708423033784399,0.3199004728969183,-0.10709137007831873,-0.21612198734136018,0.2146734795917305,-0.32475004530665297,0.0
2012-10-31,-0.01153700936550562,-0.01153700936550562,-0.0063943415003913096,0.010828109550351593,0.0,0.0001,0.10717797624875473,0.33659805543600696,-0.11011895155188471,-0.22339532782450713,0.2150047102963794,-0.33680347197025484,0.0
2012-11-30,0.0022215705218786505,0.0022215705218786505,0.0056209185518383276,0.6673165858015578,0.0,0.0001,0.3316530561256125,0.11072677161406137,-0.11132568510109961,0.0,-0.2242617879549367,-0.3405534010413501,0.23598261687959118
2012-12-31,-0.021079964975125366,-0.021079964975125366,0.004262503748241997,0.23659532101846173,0.0,0.0001,0.3323620763109108,0.22501508676841378,0.0,-0.11147383951025167,-0.23273754988030265,-0.3408359097265192,0.1065901710626236
2013-01-31,-0.020636173230301848,-0.020636173230301848,0.018077085770568324,0.24027651717445617,0.0,0.0,0.3445418186469641,0.0,0.22851795313915912,-0.11959271408438957,-0.2240325886377654,-0.3489683991344097,0.09889775684013957
2013-02-28,0.002128866001662246,0.002128866001662246,-0.005018977206025732,0.36495322852375656,0.0,0.0,0.11067505821162851,-0.11244771622303541,0.212217775350128,0.0,-0.2236825623304256,-0.3067069875901804,0.3220732985835471
2013-03-31,0.022213762357268706,0.022213762357268706,0.010487448866247195,0.22651965334266366,0.0,0.0,0.3406580924747742,-0.10858423303539429,0.11059108953336057,0.0,-0.23115226158918095,-0.31979301782375774,0.2304940927974669
2013-04-30,-0.06721462928272537,-0.06721462928272537,0.02151764148337909,0.13334053043975203,0.0,0.0,0.3329239917014346,-0.1128256511534616,0.0,0.11369737354572061,-0.23648369823289564,-0.3504169590393745,0.1858903138958511
2013-05-31,0.04358927951528417,0.04358927951528417,-0.016093652656552826,0.6317564240537634,0.0,0.0,0.10247934124547797,-0.1769865743424264,0.20143889915003754,-0.09836177977281899,-0.2819623698664457,0.0,0.2969817631014597
2013-06-30,-0.011242758003278461,-0.011242758003278461,-0.015392523383560675,0.28941807656244645,0.0,0.0,0.18657782336408868,-0.1753246687877209,0.2683271052112744,-0.0922622145443862,-0.2876653493814534,0.0891045461349189,0.0
2013-07-31,0.013374610898605845,0.013374610898605845,0.03392231934868084,0.37663124833903894,0.0,0.0,0.09939279234143188,-0.29293774542135015,0.20141086239976203,-0.09847920042551449,-0.19018857153868676,0.0,0.29417647354296333
2013-08-31,-0.0029826069622883593,-0.0029826069622883593,-0.013030174086485324,0.48117469181235395,0.0,0.0,-0.09152931834812882,-0.2870739562739782,0.2816354525884172,0.09333460835316709,-0.1849384768707114,0.18558908358894577,0.0
2013-09-30,-0.0022235466968722854,-0.0022235466968722854,0.035822545331181566,0.011499940631871493,0.0,0.0,-0.09839451788178608,-0.3063955612524728,0.30187120245605914,0.10148699411181568,-0.20840661828678247,0.20761495415629422,0.0
2013-10-31,0.006848914611416913,0.006848914611416913,0.025439243174733672,0.00821391109239051,0.0,0.0,-0.10682081405225421,-0.3220263479134348,0.31710459738642055,0.10503294861106412,-0.20458127312825616,0.21813980370787744,0.0
2013-11-30,0.030132722084303645,0.030132722084303645,0.004631593082167207,0.6770495241981026,0.0,0.0,-0.28319343400929897,-0.390081987264086,0.13889884399784608,0.0,0.41638813131547564,0.2769447457155838,-0.12882357767121697
2013-12-31,0.016465694162568115,0.016465694162568115,0.00751154421363931,0.1635189893154976,0.0,0.0,-0.2879029489990314,-0.41559977893945543,0.1444743399492695,0.0,0.28243928971952725,0.43191731589242693,-0.13886252346016875
2014-01-31,-0.015200906265467645,-0.015200906265467645,-0.014356024389216682,0.2961357960803155,0.0,0.0,0.0,-0.3997852019144559,0.13472206685587862,-0.13750388522294932,0.26965250511668454,0.4008750384213514,-0.28316142952197704
2014-02-28,0.014725214870402608,0.014725214870402608,0.03390163083371789,0.42383871056853084,0.0,0.0,0.1482787525211412,-0.3036669212838317,0.3024096011607319,-0.15201118209463335,0.0,0.45256732017691764,-0.4328523556099231
2014-03-31,-0.015762093544459555,-0.015762093544459555,0.0007858374219544828,0.052191517493915054,0.0,0.0,0.1417330649082446,-0.29169099273559446,0.27328083794721925,-0.1404307244071625,0.0,0.4247442204499566,-0.42339849970712307
2014-04-30,0.006588790098646222,0.006588790098646222,0.010868129071726518,0.28357273471656486,0.0,0.0,0.0,-0.4302619170505618,0.29470875187398876,-0.14358163608820382,0.1369915558782091,0.4330993563477206,-0.2843673208625066
2014-05-31,-0.04087856702040634,-0.04087856702040634,0.012976794400821223,0.2966252349361279,0.0,0.0,-0.14684552327553999,-0.28960515144808113,0.2885722457579375,0.0,0.14976255773497066,0.43637166897317486,-0.47913436476286825
2014-06-30,-0.0007509449201238572,-0.0007509449201238572,0.013690897516008604,0.605540604528205,0.0,0.0,0.14289938351102102,-0.4175917650693789,0.2829222394040081,0.0,-0.2957195039832945,0.42121767104225916,-0.1344789698247388
2014-07-31,-0.04438847028534314,-0.04438847028534314,-0.012858353904379949,0.43231892141689326,0.0,0.0,0.0,-0.2885728460411107,0.27645451043804853,0.13507726578871806,-0.14175850791080585,0.3979861802474972,-0.42357507280769036
2014-08-31,0.0033476115120002784,0.0033476115120002784,0.014517761875532331,0.9598253384542671,0.0,0.0,-0.14202776660031416,0.0,0.4096068741526647,-0.2777442782028849,-0.3999255001946992,0.27222157385491497,0.14121670850231882
2014-09-30,-0.05160276506611679,-0.05160276506611679,-0.029458610320967638,0.2946474563777537,0.0,0.0,0.0,0.12217417302582091,0.3968635575384501,-0.27299997936006093,-0.4130543126222694,0.2728435289249959,-0.15742973257305343
2014-10-31,-0.01886324690150039,-0.01886324690150039,0.0026949748156064324,0.29116355043347586,0.0,0.0,0.13471039929983547,-0.1383503451160779,0.3835159370356034,-0.2608552858611388,-0.3892128091619397,0.2513288569022172,0.0
2014-11-30,0.04809136422937106,0.04809136422937106,0.009042282629081466,0.27296702229507813,0.0,0.0,0.1348508117163755,-0.2457582079412234,0.39803220717013577,0.0,-0.3924887383708165,0.27255858096458785,-0.11910328930968819
2014-12-31,-0.019919467435775315,-0.019919467435775315,-0.011731933931571126,0.04880148114188425,0.0,0.0,0.12217755771336017,-0.2395759212749377,0.3585388646378006,0.0,-0.3650056963615838,0.23090813881370748,-0.12696241096412203
2015-01-31,0.008313042135546019,0.008313042135546019,-0.01132763900826017,0.26622669991949094,0.0,0.0,-0.11927303249290314,-0.24101570513361237,0.36605396039419175,0.0,-0.37762090017425826,0.24553658598743933,0.13463213355468875
2015-02-28,0.048639697805954264,0.048639697805954264,0.028288654132561986,0.36662554029709415,0.0,0.0,-0.26225131634568705,-0.13309161031434025,0.13153628520900404,0.0,-0.3934220687918623,0.263658651370596,0.4422097566782438
2015-03-31,-0.010511751518424017,-0.010511751518424017,-0.013265340774319623,0.4163345826699305,0.0,0.0,-0.11478796404120169,-0.22649313119835296,0.0,0.11703058349307321,-0.35536466389816684,0.3462686318065386,0.22283479231968564
2015-04-30,0.021418692957229177,0.021418692957229177,0.018477208770227183,0.4681544076419358,0.0,0.0,-0.23866285895538517,0.0,0.25173207678575826,0.12289137017838503,-0.3661130894878559,0.3644914065292755,-0.1129202120929485
2015-05-31,-0.026407074046695095,-0.026407074046695095,-0.007268971408264657,0.9100263697202793,0.0,0.0,0.41613552411615995,-0.13318660297836526,0.0,-0.2803839325303034,-0.4166066317250182,0.26753065170514984,0.12010391736568198
2015-06-30,0.011395329286610837,0.011395329286610837,-0.014563149101220807,0.3247264768946414,0.0,0.0,0.43503277103116095,0.0,0.14325991775910427,-0.28364436079050037,-0.44063639338999633,0.2906840577329168,-0.13330066305607446
2015-07-31,-0.0021262394605688394,-0.0021262394605688394,0.012662186107573747,0.3188693167504884,0.0,0.0,0.455278167528428,0.2951953250519859,0.15126993089433635,-0.30800045706796036,-0.4469883683983342,0.0,-0.14888083746902459
2015-08-31,-0.05840462732761372,-0.05840462732761372,-0.036578403964898865,0.9043586228221749,0.0,0.0,0.2823350013484628,-0.13389965331518353,0.13804355469932325,-0.27992742259109993,0.42629483156840287,0.0,-0.4912509390375192
2015-09-30,-0.011465114253309731,-0.011465114253309731,-0.017389772919762514,0.3240050706743891,0.0,0.0,0.2717635438419105,-0.2671091581489916,0.1338362378846177,-0.4027510148644201,0.3922468738584942,0.0,-0.1394515968249204
2015-10-31,0.02835607999125859,0.02835607999125859,0.04421588814634103,0.15958101776543915,0.0,0.0,0.30248818895302815,-0.1482337939147693,0.14921745245124496,-0.4340816771052109,0.45718924019686347,0.0,-0.2982233305898978
2015-11-30,0.05341136010774036,0.05341136010774036,-0.01133028081744547,0.3496393001537649,0.0,0.0,0.2733273235321733,0.13668780676398018,0.0,-0.3959518094483877,0.4067169199564102,-0.13451958318285714,-0.23284929751357847
2015-12-31,0.007339109318927799,0.007339109318927799,-0.006140826386529352,0.2910108742436017,0.0,0.0001,0.127318100875026,0.26728456606539175,0.0,-0.2640292528931282,0.3882154600335025,-0.1256497854894031,-0.3857999792724612
2016-01-31,-0.06449179423434498,-0.06449179423434498,-0.02839733338974293,0.39850800745519865,0.0,0.0001,0.24685273154866844,0.0,-0.12178627278338107,-0.23634667016689573,0.3621185820191808,0.1193504166476947,-0.43468058149961214
2016-02-29,-0.0055346108119354335,-0.0055346108119354335,0.009180555579225258,0.4049350322954868,0.0,0.0002,0.11925501789172319,0.2365147599814499,-0.11768639498399568,-0.3494095846845228,0.3430533884389111,0.0,-0.2372617974555011
2016-03-31,0.0340449464806325,0.0340449464806325,0.049592742907238474,0.24760542206782005,0.0,0.0002,0.0,0.268713823947666,-0.12665290711777383,-0.250235925032502,0.3825119219070836,0.12899291787500575,-0.369284885098847
2016-04-30,0.0036539244259033575,0.0036539244259033575,0.014708901082076453,0.4145212807928548,0.0,0.0001,-0.3499496298441215,0.23789317392532125,-0.12001085823606535,-0.23936063039471844,0.3564208565643033,0.1186610124111841,0.0
2016-05-31,-0.007877518135573672,-0.007877518135573672,-0.0029884054616847733,0.5948481090329629,0.0,0.0001,-0.35500017302199527,0.1138497581231707,0.0,0.23257765402212216,0.3545253984271839,-0.11613089078178311,-0.23769926490427207
2016-06-30,-0.014598455151738746,-0.014598455151738746,0.010097108757903817,0.2400451658235283,0.0,0.0002,-0.3584341869892119,0.2384279600994887,-0.11366430459789982,0.11869437536853387,0.34783169561606353,0.0,-0.2474539946487131
2016-07-31,0.03933324922471838,0.03933324922471838,0.025843908428442974,0.013320959732569318,0.0,0.0002,-0.3695187252759694,0.25798172133404884,-0.12306584718056636,0.12192931125474511,0.38308276709853334,0.0,-0.23107597800607313
2016-08-31,-0.015720458051344047,-0.015720458051344047,-0.003043899843917175,0.48660281463982313,0.0,0.0002,-0.3544668656020292,0.34424506305049873,0.0,0.23452260437023478,-0.11720041147233735,0.1199588834975922,-0.2427797318953032
2016-09-30,-0.008062325734776478,-0.008062325734776478,0.0061005113075989215,0.010618701050926875,0.0,0.0002,-0.3515135877262646,0.35989779380714987,0.0,0.23588839698423428,-0.11985179007586891,0.11727864239410503,-0.24976178111813208
2016-10-31,-0.016669903726116823,-0.016669903726116823,-0.025700331619002204,0.274341753007884,0.0,0.0002,-0.3638863586412833,0.3596109522381826,-0.1177560352059967,0.23412837398173078,-0.2518404603923976,0.12307362429364742,0.0
2016-11-30,-0.007103286678770494,-0.007103286678770494,-0.011538708846773882,0.37354431611279304,0.0,0.0001,-0.38501516658255336,0.3710999246358875,0.0,-0.12112786095734672,-0.24055714348394017,0.23910982653240212,0.12938713317678013
2016-12-31,-0.0033431680232282575,-0.0033431680232282575,0.011340675884709661,0.2583085380402882,0.0,0.0003,-0.3988010340979117,0.2658944506128513,0.0,-0.1369768515175503,-0.2634551406193766,0.13994789764539564,0.39004750995336335
2017-01-31,-0.0026895044756196453,-0.0026895044756196453,0.01854035921840924,0.3286030009319362,0.0,0.0004,-0.4062587046363485,0.413308961804384,-0.13548235651344354,0.0,-0.27468130232802407,0.20152162416437447,0.198902273033438
2017-02-28,0.006750700341957773,0.006750700341957773,0.018361285280297457,0.8150776112400062,0.0,0.0004,-0.2746043889538396,0.41151826434428335,0.0,-0.4023504138949878,0.2698413627559904,0.13363500890249497,-0.13128913281198354
2017-03-31,-0.005202286420308131,-0.005202286420308131,0.007467651996981406,0.3053441166469111,0.0,0.0003,-0.28542124840693583,0.43974908376144395,0.2915343405960523,-0.4421143657767036,0.14278244869714965,0.0,-0.1517325452913146
2017-04-30,-0.014550658208690235,-0.014550658208690235,0.014385420885825395,0.44846331916071447,0.0,0.0005,-0.288799361462099,0.42467931363863837,0.0,-0.44258461852650943,0.14462367984775967,-0.14933052958515117,0.29686085787867134
2017-05-31,-0.03545287405838099,-0.03545287405838099,0.020150785839515795,0.16098701714246694,0.0,0.0006,-0.29503265461001216,0.42167137141467975,0.0,-0.4624503617577165,0.30094165274737467,-0.15206551128855017,0.15148262943584342
2017-06-30,0.01800017099175111,0.01800017099175111,0.002022089092722723,0.308049632318505,0.0,0.0006,-0.2896562725999748,0.14769247709614894,0.0,-0.4307376861701272,0.29175369059877415,-0.1416493583076476,0.4405973203745776
2017-07-31,-0.010062857714999734,-0.010062857714999734,0.022005885679033055,0.29837698433971593,0.0,0.0007000000000000001,-0.29189192346443094,-0.1491138916204507,0.1465226887058061,-0.4332680451055299,0.29281084304575794,0.0,0.42487747072384774
2017-08-31,0.03384771798476196,0.03384771798476196,0.00584148243217264,0.4382668115728443,0.0,0.0009,0.14313163961256112,-0.28552294078893387,-0.14214915195154829,-0.4256046980753145,0.28697224332499166,0.0,0.4570206258630058
2017-09-30,0.007753880515776153,0.007753880515776153,0.00906143931035297,0.17264893253892075,0.0,0.0009,0.3046970789945207,-0.29520969709127093,-0.1539582452050791,-0.45659969524881455,0.15231258830395492,0.0,0.4565118507624651
2017-10-31,0.017269653331299255,0.017269653331299255,0.009645278270554725,0.015018236436011329,0.0,0.0009,0.3064684337872673,-0.3042337947531835,-0.1512850640798835,-0.44265522585956885,0.156256271239488,0.0,0.45271903299717986
2017-11-30,0.03004150277551895,0.03004150277551895,0.019164037216149454,0.9039261288003813,0.0,0.0008,-0.156784736937844,0.0,-0.4564868287567869,-0.3116364458222981,0.47064515302476423,0.15106772398287688,0.3332366372848068
2017-12-31,-0.0015028261791732497,-0.0015028261791732497,0.009201129183511458,0.5444754262773122,0.0,0.0009,0.0,0.2600354172662112,-0.5228634057366526,-0.33602739223155675,0.5029824266221242,0.24660703416109753,-0.15223690626039682
2018-01-31,-0.05031587728406102,-0.05031587728406102,0.03921029056158454,0.9084737945468846,0.0,0.0011,-0.17393791486563467,0.33740331143627283,-0.33778211462589997,-0.5151624410096755,0.171669859333335,0.0,0.4674934224475412
2018-02-28,0.0068717820435832975,0.0068717820435832975,-0.02834679728743905,1.6061957389493353,0.0,0.0011,0.0,-0.36042869571246083,-0.5238236411902792,0.349591490886663,0.5485039413334851,0.17435753855918115,-0.18132885183300593
2018-03-31,0.022179525374475748,0.022179525374475748,-0.00728771115939475,0.5537323227316259,0.0,0.0012,-0.18065299008001562,-0.5258547164164001,-0.37019683018108596,0.3639745317057544,0.5492802591352001,0.0,0.18562927121102304
2018-04-30,0.0014736301400217373,0.0014736301400217373,0.00014495789194790554,1.0158485149833507,0.0,0.0014000000000000002,0.19831304853925738,-0.6075553867601682,-0.4148488894684049,0.39379289532618683,0.0,0.6192605366287319,-0.18748857412558134
2018-05-31,0.010980125974708934,0.010980125974708934,-0.00011321096188876556,1.3931652215560018,0.0,0.0014000000000000002,0.40525959391112343,0.0,-0.5905195712722772,0.5716747750013638,-0.38994963038317126,-0.18751620966576618,0.20203116838343638
2018-06-30,0.04028400755299212,0.04028400755299212,-0.0011180551899069302,0.800226762525885,0.0,0.0014000000000000002,0.39844748004712993,0.0,-0.3937405482741317,0.6012328376648679,-0.1934810256455735,0.19804432163920485,-0.5702190578785054
2018-07-31,0.022073369667735175,0.022073369667735175,0.018197978960937222,0.41388255205062774,0.0,0.0016,0.20092763849263826,0.39493565400570896,-0.3914179830081619,0.6246063039073343,-0.19428999360595187,0.0,-0.6126882501238327
2018-08-31,0.053445423229131386,0.053445423229131386,0.007470467098558142,0.2620947860579226,0.0,0.0016,0.22118849064722082,0.4207240439833783,-0.6128543725795893,0.6412501047353627,-0.21430896026362128,0.0,-0.4025538832936198
2018-09-30,-0.0178940081609595,-0.0178940081609595,0.00017961234171837148,0.6376654774691259,0.0,0.0015,0.20707824674240627,0.4082230984183067,-0.4208245865577581,0.6240621063873792,-0.21353549565675806,-0.6228973774945356,0.0
2018-10-31,0.01648531175428683,0.01648531175428683,-0.05089088896166527,0.2237159304454408,0.0,0.0019,0.19081682516369636,0.3759775996614223,-0.3816851923021214,0.5914106535917433,0.0,-0.5658344670310609,-0.1942001073293928
2018-11-30,0.022246584488268623,0.022246584488268623,0.009277632377109324,0.6865684502898908,0.0,0.0018,0.4325205776463455,0.2146277655423819,-0.20831112640324473,0.6473877976352214,-0.5373278786833984,-0.5266505512490369,0.0
2018-12-31,0.019919489278862373,0.019919489278862373,-0.03862919025767331,0.32649726823011627,0.0,0.0019,0.38371734807122676,0.0,-0.2038148240873138,0.5996492854967407,-0.5857601357819686,-0.4039993607719668,0.23012717635214414
2019-01-31,0.006719362763083481,0.006719362763083481,0.05281229176722513,0.40410265288097236,0.0,0.0021,0.46074262909457475,0.22996574292633318,-0.1138638808539549,0.6755469569695292,-0.6819529532542673,-0.4522638304499514,-0.11145530166918013
2019-02-28,0.018022143570856245,0.018022143570856245,0.015450365544845024,0.5583233947340326,0.0,0.0018,0.6561418689903556,0.43936723365699804,-0.22012428736434442,0.22245858384243894,-0.6379611519891724,-0.44186010356541966,0.0
2019-03-31,0.008339284046534846,0.008339284046534846,0.013444374000768367,0.036988283905900116,0.0,0.0019,0.646936092065876,0.426214947214412,-0.21412411131313447,0.2159941619028759,-0.6411756887223907,-0.4255061171011039,0.0
2019-04-30,-0.011973839570631709,-0.011973839570631709,0.020777573931244575,0.4328052358553426,0.0,0.0021,0.6660420699051268,0.4337305202303878,-0.4384786187728721,0.21796811041213007,-0.21518823606320567,-0.6760476852821987,0.0
2019-05-31,-0.07792229169016023,-0.07792229169016023,-0.029996475949694235,1.9737823565542674,0.0,0.0021,0.6068426807482498,-0.4326791455135911,0.4070614427356217,-0.6480164126964523,0.2077579375913453,0.0,-0.21888879455533358
2019-06-30,-0.03345741053173507,-0.03345741053173507,0.04999135496314566,0.8647096546668337,0.0,0.0018,0.6343295996106321,-0.20730320332583949,0.0,-0.6327292312532811,0.20567782345162217,-0.42775412389524264,0.39432172488037387
2019-07-31,0.010049234869204109,0.010049234869204109,0.0015678813367745459,1.2510578532084957,0.0,0.0019,0.5809283726602124,0.38630323885935064,0.0,-0.5692685523642839,-0.38352454050650303,0.18707144800409317,-0.19146073178366513
2019-08-31,-0.03236281257020387,-0.03236281257020387,-0.002773893700075858,0.3973900514997642,0.0,0.0016,0.5682648865150967,0.0,0.36664637594987526,-0.5773909677288269,-0.38028716981008426,0.18834688625470686,-0.1979428237509715
2019-09-30,0.03058474558926903,0.03058474558926903,0.00862274153863729,0.5638737886954205,0.0,0.0018,0.3949847724789585,0.0,0.2025815089204317,-0.5893784683937662,-0.20301290560751414,0.6033650427911412,-0.37795520459998205
2019-10-31,-0.016119150010139482,-0.016119150010139482,0.018173240003715785,0.22187873861178214,0.0,0.0015,0.5834639872705054,0.0,0.19712520332262018,-0.5880035304155311,-0.2008091625308939,0.39607254322314317,-0.4039681908799833
2019-11-30,0.06719193038387013,0.06719193038387013,0.013750309234619396,0.9560504030787972,0.0,0.0012,0.0,-0.19314108746433856,0.19350963329202492,-0.3864506624133491,0.3823908277839524,0.5792575877086399,-0.5083743685230594
2019-12-31,-0.006364445973186179,-0.006364445973186179,0.020515276085801615,0.23079688728567033,0.0,0.0014000000000000002,0.0,-0.17928644111378012,0.18669360908745458,-0.37114202704376226,0.5441915622415573,0.36473860759512783,-0.5515597567397835
2020-01-31,-0.013262385970629662,-0.013262385970629662,0.001923143953016515,0.377562163644301,0.0,0.0013,0.0,-0.3559008099297985,0.16970463679962136,-0.17846463155695347,0.3472867482433399,0.5129011483008469,-0.5087894778276858
2020-02-29,-0.10125983964983509,-0.10125983964983509,-0.0506886868571228,0.8140711535709437,0.0,0.0012,0.0,-0.17213525949787478,0.3390213903940651,0.17765811798611417,-0.34697386685149,0.5255264867776067,-0.6243567084582563
2020-03-31,-0.11711246697459121,-0.11711246697459121,-0.08414931867719855,0.5994111169901156,0.0,0.0012,-0.13525749422585137,0.1167890129301191,0.39165859934856373,0.0,-0.29388351905771076,0.2631008480619344,-0.45951991403164627
2020-04-30,0.006822465721661022,0.006822465721661022,0.0697126065172946,0.11684440193381468,0.0,0.0,-0.13474134740218513,0.13830412450276097,0.37927380895977003,0.0,-0.24922689910942739,0.24997102622490133,-0.3767582474541588
2020-05-31,-0.029338673770104184,-0.029338673770104184,0.030710140853440704,0.8660501544197461,0.0,0.0001,-0.12588091767426815,0.3171867392326898,0.0,0.3081027302265546,0.12773058278440674,-0.2571772341158632,-0.39930057422362397
2020-06-30,-0.0024553127206393306,-0.0024553127206393306,0.019168911234368036,0.10738568522139051,0.0,0.0001,-0.11968590562247253,0.2515900214720236,0.0,0.36550908349589667,0.117631561271276,-0.2538800142680951,-0.3636200590692679
2020-07-31,0.011370251050225289,0.011370251050225289,0.043781175312144205,0.2582179195003924,0.0,0.0001,0.0,0.12420044905311232,-0.12162523987264975,0.373439576444652,0.2348563218106758,-0.24864932438171852,-0.3508515320038465
2020-08-31,-0.0022587690764457047,-0.0022587690764457047,0.04069283072625751,0.7254854646862049,0.0,0.0001,-0.1289805105153902,0.12762416895550843,-0.3732814977782785,0.2471888394323885,0.0,-0.249999692112991,0.37518992294231707
2020-09-30,0.04649737496451882,0.04649737496451882,-0.022758643181454152,0.006004810425116219,0.0,0.0001,-0.11979426093144385,0.11662395907433853,-0.35547035757714784,0.2456948784523535,0.0,-0.24030027166494747,0.399743427611366
2020-10-31,0.04361540278366284,0.04361540278366284,-0.020080974124981332,0.039712503740645375,0.0,0.0001,-0.11348400274922514,0.11577687680169332,-0.3337145831237262,0.21929894287258594,0.0,-0.2144884136634592,0.3702265826457941
2020-11-30,-0.05455538782579524,-0.05455538782579524,0.0868150094360649,0.2429435430993662,0.0,0.0001,0.0,0.12853295762565906,-0.38728572669870887,0.2467201889062421,-0.24779794702862956,-0.13450460844459233,0.33977974781423437
2020-12-31,-0.010669804186137383,-0.010669804186137383,0.03274153850777162,0.11411890518222642,0.0,0.0001,0.0,0.11075630389781424,-0.32992729292072825,0.21987519906860087,-0.21789850766481816,-0.10953719588965045,0.3160616893226444
2021-01-31,-0.01341154807400841,-0.01341154807400841,-0.010730473811064067,0.019977787404988283,0.0,0.0,0.0,0.10470748833517973,-0.31438243027075863,0.20653416127326713,-0.20770808070347516,-0.10188669983159254,0.29932401312337104
2021-02-28,-0.010004067195407949,-0.010004067195407949,0.009075558981538112,0.4300532844998417,0.0,0.0,-0.21694782881732405,0.10803857480615661,-0.32603546543141554,0.0,0.2153800072225294,-0.10956241204512808,0.3191230570697737
2021-03-31,-0.002769554575454622,-0.002769554575454622,0.016089199073018756,0.11621720929280546,0.0,0.0,-0.22194659867633545,0.0,-0.32986569988525233,0.1090703606451158,0.2154100409301193,-0.11193729788139918,0.33649964029229723
2021-04-30,-0.04071117040784463,-0.04071117040784463,0.03584719411672821,0.022692946932437723,0.0,0.0,-0.22434895791802967,0.0,-0.33291193999866836,0.11082749628044249,0.20998191822831813,-0.11121410102707771,0.3069544140271705
2021-05-31,-0.047149386290487094,-0.047149386290487094,0.013122096765466162,0.34116499971268294,0.0,0.0,-0.20933496576054184,-0.10677785812258507,-0.3243619828189808,0.0,0.1052730378669654,0.2165129657156086,0.27153941682904664
2021-06-30,-0.00792217303307168,-0.00792217303307168,0.007374803812440822,0.1407730561914293,0.0,0.0,-0.2092798242775504,0.0,-0.29942602580764954,-0.10433873982942071,0.10172541710887104,0.20007175392902216,0.3033252458436558
2021-07-31,0.006828275836982934,0.006828275836982934,0.01760951100907282,0.011857256038953018,0.0,0.0,-0.20970182313238717,0.0,-0.3089061042688199,-0.10614610806088041,0.10162656146839254,0.20669764058593582,0.3232581092447421
2021-08-31,-0.003570086787962624,-0.003570086787962624,0.01595749429376836,0.829678857626381,0.0,0.0,0.0,-0.1043308427404567,0.30938355083886326,-0.20770139689645836,0.10534395456741134,0.2084043465698959,-0.31466969912721804
2021-09-30,0.018374839286424905,0.018374839286424905,-0.03557635104270762,0.11287022625643732,0.0,0.0,-0.09758333876840887,0.0,0.30118725439301713,-0.18814327132575337,0.10528945166837421,0.1957715174643118,-0.298146774145116
2021-10-31,-0.0038535896621085513,-0.0038535896621085513,0.03874738575279579,0.20635308379275036,0.0,0.0,0.0,-0.2122562276389783,0.31774193579775933,-0.10843783142675024,0.09786163955042868,0.21314183227185846,-0.31190493821642645
2021-11-30,-0.0029780895721684512,-0.0029780895721684512,-0.01559509742998444,0.328733756841906,0.0,0.0,-0.2027117110896205,-0.09583265410485836,0.2910184265018621,0.0,0.195875471806655,0.09624512391595771,-0.2875727466021644
2021-12-31,0.0188320578409002,0.0188320578409002,0.028800877524167934,0.2536730104458841,0.0,0.0001,-0.11263957912078149,-0.22771364498831273,0.3445140280269961,0.11497292576329003,0.22297640528736992,0.0,-0.3232780771276616
2022-01-31,0.02017434850478441,0.02017434850478441,-0.043852140977422516,0.24339774198706615,0.0,0.0,-0.20004797142514746,0.0,0.31783004912642177,0.09863684821151608,0.20150759714329172,-0.1012423227469812,-0.2965098518043165
2022-02-28,0.002033113492592444,0.002033113492592444,-0.02079213272012881,0.4195411364917578,0.0,0.0,-0.10027247928748863,0.0,0.31072707824408186,0.20453196398934334,-0.20601934962052235,0.09788706979004733,-0.30482116962286915
2022-03-31,-0.0031180890734295967,-0.0031180890734295967,0.010114456018452511,0.04574481329216048,0.0,0.0,-0.11394423236369813,0.0,0.3273790227485835,0.22486797397593844,-0.216515990543387,0.1079162183065691,-0.3328210811974355
2022-04-30,-0.04471713440222231,-0.04471713440222231,-0.07606797032109003,0.13719485241414103,0.0,0.0,-0.12130186783996622,0.0,0.38378199014005404,0.2537851720709806,-0.24164840448299432,0.12386430415624525,-0.44319832844654167
2022-05-31,0.03405888062429535,0.03405888062429535,0.0009053489228965095,0.2861677411222429,0.0,0.0003,-0.2569739448268051,-0.12677392263210374,0.3901256938051665,0.24983906877277867,0.0,0.13227518237916921,-0.35443319687391023
2022-06-30,-0.024178313207168105,-0.024178313207168105,-0.0708560470815901,0.02487021745820432,0.0,0.0006,-0.2310895755550222,-0.11049213531257208,0.34537209117887874,0.23372163102201135,0.0,0.1125043373093818,-0.3741946618498457
2022-07-31,0.015902761351193805,0.015902761351193805,0.06156683195731194,0.15694906633842462,0.0,0.0008,-0.2719214753017227,-0.13360696751306544,0.38715206012091774,0.2608051885801198,0.13139613080585408,0.0,-0.35792217534090964
2022-08-31,-0.0237685055990213,-0.0237685055990213,-0.04197742287120676,1.0197730602968242,0.0,0.0019,-0.11886779955139844,0.0,-0.3515601836918409,0.23601755391235515,0.12086014997205166,-0.23284864675227052,0.32263042051208174
2022-09-30,0.08978368682293239,0.08978368682293239,-0.08077716558181447,0.04618469912953061,0.0,0.0019,-0.1114070615835843,0.0,-0.33441694506223923,0.23020231567222582,0.11141959144168165,-0.2259068864902661,0.41989267284511456
2022-10-31,-0.024848049050586046,-0.024848049050586046,0.049684400896506276,0.339640147745293,0.0,0.0023,-0.11612807832461125,0.2840048919008705,-0.3422339582900351,0.0,0.11001674660461364,-0.23743793683071973,0.2769302858892959
2022-11-30,-0.013984860785180787,-0.013984860785180787,0.0632949274687189,0.17839518507521523,0.0,0.0029,0.0,0.37234903053408264,-0.37063769498817684,-0.1204450179531963,0.12225476824749311,-0.2537303032010017,0.23622435657561833
2022-12-31,-0.012208452329817052,-0.012208452329817052,-0.03118080742051177,0.026209650197993928,0.0,0.0033,0.0,0.3490201382909941,-0.3550611845229752,-0.11804326583176646,0.12049082998940785,-0.23536815021001536,0.22675317995453798
2023-01-31,-0.01522811911335455,-0.01522811911335455,0.06015744663361566,0.012329833937327318,0.0,0.0034999999999999996,0.0,0.3913732586650461,-0.37703665314002466,-0.12551867233267114,0.12489123536757059,-0.26568804746121055,0.23675075978793517
2023-02-28,-0.012352899313944767,-0.012352899313944767,-0.02624766754254282,0.2801528953927771,0.0,0.0034000000000000002,0.0,0.1103475232270769,-0.3550246078361834,-0.11447554496540352,0.23010043288020238,-0.236230638709571,0.3529299360899339
2023-03-31,-0.02239386266501799,-0.02239386266501799,0.03336744682092352,0.12346743898256299,0.0,0.0036,0.12257443440750622,0.0,-0.3535872891730666,-0.1230046336161746,0.24686200476809628,-0.24810071440564524,0.3328623353542659
2023-04-30,-0.01449168140632915,-0.01449168140632915,0.01425795331698132,0.25805893610060526,0.0,0.0034999999999999996,0.23838234265755912,-0.11835976521362877,-0.37025980331717495,0.0,0.11800800566616769,-0.24231333054533147,0.36005086934607927
2023-05-31,0.06400690099899832,0.06400690099899832,-0.012549907078993505,0.24792106003689263,0.0,0.0036,0.3689891421023103,0.0,-0.34433137417613247,-0.1178574909223733,0.12368225415317174,-0.23146215411318763,0.26498652395520966
2023-06-30,-0.019670678097426685,-0.019670678097426685,0.044724939594467994,0.03200345049949917,0.0,0.004,0.3796936892574614,0.0,-0.37135777454363245,-0.12266364439651625,0.12453378641947178,-0.2556887480035476,0.22581201316933644
2023-07-31,-0.007727469518625168,-0.007727469518625168,0.026140863029842087,0.15471774339092498,0.0,0.0045000000000000005,0.3650085634747221,0.0,-0.3660079158933808,-0.24377748301733201,0.12222943679281371,-0.12116490621750371,0.2359848353420555
2023-08-31,0.005522320106516352,0.005522320106516352,-0.02106004274647133,0.3121089694069055,0.0,0.0045000000000000005,0.23356271097359615,-0.17026316052182777,-0.3421709607102775,-0.1729023607661493,0.11673183155467745,0.0,0.3405642595764974
2023-09-30,-0.0016513829522969512,-0.0016513829522969512,-0.04014523288222893,0.07612986462655613,0.0,0.0043,0.2241153117735536,-0.22795382756906007,-0.34880171421019823,-0.11252099716733696,0.11584003537385074,0.0,0.34766980884689397
2023-10-31,0.017753996651269706,0.017753996651269706,-0.024304907831817157,0.25330381831794935,0.0,0.004699999999999999,0.23292200816610373,-0.1126654751985847,-0.34110558583911593,-0.22711805672067537,0.0,0.11574739588075367,0.3499737103627883
2023-11-30,-0.025273121828940395,-0.025273121828940395,0.08269054417887656,0.5846934557752719,0.0,0.0044,0.38709075115075675,-0.38823186562491524,0.0,-0.129179219147915,-0.2559380640462831,0.13193651667439726,0.22904875916501893
2023-12-31,-0.02096256256155657,-0.02096256256155657,0.047599352723756816,0.06449932589410197,0.0,0.0043,0.3649568619737028,-0.3887502627642265,0.0,-0.12452202178182943,-0.24512998181582982,0.1217729193882173,0.25070992243840906
2024-01-31,0.010344607039151368,0.010344607039151368,0.005434845987593251,0.04641134859576484,0.0,0.004699999999999999,0.35442974832922813,-0.34102655873546134,0.0,-0.11627262358134008,-0.2428494404162962,0.11773588381062638,0.23832759763239444
2024-02-29,0.038212368009997257,0.038212368009997257,0.029389424394766772,0.2489515895768386,0.0,0.0042,0.3718141343635331,-0.3501647707246462,0.0,-0.23162027101669638,-0.12117409495391405,0.24701604593879933,0.12234132440292145
2024-03-31,-0.001362033235330275,-0.001362033235330275,0.026225860369299747,0.03960747616463254,0.0,0.0043,0.3505480243561542,-0.3530698756331839,0.0,-0.23018293794530326,-0.11749738042649066,0.23659727303791342,0.11224286337557995
2024-04-30,0.006199251218350164,0.006199251218350164,-0.03427256211644758,0.35390765743099084,0.0,0.004699999999999999,0.32575888538377457,-0.10943282821966673,0.0,-0.32452685397772746,-0.2168357642070596,0.10922764295614436,0.222008169282885
2024-05-31,-0.0019014824938740679,-0.0019014824938740679,0.037451525525697305,0.5733952327438125,0.0,0.0044,0.12366841096518523,-0.12167726391243942,0.366972747426414,-0.256658289996201,-0.3588652387768041,0.24465815179997125,0.0
2024-06-30,-0.007574723187835888,-0.007574723187835888,0.016016917162647637,0.1346935548074875,0.0,0.0040999999999999995,0.1249783402835774,0.0,0.3563532947836721,-0.24304427705273599,-0.3605409863129359,0.23502226925599556,-0.12034336414540912
2024-07-31,-0.043408089657915316,-0.043408089657915316,0.02022608987075425,0.0195128411104565,0.0,0.0045000000000000005,0.12374782605235497,0.0,0.3811294459710551,-0.2574909274872979,-0.39211872831238453,0.24659443170290718,-0.14527013758455012
2024-08-31,0.037211045971183535,0.037211045971183535,0.025969282459610055,0.5096964147475548,0.0,0.0048,0.0,-0.12213574201565887,0.36371890994761985,0.12341636727959576,-0.2363261214606462,0.24529179585199729,-0.33675416363172433
2024-09-30,-0.00025325151742936424,-0.00025325151742936424,0.01825555584492733,0.24666014447250373,0.0,0.004,-0.11730603282961863,0.0,0.3471725008653989,0.11367904257661154,-0.3480678520986829,0.23431868924156088,-0.23004959927269916
2024-10-31,-0.047677656716984734,-0.047677656716984734,-0.022894609071048344,0.23922035178407647,0.0,0.0039000000000000003,-0.14470222536448304,0.0,0.4138257091768376,0.13829347313652587,-0.2806816759379466,0.27456933793279903,-0.4489822756607176
2024-11-30,-0.008742481162005544,-0.008742481162005544,0.03678141774409904,0.02899850817851149,0.0,0.004,-0.15071612801595324,0.0,0.43370196845571135,0.13985809794779774,-0.2890793525682019,0.27712651389727716,-0.41963358087863667
2024-12-31,-0.017973355427377758,-0.017973355427377758,-0.025150331305122453,0.018439628158077453,0.0,0.0037,-0.13928718183984085,0.0,0.41555829100916597,0.13766053455818758,-0.28423419137060774,0.2846146776421579,-0.4322854854264407
2025-01-31,0.04813562973302671,0.04813562973302671,0.029060556762169565,0.015302104983374323,0.0,0.0037,-0.14645311210801704,0.0,0.4527213890846474,0.15533130849502835,-0.29145322650313854,0.31140551066056643,-0.4334162398960599
2025-02-28,0.015956779700974498,0.015956779700974498,-0.0025954986908064415,0.4757432928331162,0.0,0.0033,-0.268511122510542,0.2590640266620754,0.4204601081341454,0.07091979314815598,-0.13479223131847748,0.07027293307208553,-0.4014567274864684
2025-03-31,-0.004883510077813414,-0.004883510077813414,-0.03333767823768108,0.08327732503095196,0.0,0.0034000000000000002,-0.25388966485223774,0.2615226697902382,0.4057551905811547,0.13452330011789504,-0.13617412588812614,0.0,-0.4166208798267375
2025-04-30,-0.00017992606922435624,-0.00017992606922435624,0.014553129707437495,0.5401584886413648,0.0,0.0034999999999999996,-0.13584523048752814,0.0,0.42007309123581593,0.2859108763791964,-0.4336418753215452,0.14209062821491616,-0.27876741609007955
2025-05-31,-0.008955660639525439,-0.008955660639525439,0.045231751092217776,0.5636688377098172,0.0,0.0038,-0.2936841993294666,0.1447167877143654,0.2902136407571489,0.4214233457911464,-0.14436368277136827,0.0,-0.42726155280135125
2025-06-30,-0.032827244920719235,-0.032827244920719235,0.03827306369136396,0.7175691526323735,0.0,0.0034000000000000002,-0.5136068168733616,0.0,0.24934282701300323,0.49443776793616456,0.24958522632805802,-0.3349127891041576,-0.17767346022042585
2025-07-31,-0.025743457189850702,-0.025743457189850702,0.006737052399438559,0.26153387256240235,0.0,0.0034000000000000002,-0.49075770609310704,0.0,0.160636504953665,0.46729246540827507,0.31728600408066654,-0.15623486422225755,-0.3239658613170927
2025-08-31,0.01971594113255602,0.01971594113255602,0.02384049296070212,1.275118814297827,0.0,0.0038,-0.32193112969350235,0.49698952455755707,-0.49082936309541647,-0.16637767650654658,0.33880785701169835,0.16305672885876601,0.0
2025-09-30,-0.0009080552424158728,-0.0009080552424158728,0.027308758035071934,0.2044085664982235,0.0,0.0033,-0.32387661820506997,0.47008485661742605,-0.4760074693413453,0.0,0.32153341556562337,0.1626497900518445,-0.15529202993089447
2025-10-31,0.13207723166161162,0.13207723166161162,0.015762588192335114,0.015521182867775679,0.0,0.0037,-0.32012262162932276,0.46597109359132877,-0.47582547435896444,0.0,0.319359107926205,0.15735524439580748,-0.014660118263442382
